act_tag,speaker,pos,text
qy,A,"do/VBP you/PRP see/VB as/IN ,/, uh/UH ,/, the/DT changes/NNS that/WDT have/VBP occurred/VBN in/IN the/DT last/JJ MUMBLEx/XX ,/,","do you see as, {F uh, } the changes that have occurred in the last (( )) , - /"
sd,A,Beverly/NNP ./.,Beverly. /
sv,B,"I/PRP think/VBP one/CD of/IN the/DT thing/NN that/WDT I/PRP notice/VBP a/DT lot/NN ,/,","I think one of the thing that I notice a lot, - /"
sd,B,"I/PRP know/VBP it/PRP 's/BES touching/VBG social/JJ changes/NNS ,/,","I know it's touching social changes, /"
sd,B,"but/CC ,/, uh/UH ,/, to/IN me/PRP what/WP becomes/VBZ socially/RB acceptable/JJ ,/,","{C but, } {F uh, } to me what becomes socially acceptable, - /"
sd,B,"and/CC I/PRP ,/, I/PRP do/VBP n't/RB know/VB if/IN it/PRP 's/BES a/DT factor/NN of/IN me/PRP growing/VBG older/RBR and/CC seeing/VBG things/NNS through/IN different/JJ eyes/NNS or/CC if/IN it/PRP 's/BES a/DT factor/NN of/IN our/PRP$ society/NN actually/RB moving/VBG in/IN that/DT direction/NN ,/,","{C and } [ I, + I ] don't know if it's a factor of me growing older and seeing things through different eyes or if it's a factor of our society actually moving in that direction, /"
sv,B,"but/CC I/PRP notice/VBP things/NNS on/IN T/NN V/NN being/VBG more/JJR ,/, um/UH ,/, open/JJ ,/, more/JJR I/PRP believe/VBP ,/, uh/UH ,/,","{C but } I notice things on T V being [ more, + {F um, } open, more ] I believe, {F uh, } /"
sd,B,"they/PRP portray/VBP things/NNS on/IN T/NN V/NN obviously/RB that/WDT they/PRP never/RB would/MD have/VB years/NNS ago/RB ,/,","they portray things on T V obviously that they never would have years ago, /"
sd,B,"and/CC ,/, you/PRP know/VBP ,/, and/CC specifically/RB ,/, nudity/NN ,/, things/NNS like/IN that/DT ,/, uh/UH ,/,","[ {C and, } + {D you know, } {C and } ] specifically, nudity, things like that, {F uh, } /"
h,B,"I/PRP do/VBP n't/RB know/VB ,/,","I don't know, /"
sv,B,"I/PRP ,/, I/PRP 've/VBP said/VBN several/JJ times/NNS to/IN my/PRP$ husband/NN that/IN I/PRP feel/VBP like/IN gee/UH ,/, in/IN ten/CD years/NNS they/PRP 'll/MD have/VB just/RB full/JJ nudity/NN on/IN T/NN V/NN","[ I, + I've ] said several times to my husband that I feel like gee, in ten years they'll have just full nudity on T V /"
sv,B,"and/CC nobody/NN will/MD think/VB anything/NN of/IN it/PRP ,/,","{C and } nobody will think anything of it, /"
sv,B,and/CC to/IN me/PRP that/DT 's/BES surprising/JJ ./.,{C and } to me that's surprising. /
sv,B,"To/IN me/PRP ,/, that/DT 's/BES ,/, that/DT 's/BES a/DT big/JJ change/NN to/TO accept/VB it/PRP ,/,","To me, [ that's, + that's ] a big change to accept it, /"
sv,B,"and/CC it/PRP comes/VBZ across/RB ,/, I/PRP think/VBP subtly/RB ,/, you/PRP know/VBP ,/, a/DT little/JJ at/IN a/DT time/NN ,/, to/IN where/WRB you/PRP get/VBP so/RB used/VBN to/TO seeing/VBG a/DT little/JJ change/NN ,/, that/WDT ,/, you/PRP know/VBP ,/, when/WRB they/PRP go/VBP one/CD step/NN further/RBR ,/, you/PRP do/VBP n't/RB notice/VB it/PRP that/RB much/RB ./.","{C and } it comes across, I think subtly, {D you know, } a little at a time, to where you get so used to seeing a little change, that, {D you know, } when they go one step further, you don't notice it that much. /"
sd,B,That/DT 's/BES one/CD of/IN the/DT biggest/JJS ones/NNS I/PRP 've/VBP seen/VBN ./.,That's one of the biggest ones I've seen. /
aa,A,"Huh/UH ,/,","Huh, /"
aa,A,"yeah/UH ,/,","yeah, /"
aa,A,that/DT 's/BES a/DT big/JJ one/CD ./.,that's a big one. /
qo,B,What/WP about/IN you/PRP ?/.,What about you? /
sv,A,"Well/UH ,/, I/PRP think/VBP that/DT society/NN has/VBZ come/VBN to/IN a/DT point/NN where/WRB they/PRP 're/VBP not/RB responsible/JJ for/IN any/DT of/IN their/PRP$ actions/NNS ./.","{D Well, } I think that society has come to a point where they're not responsible for any of their actions. /"
sv,A,"Somebody/NN else/RB ,/, uh/UH ,/, made/VBD them/PRP do/VB it/PRP ./.","Somebody else, {F uh, } made them do it. /"
sv,A,"Uh/UH ,/, that/DT 's/BES what/WP I/PRP seem/VBP to/TO see/VB a/DT lot/NN of/IN ,/, that/IN ,/, uh/UH ,/, no/DT one/CD is/VBZ willing/VBG to/TO take/VB responsibility/NN for/IN their/PRP$ life/NN and/CC their/PRP$ choices/NNS ./.","{F Uh, } that's what I seem to see a lot of, that, {F uh, } no one is willing to take responsibility for their life and their choices. /"
sv,A,"It/PRP 's/BES rather/RB ,/, sue/VB these/DT guys/NNS because/IN they/PRP made/VBD a/DT foo-/XX ,/, uh/UH ,/, a/DT seat/NN belt/NN that/WDT did/VBD n't/RB work/VB right/RB","It's rather, sue these guys because they made [ a foo-, + {F uh, } a ] seat belt that didn't work right /"
sv,A,or/CC --/:,{C or } --
b,B,Uh-huh/UH ./.,Uh-huh. /
+,A,"--/: uh/UH ,/, that/DT 's/BES what/WP I/PRP think/VBP is/VBZ a/DT big/JJ one/CD ./.","-- {F uh, } that's what I think is a big one. /"
aa,B,"I/PRP tend/VBP to/TO agree/VB with/IN you/PRP ,/,","I tend to agree with you, /"
sv,B,and/CC I/PRP think/VBP there/EX 's/BES a/DT lot/NN of/IN that/DT ./.,{C and } I think there's a lot of that. /
%,B,"Um/UH ,/, yeah/UH ,/,","{F Um, } yeah, /"
sv,B,we/PRP have/VBP become/VBN lawsuit/NN happy/JJ ./.,we have become lawsuit happy. /
sv,B,"Any/DT little/JJ thing/NN ,/, it/PRP 's/BES like/IN let/NN 's/PRP see/VB what/WP I/PRP can/MD get/VB ./.","Any little thing, it's like let's see what I can get. /"
sv,B,"Do/VBP n't/RB you/PRP think/VB that/IN maybe/RB a/DT lot/NN of/IN that/DT came/VBD from/IN ,/, um/UH ,/, oh/UH ,/, you/PRP know/VBP ,/, the/DT ,/, the/DT ,/, the/DT era/NN we/PRP went/VBD through/IN that/WDT was/VBD like/IN ,/, you/PRP know/VBP ,/, hey/UH if/IN it/PRP makes/VBZ you/PRP happy/JJ ,/, do/VB it/PRP ./.","Don't you think that maybe a lot of that came from, {F um, } {F oh, } {D you know, } [ [ the, + the, ] + the ] era we went through that was like, {D you know, } hey if it makes you happy, do it. /"
sv,B,"You/PRP know/VBP ,/, kind/NN of/IN like/IN ,/, disregard/NN to/IN others/NNS ,/,","{D You know, } kind of like, disregard to others, /"
^q,B,"do/VBP what/WP makes/VBZ you/PRP happy/JJ ,/,","do what makes you happy, /"
%,B,"and/CC ,/, and/CC yes/UH ,/,","[ {C and, } + {C and } ] yes, /"
sv,B,"we/PRP should/MD take/VB care/NN of/IN ourselves/PRP ,/, you/PRP know/VBP ,/,","we should take care of ourselves, {D you know, } /"
sv,B,"and/CC we/PRP should/MD see/VB to/IN our/PRP$ own/JJ lives/NNS ,/, but/CC not/RB to/IN a/DT total/JJ disregard/NN of/IN others/NNS ./.","{C and } we should see to our own lives, but not to a total disregard of others. /"
h,B,"Um/UH ,/, I/PRP do/VBP n't/RB know/VB ,/,","{F Um, } I don't know, /"
sv,B,I/PRP think/VBP it/PRP 's/HVS come/VBN to/IN that/DT a/DT lot/NN ./.,I think it's come to that a lot. /
sd,B,I/PRP see/VBP it/PRP a/DT lot/NN in/IN my/PRP$ daughter/NN ./.,I see it a lot in my daughter. /
sd,B,I/PRP have/VBP a/DT four/CD year/NN old/JJ ./.,I have a four year old. /
b,A,Uh-huh/UH ./.,Uh-huh. /
sd,B,"And/CC hers/PRP is/VBZ n't/RB a/DT social/JJ thing/NN as/RB much/JJ as/IN it/PRP 's/BES a/DT stage/NN they/PRP go/VBP through/IN ,/,","{C And } hers isn't a social thing as much as it's a stage they go through, /"
sd,B,"but/CC whenever/WRB something/NN happens/VBZ it/PRP 's/BES ,/, you/PRP made/VBD me/PRP hit/VB that/DT ,/,","{C but } whenever something happens it's, you made me hit that, /"
^q,B,"you/PRP made/VBD me/PRP do/VB this/DT ,/,","you made me do this, /"
sd,B,"and/CC so/RB I/PRP try/VBP to/TO tell/VB her/PRP$ ,/, MUMBLEx/XX ,/, everything/NN is/VBZ n't/RB always/RB somebody/NN else/RB 's/POS fault/NN ./.","{C and so } I try to tell her, (( )) , everything isn't always somebody else's fault. /"
sv,B,"You/PRP know/VBP ,/, you/PRP have/VBP to/TO watch/VB where/WRB you/PRP 're/VBP going/VBG ,/,","{D You know, } you have to watch where you're going <laughter>, /"
sd,B,and/CC --/:,[ {C and } + --
b,A,Sure/UH ./.,Sure. /
+,B,"--/: and/CC so/RB it/PRP 's/BES what/WP you/PRP just/RB said/VBD ,/, kind/RB of/RB hits/VBZ home/RB to/IN me/PRP ,/, just/RB through/IN her/PRP$ ./.","-- {C and so } ] it's what you just said, kind of hits home to me, just through her. /"
b,A,"Yeah/UH ,/,","Yeah, /"
sv,A,"and/CC ,/, another/DT thing/NN I/PRP think/VBP has/VBZ changed/VBN quite/RB a/DT bit/NN is/VBZ ,/, uh/UH ,/, the/DT roles/NNS that/WDT men/NNS and/CC women/NNS play/VBP ./.","{C and, } another thing I think has changed quite a bit is, {F uh, } the roles that men and women play. /"
sd,A,That/DT 's/BES really/RB in/IN the/DT last/JJ thirty/CD years/NNS has/VBZ changed/VBN significantly/RB ./.,That's really in the last thirty years has changed significantly. /
qy,B,"Um/UH ,/, in/IN your/PRP$ opinion/NN ,/, good/JJ or/CC bad/JJ ,/, or/CC both/DT ?/.","{F Um, } in your opinion, good or bad, or both? /"
sd,A,"Well/UH ,/, both/DT ,/, you/PRP know/VBP ,/,","{D Well, } both, {D you know, } /"
sd,A,"there/EX 's/BES some/DT great/JJ things/NNS that/WDT ,/, uh/UH ,/, have/VBP come/VBN about/RB with/IN more/JJR equality/NN ,/,","there's some great things that, {F uh, } have come about with more equality, /"
sv,A,"but/CC I/PRP think/VBP that/IN also/RB ,/,","{C but } I think that also, - /"
sv,A,"I/PRP do/VBP n't/RB know/VB what/WP 's/BES causing/VBG society/NN to/TO have/VB so/RB many/RB broken/JJ families/NNS and/CC things/NNS like/IN that/DT ,/, because/IN I/PRP think/VBP that/DT 's/BES bad/JJ for/IN us/PRP ./.","I don't know what's causing society to have so many broken families and things like that, because I think that's bad for us. /"
aa,B,I/PRP do/VBP too/RB ./.,I do too. /
sv,B,"I/PRP think/VBP part/NN of/IN that/DT ,/,","I think part of that, - /"
h,B,"I/PRP do/VBP n't/RB know/VB ,/,","I don't know, /"
sv,B,"I/PRP think/VBP the/DT role/NN of/IN women/NNS changing/VBG has/VBZ been/VBN good/JJ in/IN that/DT women/NNS are/VBP feeling/VBG like/IN ,/, in/IN terms/NNS of/IN their/PRP$ self/NN confid-/NN ,/, confidence/NN ,/, their/PRP$ self/NN worth/JJ ,/, you/PRP know/VBP ,/, I/PRP can/MD do/VB something/NN ,/,","I think the role of women changing has been good in that women are feeling {D like, } in terms of their self [ confid-, + confidence, ] their self worth, {D you know, } I can do something, /"
^q,B,"I/PRP can/MD be/VB somebody/NN ,/, you/PRP know/VBP ,/,","I can be somebody, {D you know, } /"
^q,B,"if/IN I/PRP put/VBP my/PRP$ mind/NN to/IN it/PRP ,/, I/PRP can/MD accomplish/VB things/NNS too/RB ./.","if I put my mind to it, I can accomplish things too. /"
sv,B,"And/CC I/PRP think/VBP that/DT 's/BES good/JJ ,/,","{C And } I think that's good, /"
sv,B,"but/CC ,/, um/UH ,/, I/PRP think/VBP when/WRB you/PRP push/VBP ,/, you/PRP know/VBP ,/, maybe/RB I/PRP think/VBP when/WRB that/DT was/VBD first/JJ trying/VBG come/VB about/RB with/IN ,/, you/PRP know/VBP ,/, what/WP we/PRP know/VBP as/IN the/DT women/NNS 's/POS lib/NN movement/NN --/:","{C but, } {F um, } [ I think when you push, + {D you know, } maybe I think when ] that was first trying come about with, {D you know, } what we know as the women's lib movement -- /"
b,A,Uh-huh/UH ./.,Uh-huh. /
sv,B,--/: I/PRP think/VBP it/PRP was/VBD too/RB extreme/JJ ./.,-- I think it was too extreme. /
sv,B,"Um/UH ,/, I/PRP think/VBP you/PRP can/MD be/VB feminine/JJ and/CC still/RB be/VB all/PDT those/DT other/JJ things/NNS too/RB ,/, you/PRP know/VBP ,/,","{F Um, } I think you can be feminine and still be all those other things too, {D you know, } /"
sv,B,"and/CC I/PRP think/VBP there/EX 's/BES definite/JJ roles/NNS ,/,","{C and } I think there's definite roles, /"
sv,B,"and/CC I/PRP think/VBP ,/, you/PRP know/VBP ,/, part/NN of/IN the/DT break/GW up/^NN of/IN the/DT family/NN ,/, maybe/RB it/PRP 's/BES because/IN of/IN the/DT ,/, the/DT ,/, the/DT social/JJ changes/NNS ,/,","{C and } I think, {D you know, } part of the break up of the family, maybe it's because of [ [ the, + the, ] + the ] social changes, /"
h,B,"I/PRP do/VBP n't/RB know/VB ,/,","I don't know, /"
sv,B,"the/DT fact/NN that/IN ,/, uh/UH ,/, during/IN their/PRP$ early/JJ changes/NNS where/WRB ,/, you/PRP know/VBP ,/, women/NNS did/VBD come/VBN more/RBR ,/, speak/VB ,/, maybe/RB speak/VB out/RP ,/, I/PRP was/VBD going/VBG to/TO say/VB ,/, come/VB more/RBR out/IN of/IN themselves/PRP ,/,","the fact that, {F uh, } during their early changes where, {D you know, } women did [ come more, + [ speak, + maybe speak ] out, {A I was going to say, } come more ] out of themselves, - /"
sv,B,"but/CC speak/VB out/RP ,/,","{C but } speak out, - /"
sv,B,I/PRP think/VBP a/DT lot/NN of/IN men/NNS were/VBD threatened/JJ by/IN that/DT ./.,I think a lot of men were threatened by that. /
sv,B,"I/PRP think/VBP now/RB less/JJR men/NNS are/VBP ,/, you/PRP know/VBP ,/, because/IN they/PRP 're/VBP used/VBN to/IN it/PRP ,/,","I think now less men are, {D you know, } because they're used to it, /"
sv,B,it/PRP 's/BES around/IN them/PRP ./.,it's around them. /
h,B,"Um/UH ,/, but/CC I/PRP ,/, I/PRP do/VBP n't/RB know/VB ,/,","{F Um, } {C but } [ I, + I ] don't know, /"
sd,B,"I/PRP ,/, I/PRP ,/, I/PRP do/VBP n't/RB know/VB why/WRB the/DT families/NNS are/VBP breaking/VBG up/RP ./.","[ [ I, + I, ] + I ] don't know why the families are breaking up. /"
sv,B,"I/PRP think/VBP that/DT may/MD go/VB back/RB to/IN what/WP you/PRP said/VBD a/DT minute/NN ago/RB about/IN people/NNS not/RB being/VBG responsible/JJ for/IN themselves/PRP or/CC their/PRP$ actions/NNS ,/, because/IN it/PRP 's/BES like/IN they/PRP do/VBP n't/RB go/VB into/IN the/DT marriage/NN with/IN a/DT commitment/NN that/IN this/DT is/VBZ going/VBG to/TO work/VB ./.","I think that may go back to what you said a minute ago about people not being responsible for themselves or their actions, because it's like they don't go into the marriage with a commitment that this is going to work. /"
sd,B,"They/PRP go/VBP in/RB and/CC say/VBP ,/, well/UH ,/, hey/UH ,/, you/PRP know/VBP ,/, I/PRP 'll/MD stick/VB with/IN it/PRP while/IN it/PRP 's/BES good/JJ ,/,","They go in and say, {D well, } hey, {D you know, } I'll stick with it while it's good, /"
^q,B,and/CC then/RB I/PRP 'll/MD get/VB out/RB ./.,{C and then } I'll get out. /
sv,B,"And/CC I/PRP ,/, I/PRP ,/, I/PRP think/VBP that/DT directly/RB affects/VBZ the/DT effort/NN that/WDT you/PRP put/VBP into/IN that/DT marriage/NN or/CC that/DT commitment/NN ./.","{C And } [ [ I, + I, ] + I ] think that directly affects the effort that you put into that marriage or that commitment. /"
aa,A,"Yeah/UH ,/,","Yeah, /"
aa,A,I/PRP would/MD agree/VB with/IN you/PRP ./.,I would agree with you. /
%,A,"Uh/UH ,/,","{F Uh, } -/"
