act_tag,speaker,pos,text
qy,B,"Well/UH ,/, do/VBP you/PRP exercise/VB regularly/RB ,/, Judy/NNP ?/.","{D Well, } do you exercise regularly, Judy? /"
na,A,"Um/UH ,/, I/PRP try/VBP to/TO ride/VB the/DT stationary/JJ bicycle/NN every/DT day/NN about/RB five/CD miles/NNS --/:","{F Um, } I try to ride the stationary bicycle every day about five miles -- /"
b,B,Uh-huh/UH,Uh-huh /
sd,A,"--/: and/CC I/PRP love/VBP to/TO walk/VB ,/,","-- {C and } I love to walk, /"
sd,A,"so/RB if/IN I/PRP have/VBP a/DT lunch/NN hour/NN with/IN nice/JJ weather/NN I/PRP get/VBP out/RB and/CC ,/, and/CC walk/VBP ./.","{C so } if I have a lunch hour with nice weather I get out [ and, + and ] walk. /"
qo,A,What/WP about/IN you/PRP ?/.,What about you? /
sd,B,"Well/UH ,/, um/UH ,/, I/PRP ,/, uh/UH ,/, exercise/NN regularly/RB ./.","{D Well, } {F um, } I, {F uh, } exercise regularly. /"
sd,B,"I/PRP work/VBP at/IN a/DT university/NN ,/,","I work at a university, /"
sd,B,and/CC I/PRP swim/VBP almost/RB every/DT day/NN --/:,{C and } I swim almost every day --
ba,A,"Uh/UH ,/, very/RB good/JJ ./.","{F Uh, } very good. /"
+,B,"--/: upwards/RB of/IN a/DT mile/NN ,/,","-- upwards of a mile, /"
sd,B,but/CC Washington/NNP is/VBZ one/CD of/IN my/PRP$ favorite/JJ places/NNS to/TO visit/VB ./.,{C but } Washington is one of my favorite places to visit. /
sd,B,"Uh/UH ,/, my/PRP$ daughter/NN lives/NNS in/IN Arlington/NNP ,/,","{F Uh, } my daughter lives in Arlington, /"
sd,B,"and/CC when/WRB I/PRP go/VBP to/TO visit/VB her/PRP$ ,/, I/PRP love/VBP to/TO get/VB out/IN on/IN that/DT bike/NN trail/NN ,/, and/CC either/DT ride/VB the/DT bike/NN ,/, oh/UH ,/,","{C and } when I go to visit her, I love to get out on that bike trail, and {C either } ride the bike, {F oh, } - /"
sd,B,"gosh/UH ,/, you/PRP can/MD ride/VB a/DT bike/NN practically/RB all/PDT the/DT way/NN to/IN Southern/NNP Virginia/NNP --/:","{D gosh, } you can ride a bike <laughter> practically all the way to Southern Virginia --"
b,A,Uh-huh/UH ./.,Uh-huh. /
+,B,"--/: or/CC just/RB get/VB out/RB and/CC walk/VB ,/, uh/UH ,/, or/CC even/RB jog/VB a/DT little/JJ ,/, although/IN I/PRP do/VBP n't/RB do/VB that/DT regularly/RB ./.","-- or just get out and walk, {F uh, } or even jog a little, although I don't do that regularly. /"
b,A,Uh-huh/UH ./.,Uh-huh. /
sd,B,But/CC Washington/NNP 's/BES a/DT great/JJ place/NN to/TO do/VB that/DT ./.,{C But } Washington's a great place to do that. /
b,A,"Yeah/UH ,/,","Yeah, /"
sd,A,"there/EX are/VBP ,/, there/EX are/VBP lots/NNS of/IN bike/NN paths/NNS ./.","[ there are, + there are ] lots of bike paths. /"
sd,A,"I/PRP know/VBP ,/, my/PRP$ son/NN is/VBZ a/DT biker/NN","I know, my son is a biker /"
sd,A,"and/CC he/PRP ,/, he/PRP 's/HVS done/VBN the/DT whole/JJ MUMBLEx/XX canal/NN ,/, I/PRP think/VBP it/PRP 's/BES a/DT hundred/CD and/CC eighty/CD miles/NNS ,/, with/IN the/DT scouts/NNS ./.","{C and } [ he, + he's ] done the whole (( )) canal, I think it's a hundred and eighty miles, with the scouts. /"
b,B,Uh-huh/UH ./.,Uh-huh. /
sd,A,"And/CC so/RB ,/, but/CC that/DT somehow/RB takes/VBZ ,/,","[ {C And so, } + {C but } ] that somehow takes,"
x,B,,<Cough>.
+,A,organization/NN ./.,organization. /
sd,A,"For/IN me/PRP ,/, it/PRP 's/BES much/RB easier/JJR just/RB the/DT stationary/JJ bike/NN ,/,","For me, it's much easier just the stationary bike, /"
sd,A,"you/PRP know/VBP ,/, it/PRP 's/BES at/IN home/NN ,/, I/PRP can/MD ,/, I/PRP can/MD do/VB some/DT of/IN my/PRP$ reading/NN ,/,","{D you know, } it's at home, [ I can, + I can ] do some of my reading, /"
b,B,Right/UH ./.,Right. /
%,A,"Um/UH ,/, but/CC ,/,","{F Um, } {C but, } -/"
qy,B,Do/VBP you/PRP live/VBP in/IN the/DT District/NNP ?/.,Do you live in the District? /
nn,A,"No/UH ,/,","No, /"
sd,A,I/PRP live/VBP in/IN Maryland/NNP ./.,I live in Maryland. /
sv,B,Because/IN I/PRP think/VBP there/EX 're/VBP so/RB many/JJ parts/NNS of/IN the/DT District/NNP where/WRB it/PRP 's/BES not/RB very/RB safe/JJ to/TO get/VB out/RB and/CC walk/VB ./.,{C Because } I think there're so many parts of the District <laughter> where it's not very safe to get out and walk. /
b,A,"Right/UH ,/,","Right, /"
b,A,"right/UH ,/,","right, /"
%,A,"and/CC that/DT 's/BES it/PRP ,/, um/UH ,/,","{C and } that's it, {F um, } - /"
sd,A,"at/IN work/NN we/PRP have/VBP a/DT ,/, a/DT nice/JJ campus/NN ,/,","at work we have [ a, + a ] nice campus, /"
b,B,Uh-huh/UH ./.,Uh-huh. /
sd,A,"I/PRP mean/VBP ,/, we/PRP 're/VBP within/IN walking/VBG distance/NN of/IN ,/, of/IN stores/NNS and/CC shops/NNS","{E I mean, } we're within walking distance [ of, + of ] stores and shops /"
sd,A,so/RB I/PRP do/VBP ./.,{C so } I do. /
%,A,"Now/UH ,/, I/PRP think/VBP ,/, um/UH ,/,","{D Now, } I think, {F um, } - /"
qy,A,"basically/RB ,/, is/VBZ your/PRP$ motive/NN simply/RB ,/, um/UH ,/, health/NN or/CC because/IN you/PRP enjoy/VBP it/PRP ?/.","basically, is your motive simply, {F um, } health or because you enjoy it? /"
no,B,"Well/UH ,/, it/PRP 's/BES ,/, uh/UH ,/, it/PRP 's/BES really/RB both/DT ./.","{D Well, } [ it's, + {F uh, } it's ] really both. /"
sd,B,"I/PRP 'm/VBP certainly/RB driven/VBN by/IN the/DT desire/NN to/TO maintain/VB my/PRP$ weight/NN and/CC be/VB healthy/JJ and/CC be/VB in/IN shape/NN ,/,","I'm certainly driven by the desire to maintain my weight and be healthy and be in shape, /"
sd,B,"and/CC ,/, uh/UH ,/, and/CC most/RBS of/IN the/DT time/NN I/PRP enjoy/VBP it/PRP ./.","[ {C and, } + {F uh, } {C and } ] most of the time I enjoy it. /"
sd,B,"Sometimes/RB I/PRP do/VBP n't/RB ,/,","Sometimes I don't, /"
sd,B,"but/CC I/PRP feel/VBP that/IN ,/, uh/UH ,/, that/IN the/DT discipline/NN it/PRP affords/VBZ me/PRP when/WRB I/PRP do/VBP it/PRP when/WRB I/PRP do/VBP n't/RB want/VB to/TO is/VBZ also/RB worth/JJ something/NN ./.","{C but } I feel [ that, + {F uh, } that ] the discipline it affords me when I do it when I don't want to is also worth something. /"
aa,A,"Uh-huh/UH ,/,","Uh-huh, /"
aa,A,right/UH ./.,right. /
sd,A,"I/PRP think/VBP pretty/RB much/JJ you/PRP summed/VBD up/RP my/PRP$ ,/, my/PRP$ ,/, my/PRP$ motivations/NNS also/RB ./.","I think pretty much you summed up [ [ my, + my, ] + my ] motivations also. /"
sd,B,"And/CC I/PRP often/RB find/VBP that/IN even/RB when/WRB I/PRP do/VBP n't/RB feel/VB that/RB much/JJ like/IN exercising/VBG ,/,","{C And } I often find that even when I don't feel that much like exercising, /"
sd,B,"like/IN I/PRP 'll/MD be/VB really/RB tired/JJ ,/,","like I'll be really tired, /"
sd,B,"and/CC I/PRP 'll/MD start/VB swimming/VBG ,/,","{C and } I'll start swimming, /"
sd,B,"and/CC I/PRP 'll/MD ,/, and/CC I/PRP 'll/MD actually/UH get/VB energy/NN ./.","[ {C and } I'll, + {C and } I'll ] actually get energy. /"
sd,B,"And/CC I/PRP 'll/MD be/VB ,/, have/VB much/RB more/JJR energy/NN when/WRB I/PRP 'm/VBP done/VBN than/IN when/WRB I/PRP started/VBD ,/,","{C And } I'll [ be, + ] have much more energy when I'm done than when I started, /"
sd,B,"I/PRP mean/VBP ,/, I/PRP just/RB feel/VBP great/JJ ./.","{E I mean, } I just feel great. /"
sd,B,That/DT happens/VBZ to/IN me/PRP probably/RB one/CD in/IN four/CD or/CC five/CD times/NNS that/WDT I/PRP swim/VBP ./.,That happens to me probably one in four or five times that I swim. /
ba,A,"Oh/UH ,/, well/UH ,/, that/DT 's/BES great/JJ ,/,","{F Oh, } {D well, } that's great, /"
ba,A,that/DT 's/BES great/JJ ./.,that's great. /
sd,B,"And/CC that/DT 's/BES really/RB a/DT terrific/JJ feeling/NN ,/, because/IN you/PRP just/RB go/VBP there/RB at/IN the/DT end/NN of/IN the/DT day/NN ,/, and/CC you/PRP figure/VBP ,/, God/UH ,/, I/PRP 'm/VBP ready/JJ for/IN bed/NN --/:","{C And } that's really a terrific feeling, because you just go there at the end of the day, and you figure, {D God, } I'm ready for bed --"
b,A,Uh-huh/UH ./.,Uh-huh. /
+,B,"--/: and/CC you/PRP exercise/VBP and/CC then/RB ,/, it/PRP 's/BES sort/RB of/RB painful/JJ for/IN a/DT while/NN ,/,","-- and you exercise and then, it's sort of painful for a while, /"
sd,B,but/CC by/IN the/DT time/NN you/PRP get/VBP done/VBN you/PRP feeling/VBG really/RB terrific/JJ ./.,{C but } by the time you get done you feeling really terrific. /
b,A,Right/UH ./.,Right. /
sd,A,"And/CC actually/UH in/IN ,/, in/IN summer/NN I/PRP like/VBP to/TO swim/VB ./.","{C And } {D actually } [ in, + in ] summer I like to swim. /"
sd,A,"We/PRP do/VBP n't/RB have/VB facilities/NNS for/IN swimming/VBG in/IN winter/NN ,/,","We don't have facilities for swimming in winter, /"
sd,A,"but/CC ,/, um/UH ,/, and/CC ,/, and/CC that/DT 's/BES true/JJ ,/, when/WRB I/PRP go/VBP home/RB from/IN work/NN at/IN the/DT end/NN of/IN the/DT day/NN ,/, if/IN I/PRP go/VBP up/RB for/IN an/DT hour/NN in/IN the/DT pool/NN ,/, I/PRP 'm/VBP much/RB ,/, much/RB more/RBR awake/JJ ,/,","[ [ {C but, } + {F um, } {C and, } ] + {C and } ] that's true, when I go home from work at the end of the day, if I go up for an hour in the pool, I'm much, much more awake, /"
sd,A,I/PRP 'm/VBP ready/JJ to/TO work/VB in/IN the/DT garden/NN or/CC whatever/WDT in/IN the/DT evening/NN ./.,I'm ready to work in the garden or whatever in the evening. /
b,B,"Yeah/UH ,/,","Yeah, /"
b,B,yeah/UH ./.,yeah. /
%,A,So/RB ./.,{D So. } /
qy,B,"So/RB ,/, can/MD I/PRP just/RB ask/VB you/PRP ,/, are/VBP you/PRP Canadian/JJ ?/.","{D So, } can I just ask you, are you Canadian? /"
nn,A,"No/UH ,/,","No, /"
sd,A,I/PRP 'm/VBP not/RB ./.,I'm not. /
qy,B,Philadelphia/NNP ?/.,Philadelphia? /
nn,A,No/UH ./.,No. /
sd,B,"I/PRP 'm/VBP trying/VBG to/TO because/IN you/PRP have/VBP a/DT ,/, you/PRP have/VBP one/CD funny/JJ vowel/NN that/WDT 's/BES probably/RB going/VBG to/TO drive/VB the/DT T/NNP I/NNP people/NNS crazy/JJ ./.","I'm trying to because [ you have a, + you have one ] funny vowel that's probably going to drive the T I people crazy. /"
b,A,"Oh/UH ,/, really/UH ./.","{F Oh, } really. /"
sd,B,"Say/VB out/NN ,/, instead/IN of/IN out/NN you/PRP say/VBP out/NN ./.","Say out, instead of out you say out. /"
qy,B,Did/VBD you/PRP know/VBP that/DT ?/.,Did you know that? /
nn,A,"No/UH ,/,","<Laughter> No, /"
sd,A,I/PRP do/VBP n't/RB know/VB that/DT ./.,I don't know that. /
sd,A,"But/CC ,/, I/PRP ,/, I/PRP must/MD say/VB ,/, that/IN ,/, um/UH ,/, when/WRB ,/, when/WRB I/PRP did/VBD do/VBP a/DT linguistics/NNS course/NN in/IN ,/, in/IN school/NN ,/, ages/NNS ago/RB ,/, um/UH ,/, the/DT professor/NN had/VBD a/DT lot/NN of/IN trouble/NN with/IN my/PRP$ accent/NN ./.","{C But, } [ I, + I ] must say, that, {F um, } [ when, + when ] I did do a linguistics course [ in, + in ] school, ages ago, {F um, } the professor had a lot of trouble with my accent. /"
b,B,Huh/UH ./.,Huh. /
sd,A,"And/CC it/PRP 's/BES probably/RB because/IN I/PRP ,/, I/PRP ,/, I/PRP was/VBD born/VBN in/IN the/DT Chicago/NNP area/NN and/CC grew/VBD up/RP in/IN California/NNP ,/,","{C And } it's probably because [ [ I, + I, ] + I ] was born in the Chicago area and grew up in California, /"
sd,A,and/CC at/IN that/DT point/NN that/DT was/VBD sort/RB of/RB the/DT limit/NN --/:,{C and } at that point that was sort of the limit --
b,B,Huh/UH ./.,Huh. /
+,A,"--/: but/CC since/IN then/RB I/PRP 've/VBP been/VBN abroad/RB a/DT lot/NN ,/,","-- {C but } since then I've been abroad a lot, /"
ba,B,I/PRP see/VBP ./.,I see. /
sd,B,"I/PRP know/VBP this/DT is/VBZ n't/RB on/IN our/PRP$ topic/NN ,/,","I know this isn't on our topic, /"
qw,B,but/CC where/WRB did/VBD you/PRP grow/VBP up/RP in/IN California/NNP ?/.,{C but } where did you grow up in California? /
sd,A,In/IN Santa/NNP Barbara/NNP ./.,In Santa Barbara. /
bk,B,"Oh/UH ,/, okay/UH ,/,","{F Oh, } okay, /"
sd,B,"because/IN I/PRP grew/VBD up/RP in/IN North/NNP Hollywood/NNP ,/, California/NNP --/:","{C because } I grew up in North Hollywood, California --"
ba,A,"Oh/UH ,/, I/PRP see/VBP ./.","{F Oh, } I see. /"
+,B,--/: went/VBD to/IN U/NNP C/NNP L/NNP A/NNP and/CC all/DT that/NN ./.,-- went to U C L A and all that. /
b,A,Uh-huh/UH ./.,Uh-huh. /
ba,A,"Well/UH ,/, very/RB good/JJ ,/,","{D Well, } very good, /"
sv,A,"I/PRP think/VBP we/PRP 've/VBP probably/RB know/VB ,/, know/VB each/DT other/NN 's/POS exercise/NN habits/NNS --/:","I think we've probably [ know, + know ] each other's exercise habits -- /"
aa,B,Yes/UH ./.,Yes. /
fc,A,"--/: and/CC ,/, uh/UH ,/, it/PRP was/VBD nice/JJ talking/NN to/IN you/PRP ./.","-- {C and, } {F uh, } it was nice talking to you. /"
fc,B,"Well/UH ,/, same/JJ here/RB ./.","{D Well, } same here. /"
fc,B,Thanks/NNS for/IN calling/VBG ./.,Thanks for calling. /
fc,A,"Oh/UH ,/, okay/UH ./.","{F Oh, } okay. /"
fc,B,Bye/UH ./.,Bye. /
fc,A,Bye-bye/UH ./.,Bye-bye. /
