act_tag,speaker,pos,text
"fo_o_fw_""_by_bc",B,"Okay/UH ,/, Mary/NNP ./.","Okay, Mary. /"
b,A,Yes/UH ./.,Yes. /
sd,B,"Um/UH ,/, the/DT ,/, uh/UH ,/, the/DT latest/JJS one/CD I/PRP 've/VBP seen/VBN ,/, uh/UH ,/, had/VBD to/TO do/VB with/IN a/DT ,/, uh/UH ,/, uh/UH ,/, the/DT ,/, uh/UH ,/, basically/RB a/DT manhunt/NN ,/, um/UH ,/,","{F Um, } [ the, + {F uh, } the ] latest one I've seen, {F uh, } had to do with [ [ a, + {F uh, } {F uh, } the, ] + {F uh, } basically a ] manhunt, {F um, } /"
sd,B,"and/CC it/PRP was/VBD ,/, uh/UH ,/, it/PRP was/VBD called/VBN MANHUNTER/NN ,/, actually/RB ./.","{C and } [ it was, + {F uh, } it was ] called MANHUNTER, actually. /"
sd,B,"Uh/UH ,/, the/DT ,/, uh/UH ,/, the/DT guy/NN ,/, uh/UH ,/, apparently/RB had/VBD a/DT ,/, a/DT ,/, mental/JJ disfunction/NN in/IN which/WDT he/PRP needed/VBD to/TO go/VB out/RB and/CC just/RB slay/VB people/NNS ./. Uh/UH ,/, just/RB ,/, uh/UH ,/, kill/VB them/PRP with/IN ,/, with/IN as/RB much/JJ blood/NN and/CC ,/, and/CC guts/NNS as/IN possible/JJ ./.","{F Uh, } [ the, + {F uh, } the ] guy, {F uh, } apparently had [ a, + a, ] mental disfunction in which he needed to go out and just slay people. {F Uh, } just, {F uh, } kill them [ with, + with ] as much blood [ and, + and ] guts as possible. /"
ba,A,"Oh/UH ,/, how/WRB awful/JJ ./.","{F Oh, } how awful <laughter>. /"
sv,B,"It/PRP was/VBD true/JJ ,/, it/PRP was/VBD truly/RB awful/JJ ./.","[ It <laughter> was true, + it was truly awful. ] /"
sd,B,"It/PRP was/VBD not/RB one/NN that/WDT I/PRP picked/VBD ,/,","It was not one that I picked, /"
sd,B,"but/CC ,/, uh/UH ,/, uh/UH ,/, it/PRP ,/, it/PRP did/VBD show/VB some/DT ,/, some/DT ,/, uh/UH ,/, some/DT interesting/JJ things/NNS about/IN the/DT F/NNP B/NNP I/NNP","{C but, } {F uh, } {F uh, } [ it, + it ] did show [ [ some, + some, ] + {F uh, } some ] interesting things about the F B I /"
sd,B,"because/IN they/PRP were/VBD the/DT ,/, the/DT ,/, uh/UH ,/, the/DT characters/NNS trying/VBG ,/, trying/VBG to/TO get/VB him/PRP were/VBD F/NNP B/NNP I/NNP people/NNS","{C because } [ they were + [ [ the, + the, ] + {F uh, } the ] characters [ trying, + trying ] to get him were ] F B I people /"
sd,B,"and/CC ,/, uh/UH ,/, uh/UH ,/, of/IN the/DT ,/, of/IN the/DT few/JJ good/JJ things/NNS that/WDT were/VBD in/IN it/PRP ,/, it/PRP did/VBD show/VB ,/, uh/UH ,/, a/DT lot/NN about/IN the/DT F/NNP B/NNP I/NNP ./. About/IN the/DT training/NN ,/, and/CC ,/, and/CC how/WRB they/PRP go/VBP through/IN training/NN and/CC how/WRB they/PRP try/VBP to/TO ,/, to/TO develop/VB ,/, uh/UH ,/, uh/UH ,/, a/DT mental/JJ picture/NN of/IN who/WP they/PRP 're/VBP looking/VBG for/IN before/IN they/PRP go/VBP out/RB and/CC do/VBP it/PRP and/CC all/PDT the/DT different/JJ ways/NNS they/PRP go/VBP about/IN doing/VBG that/DT ./.","{C and, } {F uh, } {F uh, } [ of the, + of the ] few good things that were in it, it did show, {F uh, } a lot about the F B I. About the training, [ and, + and ] how they go through training and how they try [ to, + to ] develop, {F uh, } {F uh, } a mental picture of who they're looking for before they go out and do it and all the different ways they go about doing that. /"
sd,B,"And/CC it/PRP was/VBD ,/, uh/UH ,/, uh/UH ,/, it/PRP was/VBD pretty/RB telling/JJ about/IN the/DT ,/, the/DT ,/, the/DT F/NNP B/NNP I/NNP and/CC their/PRP$ procedures/NNS ./.","{C And } [ it was, + {F uh, } {F uh, } it was ] pretty telling about [ [ the, + the, ] + the ] F B I and their procedures. /"
sd,A,I/PRP wonder/VBP how/WRB truthful/JJ all/DT of/IN that/DT was/VBD or/CC whether/IN there/EX was/VBD fiction/NN ./.,I wonder how truthful all of that was or whether there was fiction. /
b,B,"Yeah/UH ,/,","Yeah, /"
sv,B,"I/PRP ,/, I/PRP imagine/VBP a/DT lot/NN of/IN it/PRP had/VBD to/TO be/VB fictional/JJ just/RB to/TO keep/VB the/DT F/NNP B/NNP I/NNP ,/, uh/UH ,/, going/VBG ,/, I/PRP guess/VBP ./.","[ I, + I ] imagine a lot of it had to be fictional just to keep the F B I, {F uh, } going, I guess. /"
aa,A,"Yeah/UH ,/,","Yeah, /"
sv,A,"well/UH ,/, they/PRP keep/VBP it/PRP rather/RB secretive/JJ ,/,","{D well, } they keep it rather secretive, /"
aa,A,yes/UH ./.,yes <laughter>. /
b,B,"Yeah/UH ,/,","Yeah, /"
b,B,yeah/UH ./.,yeah. /
sd,A,"Well/UH the/DT most/RBS recent/JJ movie/NN I/PRP saw/VBD ,/, uh/UH ,/, I/PRP 'm/VBP afraid/JJ was/VBD ,/, uh/UH ,/,","{D Well } the most recent movie I saw, {F uh, } I'm afraid was, {F uh, } - /"
sd,A,"well/UH two/CD ,/, two/CD of/IN them/PRP actually/RB ./.","{D well } [ two, + two ] of them actually. /"
sd,A,"Uh/UH ,/, the/DT RAIN/NN MAN/NN was/VBD one/CD ./.","{F Uh, } the RAIN MAN was one. /"
sv,B,Oh/UH that/DT was/VBD great/JJ one/CD ./.,{F Oh } that was great one. /
aa,A,"Was/VBD n't/RB that/DT fabulous/JJ ,/,","Wasn't that fabulous, /"
sd,A,"and/CC ,/,","[ and, +"
sd,B,"Oh/UH ,/, I/PRP loved/VBD it/PRP ./.","{F Oh, } I loved it. /"
+,A,and/CC DRIVING/VBG MISS/NNP DAISY/NNP ./.,and ] DRIVING MISS DAISY. /
sd,B,"You/PRP know/VBP ,/, I/PRP have/VBP n't/RB seen/VBN that/DT one/CD yet/RB ,/,","{D You know, } I haven't seen that one yet, /"
sv,B,and/CC I/PRP need/VBP to/TO go/VB see/VB it/PRP ./.,{C and } I need to go see it. /
aa,A,"Oh/UH ,/, you/PRP need/VBP to/TO see/VB that/DT ./.","{F Oh, } you need to see that. /"
b,B,Yeah/UH ./.,Yeah. /
sv,A,That/DT is/VBZ the/DT most/JJS heart/NN rendering/VBG story/NN of/IN relationships/NNS between/IN two/CD people/NNS ./.,That is the most heart rendering story of relationships between two people.
b,B,Uh-huh/UH ./.,Uh-huh. /
+,A,Two/CD diametrically/RB opposed/JJ people/NNS from/IN the/DT stand/NN point/NN that/IN one/CD was/VBD Jewish/JJ and/CC one/CD was/VBD black/JJ,Two diametrically opposed people from the stand point that one was Jewish and one was black /
sd,A,and/CC this/DT all/DT took/VBD place/NN in/IN the/DT South/NNP ./.,{C and } this all took place in the South. /
ba,B,Oh/UH my/UH ./.,{F Oh } my. -/
sv,A,"And/CC ,/, uh/UH ,/, normally/RB never/RB the/DT twain/NN shall/MD meet/VB ./.","{C And, } {F uh, } normally never the twain shall meet. /"
aa,B,"You/PRP bet/VBP ,/, especially/RB in/IN the/DT South/NNP ./.","You bet, especially in the South. /"
aa,A,"Yes/UH ,/,","Yes, /"
aa,A,"right/UH ,/,","right, /"
sv,A,"and/CC ,/, um/UH ,/, uh/UH ,/, it/PRP ,/, it/PRP really/RB was/VBD a/DT fantastic/JJ movie/NN ./.","{C and, } {F um, } {F uh, } [ it, + it ] really was a fantastic movie. /"
sv,A,The/DT acting/NN was/VBD phenomenal/JJ ./.,The acting was phenomenal. /
qy,B,"Well/UH as/IN ,/, it/PRP ,/, as/IN I/PRP recall/VBP it/PRP got/VBD some/DT Academy/NNP Awards/NNPS ,/, did/VBD n't/RB it/PRP ./.","{D Well } [ as, it, + as I recall it ] got some Academy Awards, didn't it. /"
ny,A,"Oh/UH yes/UH ,/,","{F Oh } yes, /"
sd,A,Jessica/NNP Tandy/NNP won/VBD best/JJS actress/NN,Jessica Tandy won best actress /
%,A,"and/CC ,/, uh/UH ,/,","{C and, } {F uh, } -/"
b,B,"Oh/UH yeah/UH ,/,","{F Oh } yeah, /"
sd,B,that/DT 's/BES right/JJ ./.,that's right. /
sv,B,"It/PRP ,/, it/PRP might/MD have/VB one/^VBN best/JJS picture/NN ,/, too/RB ./.","[ It, + it ] might have one best picture, too. /"
aa,A,Yes/UH,Yes /
sd,A,"it/PRP did/VBD ,/,","it did, /"
aa,A,yes/UH,yes /
sd,A,it/PRP did/VBD ./.,it did. /
b,B,Yeah/UH ./.,Yeah. /
sd,A,"Just/RB as/IN RAIN/NN MAN/NN ,/, uh/UH ,/, with/IN Dustin/NNP Hoffman/NNP ,/,","Just as RAIN MAN, {F uh, } with Dustin Hoffman,"
%,B,"That/DT was/VBD ,/,","That was, -/"
+,A,"uh/UH ,/, that/DT ,/, that/DT was/VBD tremendous/JJ and/CC Tom/NNP Cruise/NNP ./.","{F uh, } [ that, + that ] was tremendous and Tom Cruise. /"
b,B,"yeah/UH ,/,","yeah, /"
sv,B,"I/PRP ,/, I/PRP think/VBP it/PRP was/VBD more/JJS a/DT lesson/NN for/IN Tom/NNP Cruise/NNP than/IN anything/NN else/RB in/IN terms/NNS of/IN ,/, uh/UH ,/, of/IN how/WRB to/TO act/VB from/IN Dustin/NNP Hoffman/NNP ,/,","[ I, + I ] think it was more a lesson for Tom Cruise than anything else in terms [ of, + {F uh, } of ] how to act from Dustin Hoffman, /"
%,B,"but/CC ,/, uh/UH ./.","{C but, } {F uh. } -/"
aa,A,"Yes/UH ,/,","Yes, /"
sd,A,"uh/UH ,/, oh/UH ,/, that/DT was/VBD ,/, that/DT was/VBD ,/, uh/UH ,/, what/WP the/DT ,/, much/RB of/IN the/DT hype/NN was/VBD that/IN Tom/NNP Cruise/NNP learned/VBD so/RB much/RB from/IN Dustin/NNP Hoffman/NNP ./.","{F uh, } {F oh, } [ that was, + that was, ] {F uh, } what [ the, + much of the ] hype was that Tom Cruise learned so much from Dustin Hoffman. /"
b,B,"Yeah/UH ,/,","Yeah, /"
sv,B,"it/PRP must/MD have/VB been/VBN great/JJ just/RB being/VBG with/IN him/PRP on/IN ,/, on/IN a/DT daily/JJ basis/NN and/CC seeing/VBG how/WRB he/PRP prepares/VBZ for/IN his/PRP$ ,/, for/IN his/PRP$ lines/NNS and/CC all/PDT that/DT stuff/NN ./.","it must have been great just being with him [ on, + on ] a daily basis and seeing how he prepares [ for his, + for his ] lines and all that stuff. /"
b,A,Yeah/UH,Yeah /
sd,A,and/CC a/DT good/JJ bit/NN of/IN that/DT was/VBD filmed/VBN right/RB in/IN Cincinnati/NNP ./.,{C and } a good bit of that was filmed right in Cincinnati.
b,B,Oh/UH ./.,Oh. /
+,A,"Which/WDT is/VBZ just/RB forty-five/CD miles/NNS from/IN ,/, from/IN where/WRB I/PRP am/VBP ,/, where/WRB I/PRP actually/RB live/VBP in/IN a/DT suburb/NN of/IN Dayton/NNP ./.","Which is just forty-five miles [ from, + from ] [ where I am, + where I actually live ] in a suburb of Dayton. /"
qy,B,"Is/VBZ ,/, is/VBZ the/DT Kmart/NNP there/RB ?/. ./.","[ Is, + is ] the Kmart there? <laughter>. /"
na,A,"Oh/UH ,/, we/PRP do/VBP have/VB Kmart/NNP here/RB ,/,","{F Oh, } <laughter> we do have Kmart here, /"
"fo_o_fw_""_by_bc",A,you/PRP better/RB believe/VBP it/PRP ./.,you better believe it. /
qy,A,Is/VBZ n't/RB there/EX a/DT Kmart/NNP everywhere/RB ?/.,Isn't there a Kmart everywhere? /
sv,B,"That/DT was/VBD ,/, that/DT was/VBD so/RB funny/JJ ,/,","[ That was, + that was ] so funny, /"
sd,B,"he/PRP had/VBD to/TO ,/,","he had to, - /"
qy,B,or/CC was/VBD it/PRP Kmart/NNP ./.,{E or } was it Kmart. /
ny,A,Yes/UH ./.,Yes. /
sd,B,He/PRP had/VBD to/TO buy/VB his/PRP$ underwear/NN at/IN Kmart/NNP ./.,He had to buy his underwear at Kmart. /
aa,A,"Right/UH ,/,","Right, /"
aa,A,right/UH,right /
aa,A,yeah/UH ./.,yeah. /
sv,B,That/DT was/VBD hilarious/JJ ./.,That was hilarious. /
sd,B,"The/DT ,/, the/DT ,/, I/PRP guess/VBP the/DT ,/, the/DT first/JJ ,/, the/DT first/JJ ,/, uh/UH ,/, scene/NN in/IN that/DT movie/NN that/WDT really/RB got/VBD my/PRP$ attention/NN ,/, uh/UH ,/, concerning/VBG the/DT ,/, the/DT disease/NN and/CC all/PDT that/DT was/VBD when/WRB he/PRP ,/, uh/UH ,/, dropped/VBD the/DT ,/, the/DT ,/, uh/UH ,/, the/DT toothpicks/NNS ,/,","[ [ [ [ The, + the, ] + I guess the, ] + the first, ] + the first, ] {F uh, } scene in that movie that really got my attention, {F uh, } concerning [ the, + the ] disease and all that was when he, {F uh, } dropped [ the, + the, ] {F uh, } the toothpicks, /"
b,A,Oh/UH yes/UH ./.,{F Oh } yes. /
sd,B,and/CC he/PRP was/VBD able/JJ to/TO count/VB the/DT number/NN of/IN toothpicks/NNS just/RB by/IN a/DT mental/JJ image/NN ./.,{C and } he was able to count the number of toothpicks just by a mental image. /
b,A,"Yes/UH ,/,","Yes, /"
b,A,yes/UH ./.,yes. /
sv,B,Unbelievable/JJ ./.,Unbelievable. /
sd,A,"Well/UH ,/, you/PRP know/VBP there/EX are/VBP people/NNS ,/, uh/UH ,/, referred/VBN to/IN as/IN savants/NNS also/RB ,/,","{D Well, } {D you know } there are people, {F uh, } referred to as savants also,"
b,B,Yeah/UH ./.,Yeah. /
+,A,"uh/UH ,/, who/WP can/MD do/VB most/RBS phenomenal/JJ things/NNS","{F uh, } who can do most phenomenal things /"
sd,A,and/CC everyone/NN feels/VBZ they/PRP are/VBP totally/RB retarded/JJ ./.,{C and } everyone feels they are totally retarded. /
b,B,"Yeah/UH ,/,","Yeah, /"
sd,B,"wel-/UH ,/, because/IN that/DT 's/BES the/DT way/NN they/PRP ,/, they/PRP might/MD seem/VB outwardly/RB ,/,","{D wel-, } {C because } that's the way [ they, + they ] might seem outwardly, /"
aa,A,That/DT 's/BES right/JJ ./.,That's right. /
sv,B,"but/CC ,/, boy/UH there/EX 's/BES a/DT lots/NNS going/VBG on/RP in/IN there/RB ./.","{C but, } boy there's a lots going on in there <laughter>. /"
sv,A,It/PRP 's/BES amazing/JJ ./.,It's amazing <laughter>. /
b,B,"Yeah/UH ,/,","Yeah, /"
b,B,yeah/UH,yeah /
sv,B,"and/CC I/PRP ,/, the/DT ,/, the/DT ,/, I/PRP think/VBP the/DT ,/, the/DT best/JJS thing/NN about/IN RAINMAN/NNP was/VBD the/DT ,/, uh/UH ,/, the/DT way/NN that/IN they/PRP put/VBP together/RB the/DT ,/, the/DT real/JJ awfulness/NN of/IN the/DT ,/, of/IN the/DT ,/, of/IN the/DT disease/NN ,/,","{C and } [ [ [ I, + the, ] + the, ] + I think ] [ the, + the ] best thing about RAINMAN was [ the, + {F uh, } the ] way that they put together [ the, + the ] real awfulness [ [ of the, + of the, ] + of the ] disease,"
aa,A,Yes/UH ./.,Yes. /
+,B,"only/RB ,/,","only, /"
sv,B,"an/DT ,/, and/CC then/RB they/PRP balanced/VBD it/PRP with/IN the/DT wonderfulness/NN of/IN it/PRP ,/, you/PRP know/VBP ,/,","[ {C an, } + {C and then } ] they balanced it with the wonderfulness of it, {D you know, } /"
sv,B,"and/CC ,/, and/CC ,/, and/CC you/PRP need/VBP to/TO ,/, to/TO work/VB with/IN it/PRP ,/, uh/UH ,/, you/PRP know/VBP ,/, certainly/RB on/IN ,/, on/IN a/DT daily/JJ basis/NN but/CC then/RB ag-/RB ,/, then/RB again/RB work/VBP with/IN it/PRP toward/IN a/DT good/JJ end/NN ./.","[ [ {C and, } + {C and, } ] + {C and } ] you need [ to, + to ] work with it, {F uh, } {D you know, } certainly [ on, + on ] a daily basis but [ then ag-, + then again ] work with it toward a good end."
aa,A,Yes/UH,Yes /
%,A,"and/CC the/DT ,/,","{C and } the, -/"
+,B,"Not/RB ,/, not/RB toward/IN winning/NN in/IN Las/NNP Vegas/NNP ,/, for/IN example/NN ./.","[ Not, + not ] toward winning in Las Vegas, for example. /"
b,A,"Right/UH ,/,","Right, /"
sd,A,well/UH the/DT warmth/NN that/WDT developed/VBD between/IN them/PRP,{D well } the warmth that developed between them /
sv,A,"and/CC again/RB it/PRP ,/, I/PRP think/VBP was/VBD a/DT picture/NN of/IN relationships/NNS ./.","{C and } again it, I think was a picture of relationships. /"
b,B,Yeah/UH ./.,Yeah. /
sv,A,"Again/RB the/DT relationship/NN ,/, uh/UH ,/, between/IN the/DT two/CD ,/, uh/UH ,/, that/WDT ,/, uh/UH ,/, never/RB would/MD have/VB occurred/VBN ,/, uh/UH ,/, by/IN accident/NN ./.","Again the relationship, {F uh, } between the two, {F uh, } that, {F uh, } never would have occurred, {F uh, } by accident. /"
aa,B,"Right/UH ,/,","Right, /"
aa,B,right/UH ./.,right. /
sd,B,"I/PRP was/VBD ,/, uh/UH ,/, I/PRP was/VBD so/RB impressed/JJ with/IN that/DT movie/NN","[ I was, + {F uh, } I was ] so impressed with that movie /"
sd,B,I/PRP saw/VBD it/PRP three/CD times/NNS ./.,I saw it three times. /
bh,A,Did/VBD you/PRP ./.,Did you. /
sd,B,"I/PRP can/MD ,/, I/PRP can/MD se-/XX ,/, tell/VB you/PRP ,/, oh/UH ,/, so/RB much/RB about/IN that/DT movie/NN ,/, just/RB because/IN it/PRP ,/, it/PRP really/RB rang/VBD ,/, uh/UH ,/, rang/VBD a/DT lot/NN of/IN my/PRP$ ,/, uh/UH ,/, my/PRP$ personal/JJ background/NN ./.","[ I can, + I can ] [ se-, + tell ] you, {F oh, } so much about that movie, just because [ it, + it ] really [ rang, + {F uh, } rang ] a lot of [ my, + {F uh, } my ] personal background. /"
sd,B,"I/PRP ,/, I/PRP have/VBP a/DT ,/, a/DT brother/NN myself/PRP that/WDT 's/BES ,/, that/WDT 's/BES older/JJR","[ I, + I ] have [ a, + a ] brother myself [ that's, + that's ] older /"
sd,B,"and/CC ,/, uh/UH ,/, he/PRP 's/BES not/RB ,/, you/PRP know/VBP ,/,","{C and, } {F uh, } he's not, {D you know, } - /"
sd,B,"nothing/NN ,/, nothing/NN ,/, of/IN course/NN ,/, serious/RB is/VBZ wrong/JJ with/IN him/PRP","[ nothing, + nothing, ] of course, serious is wrong with him /"
sd,B,"but/CC ,/, uh/UH ,/, but/CC we/PRP have/VBP gone/VBN through/IN these/DT ,/, these/DT lapses/NNS of/IN ,/, of/IN a/DT relationship/NN ,/,","[ {C but, } + {F uh, } {C but } ] we have gone through [ these, + these ] lapses [ of, + of ] a relationship,"
b,A,Yes/UH ./.,Yes. /
+,B,"somewhat/RB ,/, sometimes/RB ,/,","[ somewhat, + sometimes, ] /"
sd,B,"and/CC then/RB ,/, you/PRP know/VBP ,/, uh/UH ,/, for/IN ,/, for/IN ,/, for/IN no/DT real/JJ ,/, you/PRP know/VBP ,/, direct/JJ reason/NN ,/, I/PRP guess/VBP ,/, uh/UH ,/, we/PRP ,/, we/PRP get/VBP into/IN ,/, uh/UH ,/, uh/UH ,/, a/DT really/RB good/JJ relationship/NN for/IN a/DT while/NN and/CC then/RB ,/, you/PRP know/VBP ,/, back/RB and/CC forth/RB","{C and then, } {D you know, } {F uh, } [ [ for, + for, ] + for ] no real, {D you know, } direct reason, I guess, {F uh, } [ we, + we ] get into, {F uh, } {F uh, } a really good relationship for a while and then, {D you know, } back and forth /"
sd,B,"so/RB I/PRP ,/, I/PRP was/VBD really/RB able/JJ to/TO ,/, to/TO relate/VB to/IN the/DT ,/, the/DT relationship/NN aspect/NN of/IN the/DT movie/NN between/IN the/DT brothers/NNS ./.","{C so } [ I, + I ] was really able [ to, + to ] relate to [ the, + the ] relationship aspect of the movie between the brothers. /"
sv,B,That/DT was/VBD neat/JJ ./.,That was neat. /
b,A,Uh-huh/UH ./.,Uh-huh. /
ba,A,"Well/UH that/DT 's/BES tremendous/JJ ,/,","{D Well } that's tremendous, /"
sv,A,"that/DT ,/, it/PRP 's/BES good/JJ because/IN it/PRP does/VBZ make/VB you/PRP think/VB ,/, about/IN your/PRP$ own/JJ family/NN ./.","[ that, + it's ] good because it does make you think, about your own family. /"
aa,B,"Yeah/UH ,/,","Yeah, /"
sd,B,a/DT lot/NN ./.,a lot. /
sd,A,And/CC see/UH it/PRP did/VBD bring/VB out/RP a/DT lot/NN of/IN thoughts/NNS between/IN you/PRP and/CC your/PRP$ brother/NN ./.,{C And } {D see } it did bring out a lot of thoughts between you and your brother. /
aa,B,Uh-huh/UH ./.,Uh-huh. /
aa,B,"No/DT question/NN ,/,","No question, /"
sd,B,"he/PRP ,/, the/DT ,/, he/PRP was/VBD ,/, he/PRP 's/BES one/CD of/IN these/DT guys/NNS though/RB that/WDT does/VBZ n't/RB really/RB like/VB to/TO go/VB see/VB movies/NNS like/IN that/DT ./.","[ [ [ he, + the, ] + he was, ] + he's ] one of these guys though that doesn't really like to go see movies like that. /"
sd,B,He/PRP likes/VBZ the/DT bang/VB them/PRP up/RP and/CC shoot/VB them/PRP up/RP things/NNS ./.,He likes the bang them up and shoot them up things. /
b,A,Uh-huh/UH ./.,Uh-huh <laughter>. /
sd,B,"And/CC ,/, and/CC ,/, uh/UH ,/, it/PRP ,/, it/PRP was/VBD like/IN pulling/VBG teeth/NNS to/TO go/VB get/VB him/PRP to/TO ,/, to/TO see/VB it/PRP","[ {C And, } + {C and, } ] {F uh, } [ it, + it ] was like pulling teeth to go get him [ to, + to ] see it /"
sd,B,"but/CC ,/, uh/UH ,/, oh/UH boy/UH ./. He/PRP was/VBD ,/, uh/UH ,/, uh/UH ,/, he/PRP ,/, he/PRP gave/VBD the/DT ,/, the/DT best/JJS response/NN that/WDT I/PRP 've/VBP heard/VBN him/PRP give/VB of/IN this/DT type/NN of/IN movie/NN for/IN RAIN/NN MAN/NN ./.","{C but, } {F uh, } {F oh } boy. [ [ He was, + {F uh, } {F uh, } he, ] + he gave ] [ the, + the ] best response that I've heard him give of this type of movie for RAIN MAN. /"
sd,B,"I/PRP mean/VBP he/PRP certainly/RB did/VBD n't/RB ,/,","{E I mean } he certainly didn't, - /"
sd,B,"he/PRP only/RB saw/VBD it/PRP one/CD time/NN ,/,","he only saw it one time, /"
sd,B,"and/CC he/PRP did/VBD n't/RB go/VB back/RB for/IN more/JJR ,/,","{C and } he didn't go back for more, /"
sd,B,"but/CC ,/, uh/UH ,/, he/PRP ,/, he/PRP said/VBD he/PRP enjoyed/VBD it/PRP","{C but, } {F uh, } [ he, + he ] said he enjoyed it /"
%,B,"and/CC ,/, and/CC ,/,","[ {C and, } + {C and, } ] -/"
sd,A,Well/UH he/PRP at/IN least/JJS saw/VBD it/PRP one/CD time/NN ./.,{D Well } he at least saw it one time <laughter>. /
b,B,"Yeah/UH ,/,","Yeah, /"
b,B,"yeah/UH ,/,","yeah, /"
%,B,"and/CC ,/, and/CC he/PRP really/RB ,/,","[ {C and, } + {C and } ] he really, - /"
h,B,"I/PRP do/VBP n't/RB know/VB ,/,","I don't know, /"
sd,B,"he/PRP ,/, he/PRP 's/BES kind/RB of/RB a/DT Dustin/NNP Hoffman/NNP fan/NN anyway/RB ./.","[ he, + he's ] kind of a Dustin Hoffman fan anyway. /"
sd,B,"But/CC he/PRP wa-/XX ,/, but/CC before/IN he/PRP saw/VBD the/DT movie/NN he/PRP was/VBD like/UH disappointed/JJ that/IN Dustin/NNP Hoffman/NNP would/MD do/VB this/DT ./.","[ {C But } he wa-, + {C but } before he saw ] the movie he was {D like } disappointed that Dustin Hoffman would do this <laughter>. /"
x,A,./.,<Laughter>.
sd,B,"I/PRP 'm/VBP like/IN ,/, oh/UH ,/, come/VB on/RP ./.","I'm like, {F oh, } come on. /"
^2,A,Just/RB think/VB of/IN what/WP a/DT phenomenal/JJ actor/NN Dustin/NNP Hoffman/NNP is/VBZ ./.,Just think of what a phenomenal actor Dustin Hoffman is. /
aa,B,Yeah/UH ./.,Yeah. /
sd,A,"He/PRP will/MD do/VB that/DT ,/, to/TO research/VB it/PRP and/CC to/TO be/VB able/JJ to/TO mimic/VB a/DT person/NN ,/, uh/UH ,/, uh/UH ,/, with/IN the/DT kinds/NNS of/IN problems/NNS that/WDT he/PRP had/VBD ./.","He will do that, to research it and to be able to mimic a person, {F uh, } {F uh, } with the kinds of problems that he had. /"
^2,B,And/CC to/TO make/VB it/PRP believable/JJ ./.,And to make it believable. /
aa,A,Yes/UH ./.,Yes. /
sd,B,"I/PRP mean/VBP I/PRP was/VBD ,/, I/PRP was/VBD believing/VBG it/PRP ,/,","{E I mean } [ I was, + I was ] believing it, /"
sd,B,I/PRP do/VBP n't/RB know/VB about/IN any/DT body/NN else/RB,I don't know about any body else /
sv,B,"but/CC I/PRP was/VBD ,/, it/PRP was/VBD great/JJ ./.","{C but } [ I was, + it was ] great. /"
sv,A,"Well/UH ,/, I/PRP 'm/VBP sure/JJ everybody/NN that/WDT saw/VBD it/PRP was/VBD believing/VBG it/PRP right/RB along/IN with/IN them/PRP ./.","{D Well, } I'm sure everybody that saw it was believing it right along with them. /"
sv,B,He/PRP did/VBD great/JJ ./.,He did great. /
fc,A,"Well/UH it/PRP 's/HVS just/RB ,/, uh/UH ,/, been/VBN delightful/JJ talking/VBG with/IN you/PRP ./.","{D Well } it's just, {F uh, } been delightful talking with you. /"
fc,B,"Yeah/UH ,/,","Yeah, /"
fc,B,"yeah/UH ,/,","yeah, /"
fc,B,you/PRP take/VBP care/VB up/IN there/RB,you take care up there /
fc,B,"and/CC ,/, uh/UH ,/, let/VB 's/PRP hear/VB it/PRP for/IN the/DT summertime/NN ./.","{C and, } {F uh, } let's hear it for the summertime. /"
fc,A,"Absolutely/UH ,/,","Absolutely, /"
fc,A,"I/PRP 'm/VBP ready/JJ for/IN it/PRP ,/,","I'm ready for it, /"
fc,A,but/CC they/PRP 're/VBP predicting/VBG some/DT more/JJR snow/NN for/IN our/PRP$ direction/NN ./.,{C but } they're predicting some more snow for our direction. /
fc,B,"No/UH ,/,","No, /"
fc,B,oh/UH no/UH ./.,{F oh } no. /
fc,B,"Oh/UH well/UH ,/, take/VB care/NN ./.","{F Oh } {D well, } take care. /"
fc,A,Take/VB care/NN now/RB ./.,Take care now. /
fc,A,"Bye/UH ,/, bye/UH ./.","Bye, bye. /"
fc,B,"Bye/UH ,/, bye/UH ./.","Bye, bye. /"
