act_tag,speaker,pos,text
"fo_o_fw_""_by_bc",A,"Okay/UH ,/,","Okay, /"
qo,A,"do/VBP you/PRP have/VB any/DT ,/, uh/UH ,/, ideas/NNS on/IN universal/JJ health/NN insurance/NN ?/.","do you have any, {F uh, } ideas on universal health insurance? /"
qy,A,Do/VBP you/PRP have/VBP any/DT strong/JJ opinions/NNS ?/.,Do you have any strong opinions? /
ny,B,"Yeah/UH ,/,","Yeah, /"
sv,B,"I/PRP think/VBP it/PRP 's/BES probably/RB a/DT good/JJ ideal/NN ,/,","I think it's probably a good ideal, /"
qy,A,You/PRP do/VBP ?/.,You do? /
sv,B,"uh/UH ,/, I/PRP think/VBP ,/, given/VBN ,/, uh/UH ,/, given/VBN ,/, well/UH given/VBN that/IN there/EX are/VBP so/RB many/JJ people/NNS who/WP do/VBP n't/RB have/VB health/NN insurance/NN ./. It/PRP 's/BES probably/RB a/DT real/RB smart/JJ thing/NN ,/,","{F uh, } I think, [ [ given, + {F uh, } given, ] + {D well } given ] that there are so many people who don't have health insurance. It's probably a real smart thing,"
b,A,Uh-huh/UH ./.,Uh-huh. /
+,B,at/IN least/JJS to/TO have/VB some/DT basic/JJ coverage/NN for/IN everyone/NN ./.,at least to have some basic coverage for everyone. /
sv,B,"I/PRP mean/VBP ,/, you/PRP hear/VBP these/DT horror/NN stories/NNS of/IN people/NNS ,/, homeless/JJ people/NNS going/VBG to/IN the/DT hospital/NN and/CC ,/,","{E I mean, } you hear these horror stories of people, homeless people going to the hospital [ and, +"
b,A,Yeah/UH ./.,Yeah. /
+,B,"and/CC being/VBG thrown/VBN out/RB because/IN they/PRP have/VBP no/DT insurance/NN ,/,","and being thrown out because they have no insurance,"
b,A,Right/UH ./.,Right. /
+,B,and/CC having/VBG to/TO go/VB to/IN someplace/RB else/RB ./.,and having to go to someplace else. /
sv,B,"You/PRP know/VBP ,/, it/PRP would/MD be/VB nice/JJ if/IN ,/, no/DT matter/NN where/WRB you/PRP are/VBP ,/, or/CC who/WP you/PRP are/VBP ,/, what/WP happened/VBD ,/, you/PRP know/VBP ,/, what/WP happened/VBD to/IN you/PRP ,/, you/PRP just/RB go/VBP to/IN the/DT hospital/NN and/CC they/PRP say/VBP ,/, Okay/UH ,/, just/RB ,/, just/RB take/VB him/PRP ,/,","{D You know, } it would be nice if, no matter where you are, or who you are, what happened, {D you know, } what happened to you, you just go to the hospital and they say, {D Okay, } [ just, + just ] take him, /"
^q,B,and/CC we/PRP will/MD worry/VB about/IN who/WP he/PRP is/VBZ later/RB,{C and } we will worry about who he is later /
b,A,Yeah/UH ./.,Yeah. /
b,A,"Yeah/UH ,/,","Yeah, /"
sv,A,"I/PRP feel/VBP like/IN there/EX should/MD be/VB some/DT kind/NN of/IN coverage/NN made/VBN ,/,","I feel like there should be some kind of coverage made, /"
sv,A,"but/CC I/PRP ,/, I/PRP 'm/VBP really/RB leery/JJ of/IN a/DT ,/, kind/NN of/IN a/DT government/NN administrative/JJ health/NN insurance/NN or/CC medical/JJ plan/NN ,/, because/IN I/PRP just/RB feel/VBP like/IN everything/NN that/WDT the/DT government/NN takes/VBZ over/RP is/VBZ just/RB going/VBG to/TO be/VB run/VBN much/RB poorly/RB","{C but } [ I, + I'm ] really leery of a, kind of a government administrative health insurance or medical plan, because I just feel like everything that the government takes over is just going to be run much poorly /"
sv,A,and/CC it/PRP is/VBZ going/VBG to/TO be/VB about/RB six/CD times/NNS more/RBR expensive/JJ ./.,{C and } it is going to be about six times more expensive. /
aa,B,"Yeah/UH ,/,","Yeah, /"
aa,B,"I/PRP know/VBP ,/, that/DT ,/, that/DT 's/BES certainly/RB true/JJ ./.","I know, [ that, + that's ] certainly true. /"
sd,B,"But/CC ,/, I/PRP wonder/VBP about/IN like/IN ,/, like/IN in/IN Canada/NNP ./.","{C But, } I wonder about [ like, + like ] in Canada. /"
b,A,Uh-huh/UH ./.,Uh-huh. /
sd,B,"In/IN Canada/NNP ,/, where/WRB everybody/NN ,/, uh/UH ,/, everybody/NN automatically/RB has/VBZ insurance/NN in/IN Canada/NNP ./.","In Canada, where everybody, {F uh, } everybody automatically has insurance in Canada. /"
b,A,"Right/UH ,/,","Right, /"
sd,A,"and/CC they/PRP have/VBP that/DT in/IN England/NNP too/RB ,/,","{C and } they have that in England too, /"
sv,A,"but/CC I/PRP think/VBP that/IN it/PRP 's/BES a/DT pretty/RB poor/JJ ,/,","{C but } I think that it's a pretty poor, /"
sv,A,they/PRP get/VBP a/DT lot/NN lower/JJR quality/NN care/NN than/IN we/PRP do/VBP ./.,they get a lot lower quality care than we do. /
sd,A,"Now/UH ,/, I/PRP know/VBP some/DT people/NNS do/VBP n't/RB agree/VB with/IN me/PRP ,/,","{D Now, } I know some people don't agree with me, /"
sv,A,"but/CC ,/, uh/UH ,/, I/PRP know/VBP you/PRP have/VBP to/TO wait/VB real/RB long/JJ time/NN to/TO get/VB ,/, for/IN certain/JJ surgeries/NNS that/WDT are/VBP n't/RB emergency/NN ,/,","{C but, } {F uh, } I know you have to wait real long time to get, [ for + ] certain surgeries that aren't emergency, /"
sv,A,"and/CC you/PRP do/VBP n't/RB have/VB the/DT kind/NN of/IN choices/NNS that/WDT we/PRP have/VBP here/RB ,/,","{C and } you don't have the kind of choices that we have here, /"
b,B,Yeah/UH ./.,Yeah. /
sd,A,"And/CC ,/, uh/UH ,/, I/PRP 've/VBP worked/VBN a/DT lot/NN in/IN doctor/NN 's/POS offices/NNS and/CC hospitals/NNS","{C And, } {F uh, } I've worked a lot in doctor's offices and hospitals /"
sv,A,and/CC I/PRP really/RB do/VBP n't/RB want/VB to/TO give/VB up/RP having/VBG those/DT choices/NNS ./.,{C and } I really don't want to give up having those choices. /
aa,B,That/DT 's/BES true/JJ ./.,That's true. /
aa,B,"That/DT 's/BES ,/, that/DT 's/BES true/JJ ./.","[ That's, + that's ] true. /"
%,A,"I/PRP think/VBP ,/,","I think, - /"
sv,A,"I/PRP mean/VBP ,/, there/EX is/VBZ a/DT night/NN and/CC day/NN difference/NN between/IN good/JJ doctors/NNS and/CC bad/JJ doctors/NNS ,/, and/CC good/JJ hospitals/NNS and/CC bad/JJ doc-/XX ,/, hospitals/NNS ./.","{E I mean, } there is a night and day difference between good doctors and bad doctors, and good hospitals and bad [ doc-, + ] hospitals. /"
aa,B,"That/DT 's/BES true/JJ ,/,","That's true, /"
aa,B,that/DT 's/BES true/JJ ./.,that's true. /
sd,A,"And/CC in/IN England/NNP ,/, at/IN least/JJS at/IN the/DT time/NN when/WRB I/PRP was/VBD familiar/JJ with/IN it/PRP ,/, about/RB ten/CD years/NNS ago/RB ,/, they/PRP just/RB told/VBD you/PRP what/WP day/NN you/PRP had/VBD to/TO show/VB up/RP and/CC where/WRB you/PRP had/VBD to/TO show/VB up/RP and/CC who/WP your/PRP$ doctor/NN was/VBD going/VBG to/TO be/VB ./.","{C And } in England, at least at the time when I was familiar with it, about ten years ago, they just told you what day you had to show up and where you had to show up and who your doctor was going to be. /"
%,B,"Oh/UH ,/, you/PRP","{F Oh, } you - /"
qy,B,so/RB did/VBD n't/RB get/VB any/DT choices/NNS at/IN all/DT ?/.,{C so } didn't get any choices at all? /
nn,A,"No/UH ,/,","No, /"
nn,A,no/UH ./.,no. /
sd,A,I/PRP mean/VBP that/DT ./.,I mean that. /
ba,B,"Oh/UH ,/, that/DT 's/BES a/DT problem/NN ./.","{F Oh, } that's a problem. /"
b,A,Yeah/UH ./.,Yeah. /
b,B,"Yeah/UH ,/,","Yeah, /"
sd,B,"because/IN I/PRP know/VBP ,/, I/PRP know/VBP even/RB among/IN ,/,","because [ I know, + I know ] even among, - /"
sd,B,"even/RB now/RB ,/, the/DT way/NN we/PRP have/VBP it/PRP now/RB ,/, there/EX are/VBP still/RB ./.","even now, the way we have it now, there are still. -/"
sv,A,"It/PRP 's/BES getting/VBG worse/JJR ,/,","It's getting worse, /"
^g,A,is/VBZ n't/RB it/PRP ?/.,isn't it? /
ny,B,"Yeah/UH ,/,","Yeah, /"
sd,B,"I/PRP mean/VBP like/UH we/PRP have/VBP ,/,","{E I mean } {D like } we have,"
b,A,Yeah/UH ./.,Yeah. /
+,B,an/DT H/NN M/NN O/NN allows/VBZ us/PRP to/TO pick/VB our/PRP$ own/JJ physicians/NNS ./.,an H M O allows us to pick our own physicians. /
b,A,"Right/UH ,/,","Right, /"
b,A,right/UH ./.,right. /
sd,B,"I/PRP mean/VBP I/PRP picked/VBD a/DT primary/JJ care/NN physician/NN and/CC just/RB did/VBD n't/RB like/VB him/PRP ,/, you/PRP know/VBP ./.","{E I mean } I picked a primary care physician and just didn't like him, {D you know. } /"
b,A,Uh-huh/UH ./.,Uh-huh. /
sd,B,I/PRP had/VBD to/TO switch/VB because/IN I/PRP just/RB thought/VBD he/PRP was/VBD a/DT quack/NN ./.,I had to switch because I just thought he was a quack. /
aa,A,Right/UH ./.,Right. /
aa,A,"That/DT 's/BES exactly/RB the/DT problem/NN ,/,","That's exactly the problem, /"
sv,A,"there/EX 's/BES just/RB so/RB many/JJ ,/, such/JJ variation/NN","there's just so many, such variation /"
%,A,"and/CC it/PRP 's/BES ,/,","{C and } it's, - /"
sv,A,"but/CC see/UH ,/, I/PRP guess/VBP ,/, what/WP they/PRP had/VBD in/IN England/NNP ,/, and/CC I/PRP guess/VBP in/IN Canada/NNP is/VBZ socialized/JJ medicine/NN ./.","{C but } {D see, } I guess, what they had in England, and I guess in Canada is socialized medicine. /"
sv,A,"So/RB maybe/RB ,/, that/DT 's/BES like/IN the/DT extreme/NN of/IN it/PRP ./.","{C So } maybe, that's {D like } the extreme of it. /"
qy,A,Do/VBP you/PRP think/VBP ?/.,Do you think? /
aa,B,"Yeah/UH ,/,","Yeah, /"
aa,B,"yeah/UH ,/,","yeah, /"
sv,B,"that/DT is/VBZ the/DT extreme/NN ,/,","that is the extreme, /"
sv,B,"and/CC what/WP that/IN ,/, what/WP that/IN I/PRP think/VBP that/DT tends/VBZ to/TO do/VB though/IN is/VBZ I/PRP think/VBP that/DT tends/VBZ to/TO ,/,","{C and } [ what that, + what that ] I think that tends to do though is I think that tends to, - /"
sv,B,"it/PRP probably/RB has/VBZ two/CD ,/, a/DT good/JJ and/CC a/DT bad/JJ side/NN ,/,","it probably has two, a good and a bad side,"
b,A,Uh-huh/UH ./.,Uh-huh. /
+,B,"for/IN young/JJ people/NNS wanting/VBG to/TO become/VB doctors/NNS ./. Which/WDT again/RB a/DT lot/NN of/IN people/NNS who/WP are/VBP motivated/JJ ,/, because/IN the/DT money/NN is/VBZ n't/RB ,/, I/PRP guess/VBP ,/, as/RB much/JJ ,/,","for young people wanting to become doctors. Which again a lot of people who are motivated, because the money isn't, I guess, as much,"
b,A,Right/UH ./.,Right. /
+,B,"for/IN doctors/NNS anymore/RB ,/,","for doctors anymore, /"
b,A,Right/UH ./.,Right. /
sv,B,"so/RB you/PRP wind/VBP ,/, you/PRP wind/VBP up/RP getting/VBG the/DT people/NNS who/WP really/RB want/VBP to/TO be/VB doctors/NNS ,/, being/VBG doctors/NNS ,/,","{C so } [ you wind, + you wind ] up getting the people who really want to be doctors, being doctors, /"
^2,A,Really/RB want/VBP to/TO ./.,Really want to. -/
sv,B,"but/CC then/RB again/RB ,/, you/PRP know/VBP ,/, you/PRP do/VBP n't/RB get/VB those/DT people/NNS who/WP would/MD be/VB good/JJ ,/,","{C but } then again, {D you know, } you don't get those people who would be good,"
b,A,Right/UH ./.,Right. /
+,B,"and/CC are/VBP real/RB smart/JJ and/CC decided/VBD ,/, Hey/UH ,/, I/PRP want/VBP to/TO make/VB a/DT lot/NN of/IN money/NN ,/,","and are real smart and decided, {D Hey, } I want to make a lot of money, /"
^q,B,so/RB I/PRP will/MD go/VB into/IN medicine/NN ./.,{C so } I will go into medicine. /
sv,B,You/PRP do/VBP n't/RB get/VB those/DT ./.,You don't get those. /
aa,A,"Right/UH ,/,","Right, /"
%,A,"or/CC that/IN ,/,","{C or } that, - /"
aa,A,"yeah/UH ,/,","yeah, /"
aa,A,"exactly/UH ,/,","exactly, /"
sv,A,"or/CC people/NNS also/RB get/VBP the/DT feeling/NN that/IN ,/, well/UH jeez/UH ,/, you/PRP know/VBP ,/, you/PRP do/VBP n't/RB have/VB to/TO worry/VB about/IN ,/, you/PRP have/VBP a/DT lot/NN of/IN job/NN security/NN there/EX ,/,","{C or } people also get the feeling that, {D well } {D jeez, } {D you know, } [ you don't have to worry about, + ] you have a lot of job security there, /"
sv,A,"and/CC it/PRP 's/BES more/JJR of/IN ,/, uh/UH ,/, seniority/NN ,/, I/PRP would/MD imagine/VB kind/RB of/RB thing/NN ,/, instead/IN of/IN having/VBG a/DT skill/NN or/CC ,/, or/CC whatever/WDT to/TO advance/VB ,/,","{C and } it's more of, {F uh, } seniority, I would imagine kind of thing, instead of having a skill [ or, + or ] whatever to advance, /"
aa,B,Yeah/UH ./.,Yeah. /
aa,B,That/DT 's/BES true/JJ ./.,That's true. /
sv,A,"so/RB you/PRP do/VBP n't/RB necessarily/RB get/VB the/DT kind/NN of/IN quality/NN control/NN or/CC the/DT kind/NN of/IN ,/,","{C so } you don't necessarily get the kind of quality control or the kind of, - /"
h,A,I/PRP do/VBP n't/RB know/VB ./.,I don't know. /
b,B,"Yeah/UH ,/,","Yeah, /"
sd,B,"it/PRP would/MD be/VB nice/JJ to/TO see/VB something/NN where/WRB at/IN least/JJS ,/,","it would be nice to see something where at least, -/"
sv,A,I/PRP think/VBP we/PRP have/VBP to/TO have/VB something/NN ./.,I think we have to have something. /
sv,A,We/PRP really/RB do/VBP ./.,We really do. /
sv,B,"I/PRP mean/VBP ,/, even/RB something/NN that/WDT says/VBZ you/PRP know/VBP look/VB ,/, free/JJ major/JJ medical/JJ for/IN all/DT ,/, you/PRP know/VBP ,/, everyone/NN","{E I mean, } even something that says {D you know } look, free major medical for all, {D you know, } everyone /"
sd,B,"and/CC then/RB ,/,","{C and then, }"
b,A,Yeah/UH ./.,Yeah. /
+,B,"beyond/IN that/DT ,/, you/PRP could/MD work/VB out/RP on/IN your/PRP$ own/JJ if/IN you/PRP want/VBP ./.","beyond that, you could work out on your own if you want. /"
b,A,"Yeah/UH ,/,","Yeah, /"
ba,A,"I/PRP know/VBP ,/,","I know, /"
h,A,"I/PRP ,/, I/PRP do/VBP n't/RB know/VB ,/,","[ I, + I ] don't know, /"
%,A,"I/PRP ,/,","I, - /"
sd,A,having/VBG worked/VBN in/IN doctor/NN 's/POS offices/NNS and/CC stuff/NN I/PRP see/VBP it/PRP from/IN a/DT physician/NN 's/POS point/NN of/IN view/NN ./.,having worked in doctor's offices and stuff I see it from a physician's point of view. /
sv,A,"And/CC I/PRP ,/,","{C And } [ I, +"
b,B,Uh-huh/UH ./.,Uh-huh. /
+,A,"I/PRP think/VBP the/DT problem/NN with/IN the/DT skyrocketing/VBG cost/NN right/RB now/RB is/VBZ the/DT insurance/NN companies/NNS because/IN ,/,","I ] think the problem with the skyrocketing cost right now is the insurance companies because,"
b,B,"Oh/UH ,/, yeah/UH ./.","{F Oh, } yeah. /"
+,A,"I/PRP do/VBP n't/RB see/VB doctors/NNS getting/VBG real/RB rich/JJ ,/,","I don't see doctors getting real rich, /"
sv,A,"and/CC I/PRP think/VBP hospitals/NNS do/VBP make/VB money/NN ,/, but/CC not/RB nearly/RB as/RB much/JJ as/IN insurance/NN companies/NNS ./.","{C and } I think hospitals do make money, but not nearly as much as insurance companies. /"
b,B,"Oh/UH ,/, right/UH ./.","{F Oh, } right. /"
nn,B,No/UH ./.,No. /
sv,A,I/PRP think/VBP they/PRP are/VBP really/RB making/VBG a/DT killing/NN and/CC nobody/NN is/VBZ talking/VBG about/IN it/PRP ./.,I think they are really making a killing and nobody is talking about it. /
%,A,"Nobody/NN 's/BES ,/,","Nobody's, -/"
b,B,"Yeah/UH ,/,","Yeah, /"
sv,B,"they/PRP are/VBP the/DT ones/NNS who/WP make/VBP ,/,","they are the ones who make, - /"
sv,B,"I/PRP mean/VBP they/PRP are/VBP the/DT ones/NNS ,/,","{E I mean } they are the ones, - /"
sv,B,"they/PRP have/VBP ,/, you/PRP know/VBP ,/, the/DT MUMBLEx/XX although/IN ,/,","they have, {D you know, } the (( )) although, - /"
%,B,"I/PRP mean/VBP ,/, it/PRP 's/BES","{E I mean, } it's - /"
sv,B,"the/DT unfortunate/JJ part/NN of/IN that/DT is/VBZ that/IN the/DT people/NNS ,/, I/PRP think/VBP ,/, tend/VBP to/TO forget/VB that/IN doctors/NNS are/VBP humans/NNS as/RB well/RB ./.","the unfortunate part of that is that the people, I think, tend to forget that doctors are humans as well. /"
b,A,Uh-huh/UH ./.,Uh-huh. /
%,B,So/IN that/IN,{C So } that - /
sd,B,"insurance/NN companies/NNS have/VBP to/TO charge/VB a/DT substantial/JJ amount/NN for/IN certain/JJ people/NNS ,/, or/CC certain/JJ types/NNS of/IN ,/, of/IN doctors/NNS ,/, given/VBN that/IN ,/, you/PRP know/VBP ,/, someone/NN decides/VBZ to/TO have/VB a/DT malpractice/NN suit/NN against/IN them/PRP ,/, well/RB ,/, they/PRP could/MD take/VB ,/, you/PRP know/VBP ,/, it/PRP could/MD be/VB millions/NNS ,/, I/PRP mean/VBP ,/, unfortunately/RB ./.","insurance companies have to charge a substantial amount for certain people, or certain types [ of, + of ] doctors, given that, {D you know, } someone decides to have a malpractice suit against them, {D well, } [ they could take, + ] {D you know, } it could be millions, {E I mean, } unfortunately. /"
b,A,Right/UH ./.,Right. /
%,B,"And/CC if/IN the/DT doctor/NN ,/, whether/IN ,/, it/PRP was/VBD ,/, you/PRP know/VBP ,/,","{C And } if the doctor, whether, it was, {D you know, } - /"
sd,B,"I/PRP mean/VBP I/PRP 'm/VBP sure/JJ there/EX are/VBP those/DT cases/NNS where/WRB ,/, where/WRB the/DT doctor/NN is/VBZ wrong/JJ or/CC malicious/JJ or/CC something/NN ./.","{E I mean } I'm sure there are those cases [ [ where, + where ] the doctor is wrong or malicious or something. /"
b,A,"Right/UH ,/,","Right, /"
b,A,right/UH ./.,right. /
sv,B,"But/CC you/PRP know/VBP their/PRP$ ,/, you/PRP know/VBP ./.","{C But } you know their, {D you know. }"
^2,A,Their/PRP$ mistakes/NNS are/VBP made/VBN ./.,Their mistakes are made. /
+,B,"Mistakes/NNS ,/, you/PRP know/VBP ./.","Mistakes, {D you know. } -/"
b,A,Right/UH ./.,Right. /
sv,B,"Everybody/NN makes/VBZ mistakes/NNS ,/, unfortunately/RB ./.","Everybody makes mistakes, unfortunately. /"
aa,A,Sure/UH ./.,Sure. /
sv,B,"It/PRP should/MD n't/RB be/VB a/DT billion/CD dollar/NN ,/, you/PRP know/VBP ,/, industry/NN ./.","It shouldn't be a billion dollar, {D you know, } industry. /"
b,A,Yeah/UH ./.,Yeah. /
sv,B,"and/CC this/DT is/VBZ ,/, this/DT is/VBZ their/PRP$ compensation/NN ./.","{C and } [ this is, + this is ] their compensation. /"
%,B,"Not/RB ,/,","Not, -/"
b,A,"So/RB ,/, yeah/UH ,/,","{C So, } yeah, /"
sv,A,I/PRP think/VBP that/DT 's/BES the/DT legal/JJ part/NN of/IN it/PRP coming/VBG into/IN it/PRP to/TO ./.,I think that's the legal part of it coming into it to. /
b,B,"Yeah/UH ,/,","Yeah, /"
sv,B,that/DT is/VBZ a/DT big/JJ problem/NN ./.,that is a big problem. /
sv,A,I/PRP wonder/VBP if/IN we/PRP should/MD have/VB a/DT limit/NN on/IN how/WRB much/JJ people/NNS can/MD sue/VB for/IN ./.,I wonder if we should have a limit on how much people can sue for. /
aa,B,That/DT would/MD be/VB nice/JJ ./.,That would be nice. /
sd,A,"Or/CC ,/, or/CC ,/, ,/, I/PRP do/VBP n't/RB know/VB because/IN then/RB that/DT 's/BES where/WRB the/DT insurance/NN company/NN ,/,","[ {C Or, } + {C or, ] } <laughter>, I don't know because then that's where the insurance company, - /"
b,B,Uh-huh/UH ./.,Uh-huh. /
sv,B,It/PRP would/MD be/VB a/DT lot/NN better/JJR ./.,It would be a lot better. /
%,B,"Yeah/UH ,/,","Yeah, /"
b,A,Yeah/UH ./.,Yeah. /
sd,B,"I/PRP mean/VBP I/PRP 'm/VBP sort/RB of/RB in/IN a/DT ,/, in/IN a/DT government/NN run/JJ medicine/NN program/NN ./.","{E I mean } I'm sort of [ in a, + in a ] government run medicine program. /"
%,B,Sort/RB of/RB ./.,Sort of. - /
%,B,"I/PRP 'm/VBP in/IN a/DT ,/,","I'm in a, -/"
^g,A,Are/VBP you/PRP ?/.,Are you? /
sd,B,"Well/UH ,/, well/UH I/PRP 'm/VBP a/DT graduate/NN student/NN ./.","{D Well, } {D well } I'm a graduate student. /"
bk,A,Okay/UH ./.,Okay. /
%,B,"And/CC ,/, uh/UH ./.","{C And, } {F uh. } -/"
qw,A,At/IN where/WRB ?/.,At where? /
bk,A,"Oh/UH ,/, okay/UH ./.","{F Oh, } okay. /"
b,A,Uh-huh/UH ./.,Uh-huh. /
sv,B,I/PRP 'll/MD bet/VB you/PRP are/VBP in/IN Texas/NNP ./.,I'll bet you are in Texas. /
%,A,I/PRP,I - /
br,A,what/WP ?/.,what? /
sd,A,I/PRP 'm/VBP in/IN Texas/NNP,I'm in Texas /
%,A,"yeah/UH ,/,","yeah, /"
%,A,yeah/UH ./.,yeah. /
sd,B,"I/PRP was/VBD going/VBG to/TO bet/VB that/IN ,/,","I was going to bet that, /"
b,B,okay/UH ./.,okay. /
%,B,"Uh/UH ,/, yeah/UH ,/,","{F Uh, } yeah, /"
b,A,Uh-huh/UH ./.,Uh-huh. /
ba,A,"Oh/UH ,/, great/UH ./.","{F Oh, } great. /"
b,A,Yeah/UH ./.,Yeah. /
sd,B,"And/CC because/IN the/DT university/NN ,/, the/DT university/NN offers/VBZ me/PRP two/CD plans/NNS ./.","{C And } {C because } [ the university, + the university ] offers me two plans. /"
sd,B,"They/PRP offer/VBP what/WP they/PRP call/VBP the/DT mandatory/JJ version/NN ,/,","They offer what they call the mandatory version,"
b,A,Oh/UH ./.,Oh. /
+,B,which/WDT is/VBZ basically/RB major/JJ medical/JJ,which is basically major medical /
b,A,Uh-huh/UH ./.,Uh-huh. /
b,A,Uh-huh/UH ./.,Uh-huh. /
b,A,Okay/UH ./.,Okay. /
%,B,"And/CC ,/, they/PRP do/VBP n't/RB ,/,","{C And, } they don't, - /"
sd,B,"and/CC even/RB though/IN my/PRP$ ,/, my/PRP$ wife/NN 's/POS insurance/NN covers/VBZ me/PRP ,/,","{C and } even though [ my, + my ] wife's insurance covers me,"
b,A,Yeah/UH ./.,Yeah. /
+,B,"for/IN everything/NN ,/,","for everything,"
b,A,Uh-huh/UH ./.,Uh-huh. /
+,B,I/PRP still/RB have/VBP to/TO pay/VB them/PRP a/DT hundred/CD and/CC some/DT odd/JJ dollars/NNS a/DT semester/NN ./.,I still have to pay them a hundred and some odd dollars a semester. /
ba,A,"Oh/UH ,/, no/UH ./.","{F Oh, } no. /"
sd,B,And/CC that/DT 's/BES for/IN the/DT mandatory/JJ portion/NN of/IN the/DT insurance/NN ./.,{C And } that's for the mandatory portion of the insurance. /
sv,A,"That/DT ,/, that/DT ,/, that/DT ca/MD n't/RB be/VB legal/JJ ./.","[ [ That, + that, ] + that ] can't be legal. /"
b,B,"Yeah/UH ,/,","Yeah, /"
sd,B,I/PRP 'm/VBP not/RB actually/UH sure/JJ if/IN it/PRP is/VBZ or/CC not/RB,I'm not actually sure if it is or not /
sv,B,"but/CC ,/, people/NNS sort/RB of/RB keep/VBP fighting/VBG it/PRP","{C but, } people sort of keep fighting it /"
%,B,"and/CC I/PRP 'm/VBP ,/,","{C and } I'm, - /"
sd,B,"and/CC I/PRP mean/VBP to/TO keep/VB fighting/VBG it/PRP ,/,","{C and } I mean to keep fighting it, /"
ba,A,"Oh/UH ,/, my/UH gosh/UH ./.","{F Oh, } my gosh. /"
sd,B,"but/CC you/PRP know/VBP ,/, it/PRP 's/BES just/RB one/CD of/IN these/DT things/NNS where/WRB I/PRP just/RB do/VBP n't/RB want/VB to/TO spend/VB my/PRP$ time/NN ./.","{C but } {D you know, } it's just one of these things where I just don't want to spend my time. /"
qw,A,"How/WRB can/MD they/PRP ,/, how/WRB can/MD they/PRP make/VB you/PRP pay/VBP for/IN insurance/NN coverage/NN ?/.","[ How can they, + how can they ] make you pay for insurance coverage? /"
%,B,"Well/UH ,/, the/DT reason/NN ,/,","{D Well, } the reason, - /"
sd,B,"their/PRP$ rational/JJ is/VBZ ,/, is/VBZ they/PRP make/VBP everyone/NN pay/VB for/IN it/PRP so/IN that/IN it/PRP ,/, it/PRP keeps/VBZ the/DT cost/NN of/IN university/NN health/NN services/NNS down/RP ,/,","their rational [ is, + is ] they make everyone pay for it so that [ it, + it ] keeps the cost of university health services down, /"
sd,B,and/CC everyone/NN can/MD use/VB it/PRP ./.,{C and } everyone can use it. /
sd,B,You/PRP know/VBP it/PRP ./.,You know it. -/
qw,A,"How/WRB ,/, how/WRB does/VBZ it/PRP keep/VBP the/DT cost/NN down/RP ?/.","[ How, + how ] does it keep the cost down? /"
sd,B,Because/IN everyone/NN is/VBZ now/RB forced/VBN to/TO pay/VB for/IN this/DT ./.,{C Because } everyone is now forced to pay for this. /
%,B,"And/CC there/RB is/VBZ like/IN an/DT ,/,","{C And } there is {D like } an, -/"
qy,A,"Oh/UH ,/, so/RB they/PRP just/RB use/VBP the/DT money/NN for/IN something/NN else/RB besides/IN your/PRP$ insurance/NN policy/NN ?/.","{F Oh, } {C so } they just use the money for something else besides your insurance policy? /"
nn,B,"Well/UH ,/, no/UH ,/,","{D Well, } no, /"
ny,B,"well/UH ,/, yeah/UH ,/,","{D well, } yeah, /"
sd,B,well/UH what/WP they/PRP use/VBP it/PRP,{D well } what they use it - /
nn,B,"no/UH ,/,","no, /"
sd,B,"what/WP they/PRP use/VBP it/PRP for/IN is/VBZ ,/, is/VBZ ,/, is/VBZ university/NN health/NN services/NNS ./.","what they use it for [ [ is, + is, ] + is ] university health services. /"
sd,B,"We/PRP have/VBP a/DT ,/,","[ We have a, +"
+,B,"we/PRP have/VBP a/DT hospital/NN here/RB ,/, and/CC a/DT subportion/NN of/IN the/DT hospital/NN ./.","we have a ] hospital here, and a subportion of the hospital. /"
qy^d,A,So/RB you/PRP 're/VBP subsidizing/VBG the/DT hospital/NN ./.,{C So } you're subsidizing the hospital. /
na,B,Right/UH,Right /
sd,B,"obviously/UH ,/, we/PRP 're/VBP paying/VBG for/IN the/DT welfare/NN state/NN ./.","obviously, we're paying for the welfare state. /"
sd,B,"Now/UH ,/, as/IN it/PRP turns/VBZ out/RP ,/, as/IN it/PRP turns/VBZ out/RP ,/, uh/UH ,/, my/PRP$ wife/NN and/CC I/PRP have/VBP chosen/VBN to/TO use/VB the/DT university/NN as/IN ,/,","{D Now, } [ as it turns out, + as it turns out, ] {F uh, } my wife and I have chosen to use the university [ as, + ]"
b,A,Uh-huh/UH ./.,Uh-huh. /
+,B,health/NN services/NNS as/IN our/PRP$ primary/JJ care/NN facility/NN ./.,health services as our primary care facility. /
sd,B,We/PRP can/MD do/VB that/DT ./.,We can do that. /
ba,A,"Oh/UH ,/, good/UH ./.","{F Oh, } good. /"
%,B,"So/RB ,/, in/IN ,/, in/IN ,/,","{C So, } [ in, + in, ] - /"
sd,B,"but/CC in/IN effect/NN ,/, I/PRP 'm/VBP paying/VBG twice/RB for/IN one/CD service/NN ./.","{C but } in effect, I'm paying twice for one service. /"
%,B,"So/RB ,/,","{C So, } -/"
aa,A,"You/PRP are/VBP ,/, you/PRP are/VBP","[ You are, + you are ] - /"
ba,A,I/PRP know/VBP ./.,I know. /
sd,A,"And/CC see/UH that/DT 's/BES the/DT thing/NN ,/,","{C And } {D see } that's the thing, /"
sd,A,"that/WDT is/VBZ the/DT thing/NN ,/,","that is the thing, /"
sd,A,"now/RB that/IN I/PRP 'm/VBP in/IN my/PRP$ thirties/NNS now/RB ,/, and/CC I/PRP have/VBP three/CD kids/NNS","now that I'm in my thirties now, and I have three kids - /"
sd,A,"and/CC I/PRP mean/VBP ,/, I/PRP 'm/VBP very/RB liberal/JJ ./.","{C and } {E I mean, } I'm very liberal. /"
sd,A,"I/PRP 'm/VBP extremely/RB liberal/JJ ,/,","I'm extremely liberal, /"
%,A,"and/CC ,/, uh/UH ,/, I/PRP ,/,","{C and, } {F uh, } I, - /"
sd,A,"but/CC now/RB I/PRP just/RB in/IN the/DT last/JJ couple/NN of/IN years/NNS ./. I/PRP have/VBP gotten/VBN to/IN the/DT point/NN where/WRB I/PRP am/VBP saying/VBG I/PRP just/RB can/MD not/RB afford/VB to/TO pay/VB anymore/RB ,/,","{C but } now I just in the last couple of years. I have gotten to the point where I am saying I just cannot afford to pay anymore,"
b,B,Uh-huh/UH ./.,Uh-huh. /
+,A,to/TO help/VB people/NNS out/RP ./.,to help people out. /
sd,A,"I/PRP ,/, I/PRP want/VBP to/TO keep/VB helping/VBG people/NNS out/RP","[ I, + I ] want to keep helping people out /"
sv,A,"but/CC I/PRP need/VBP for/IN the/DT government/NN or/CC the/DT agencies/NNS ,/, to/TO find/VB a/DT way/NN to/TO do/VB it/PRP on/IN the/DT amount/NN of/IN money/NN ,/, you/PRP know/VBP ,/, that/WDT I/PRP can/MD afford/VB ./.","{C but } I need for the government or the agencies, to find a way to do it on the amount of money, {D you know, } that I can afford. /"
b,B,Yeah/UH ./.,Yeah. /
sd,A,I/PRP just/RB ca/MD n't/RB afford/VB anymore/RB ./.,I just can't afford anymore. /
b,B,Yeah/UH ./.,Yeah. /
sv,A,"It/PRP 's/BES ,/, it/PRP 's/BES just/RB outrageously/RB ./.","[ It's, + it's ] just outrageously. - /"
sd,A,"It/PRP 's/BES just/RB starting/VBG to/TO get/VB me/PRP angry/JJ ,/,","It's just starting to get me angry, /"
sd,A,"and/CC for/IN the/DT first/JJ time/NN in/IN my/PRP$ life/NN ./. I/PRP am/VBP starting/VBG to/TO feel/VB like/IN I/PRP ,/, I/PRP ./.","{C and } for the first time in my life. I am starting to feel like [ I, + I. ] - /"
b,B,Yeah/UH ./.,Yeah. /
na,B,"Well/UH that/DT 's/BES ,/, that/DT 's/BES certainly/RB true/JJ ,/,","{D Well } [ that's, + that's ] certainly true, /"
sd,A,"I/PRP mean/VBP ,/, if/IN I/PRP ca/MD n't/RB afford/VB to/TO have/VB some/DT kind/NN of/IN volun-/XX ,/, optional/JJ operation/NN for/IN myself/PRP ./.","{E I mean, } if I can't afford to have some kind of [ volun-, + ] optional operation for myself. - /"
sd,A,"Because/IN our/PRP$ ,/, our/PRP$ medical/JJ coverage/NN has/VBZ gotten/VBN increasingly/RB worse/JJR over/IN ,/, let/NN 's/PRP see/VB ,/, the/DT past/JJ five/CD years/NNS ,/, to/IN the/DT point/NN now/RB where/WRB even/RB if/IN we/PRP need/VBP surgery/NN ,/, our/PRP$ insurance/NN only/RB covers/VBZ eighty/CD percent/NN of/IN it/PRP ./.","{C Because } [ our, + our ] medical coverage has gotten increasingly worse over, let's see, the past five years, to the point now where even if we need surgery, our insurance only covers eighty percent of it. /"
b,B,"Right/UH ,/,","Right, /"
ba,B,which/WDT is/VBZ ridiculous/JJ ./.,which is ridiculous. /
b,A,"And/CC ,/, right/UH","{C And, } right /"
sd,A,"and/CC so/RB no/DT matter/NN what/WP happens/VBZ to/IN me/PRP ,/, if/IN I/PRP get/VBP in/IN a/DT car/NN accident/NN this/DT afternoon/NN ,/, I/PRP have/VBP no/DT way/NN of/IN ,/, you/PRP know/VBP ,/, no/DT way/NN of/IN being/VBG able/JJ to/TO afford/VB the/DT outrageous/JJ medical/JJ costs/NNS ,/,","{C and so } no matter what happens to me, if I get in a car accident this afternoon, I have [ no way of, + {D you know, } no way of ] being able to afford the outrageous medical costs,"
b,B,Yeah/UH ./.,Yeah. /
+,A,because/IN my/PRP$ insurance/NN is/VBZ now/RB only/RB eighty/CD percent/NN of/IN whatever/WDT it/PRP 's/BES going/VBG to/TO be/VB ./.,because my insurance is now only eighty percent of whatever it's going to be. /
sd,A,"And/CC ,/, uh/UH ,/, so/RB on/IN top/NN of/IN that/DT ,/, uh/UH ,/, then/RB ,/, what/WP if/IN I/PRP ,/, what/WP if/IN we/PRP decide/VBP to/TO have/VB universal/JJ health/NN insurance/NN ,/,","[ {C And, } + {F uh, } {C so } ] on top of that, {F uh, } then, [ what if I, + what if we ] decide to have universal health insurance, /"
sd,A,"I/PRP 'm/VBP subsidizing/VBG ,/,","I'm subsidizing, -/"
^2,B,Everybody/NN else/RB ./.,Everybody else. /
sd,A,"And/CC what/WP if/IN they/PRP are/VBP lucky/JJ enough/RB to/TO get/VB into/IN a/DT doctor/NN and/CC a/DT program/NN that/WDT 's/BES going/VBG to/TO say/VB ,/, Okay/UH ,/, well/UH ,/, you/PRP really/RB need/VBP to/TO have/VB those/DT varicose/NN veins/NNS fixed/VBN ,/, or/CC your/PRP$ teeth/NNS fixed/VBN or/CC something/NN like/IN that/DT ./.","{C And } what if they are lucky enough to get into a doctor and a program that's going to say, {D Okay, } {D well, } you really need to have those varicose veins fixed, or your teeth fixed or something like that. /"
b,B,Right/UH ./.,Right. /
sd,A,And/CC I/PRP am/VBP paying/VBG for/IN it/PRP ./.,{C And } I am paying for it. /
sv,A,"You/PRP know/VBP ,/, stuff/NN like/IN that/DT has/VBZ happened/VBN with/IN education/NN and/CC with/IN other/JJ things/NNS that/WDT you/PRP hear/VBP about/IN","{D You know, } stuff like that has happened with education and with other things that you hear about /"
t1,A,"and/CC it/PRP 's/BES just/RB ,/, Wait/VB a/DT minute/NN ./.","{C and } it's just, Wait a minute <laughter>. /"
sd,A,"You/PRP know/VBP ,/, my/PRP$ kids/NNS are/VBP n't/RB getting/VBG that/DT ./.","{D You know, } my kids aren't getting that. /"
qw,A,"How/WRB come/VB their/PRP$ ,/, their/PRP$ kids/NNS are/VBP getting/VBG that/DT ?/.","How come [ their, + their ] kids are getting that? /"
aa,B,Yeah/UH ./.,Yeah. /
aa,B,"Exactly/UH ,/,","Exactly, /"
%,B,"I/PRP do/VBP n't/RB ,/, I/PRP do/VBP n't/RB ,/, uh/UH ./.","[ I don't, + I don't, ] {F uh. } -/"
sd,A,And/CC I/PRP know/VBP it/PRP 's/BES only/RB in/IN a/DT few/JJ cases/NNS,{C And } I know it's only in a few cases /
sd,A,"and/CC I/PRP do/VBP n't/RB want/VB them/PRP to/TO ,/, uh/UH ,/, to/TO cut/VB funding/NN for/IN welfare/NN programs/NNS or/CC anything/NN ./.","{C and } I don't want them [ to, + {F uh, } to ] cut funding for welfare programs or anything. /"
sd,A,"I/PRP do/VBP n't/RB want/VB them/PRP to/TO do/VB that/DT ,/, because/IN I/PRP know/VBP a/DT lot/NN of/IN people/NNS ,/, they/PRP live/VBP right/RB on/IN the/DT edge/NN","I don't want them to do that, because I know a lot of people, they live right on the edge /"
sv,A,and/CC they/PRP need/VBP that/DT ./.,{C and } they need that. /
b,B,Uh-huh/UH ./.,Uh-huh. /
%,A,"But/CC ,/, but/CC ./.","[ {C But, } + {C but. } ] -/"
b,B,"Yeah/UH ,/,","Yeah, /"
sd,B,"it/PRP 's/BES ,/, it/PRP 's/BES one/CD of/IN the/DT strange/JJ ,/,","[ it's, + it's ] one of the strange, - /"
sv,B,I/PRP think/VBP it/PRP 's/BES strange/JJ that/IN as/IN you/PRP get/VBP older/JJR ./.,I think it's strange that as you get older. -/
b,A,Uh-huh/UH ./.,Uh-huh. /
sv,B,"I/PRP think/VBP ,/, I/PRP think/VBP the/DT tendency/NN is/VBZ that/IN as/IN people/NNS get/VBP older/JJR ,/,","[ I think, + I think ] the tendency is that as people get older,"
b,A,Uh-huh/UH ./.,Uh-huh. /
+,B,"and/CC gain/NN ,/, I/PRP do/VBP n't/RB want/VB ,/, I/PRP do/VBP n't/RB want/VB to/TO say/VB more/JJR responsibility/NN ,/, but/CC you/PRP know/VBP ,/, things/NNS like/IN homes/NNS and/CC kids/NNS ,/,","and gain, [ I don't want, + I don't want ] to say more responsibility, but {D you know, } things like homes and kids,"
b,A,Uh-huh/UH ./.,Uh-huh. /
b,A,Right/UH ./.,Right. /
b,A,"Well/UH ,/, yeah/UH ,/,","{D Well, } yeah, /"
%,A,"that/DT 's/BES ,/,","that's, - /"
sd,A,"and/CC it/PRP 's/BES ,/, uh/UH ,/, it/PRP 's/BES funny/JJ because/IN a/DT couple/NN of/IN years/NNS ago/RB ,/, I/PRP heard/VBD a/DT quote/NN from/IN Winston/NNP Churchill/NNP ./.","{C and } [ it's, + {F uh, } it's ] funny because a couple of years ago, I heard a quote from Winston Churchill. /"
^h,A,"Let/VB 's/PRP see/VB if/IN I/PRP can/MD remember/VB it/PRP ,/,","Let's see if I can remember it, /"
^q,A,"anybody/NN who/WP 's/BES not/RB a/DT liberal/NN in/IN his/PRP$ twenties/NNS has/VBZ no/DT heart/NN ,/,","anybody who's not a liberal in his twenties has no heart, /"
^q,A,and/CC a/DT person/NN who/WP is/VBZ not/RB a/DT conservative/NN in/IN his/PRP$ fifties/NNS has/VBZ no/DT brain/NN ./.,{C and } a person who is not a conservative in his fifties has no brain. /
h,A,It/PRP was/VBD something/NN like/IN that/DT ./.,It was something like that <laughter>. /
aa,B,That/DT 's/BES probably/RB very/RB true/JJ ./.,That's probably very true. /
b,A,"Yeah/UH ,/,","<Laughter> Yeah, /"
h,A,"and/CC I/PRP do/VBP n't/RB know/VB ,/,","{C and } I don't know, /"
sd,A,"I/PRP guess/VBP that/DT 's/BES what/WP 's/BES happening/VBG to/IN me/PRP ,/,","I guess that's what's happening to me, /"
sd,A,"but/CC I/PRP ,/, I/PRP think/VBP it/PRP 's/BES just/RB starting/VBG ,/, uh/UH ,/,","{C but } [ I, + I ] think it's just starting, {F uh, } /"
%,A,"it/PRP 's/BES ,/, it/PRP 's/BES ,/,","[ it's, + it's, ] - /"
sd,A,"I/PRP ,/, I/PRP do/VBP n't/RB know/VB maybe/RB other/JJ people/NNS ,/,","[ I, + I ] don't know maybe other people, - /"
%,A,"I/PRP ,/,","I, - /"
qy,A,"do/VBP you/PRP think/VB it/PRP 's/BES a/DT sign/NN of/IN the/DT times/NNS ,/, that/WDT people/NNS are/VBP starting/VBG to/TO say/VB ,/, All/RB right/JJ ,/, we/PRP really/RB mean/VBP it/PRP ,/, no/DT more/JJR taxes/NNS ,/,","do you think it's a sign of the times, that people are starting to say, {D All right, } we really mean it, no more taxes <laughter>, /"
sd,A,or/CC maybe/RB this/DT is/VBZ just/RB my/PRP$ own/JJ personal/NN ./.,{C or } maybe this is just my own personal. -/
nn,B,"No/UH ,/,","No, /"
sv,B,"I/PRP think/VBP ,/, I/PRP think/VBP people/NNS are/VBP starting/VBG to/TO really/RB mean/VB it/PRP ,/,","[ I think, + I think ] people are starting to really mean it, /"
sv,B,"I/PRP mean/VBP everywhere/RB you/PRP ,/, you/PRP look/VBP ,/, you/PRP are/VBP getting/VBG something/NN new/JJ ./.","{E I mean } everywhere [ you, + you ] look, you are getting something new. /"
sv,B,"I/PRP mean/VBP ,/, you/PRP start/VBP off/RP ,/,","{E I mean, } you start off,"
b,A,Yeah/UH ./.,Yeah. /
+,B,"you/PRP know/VBP ,/, especially/RB ,/, uh/UH ,/,","{D you know, } especially, {F uh, } - /"
qy,B,"you/PRP guys/NNS I/PRP believe/VBP in/IN Texas/NNP you/PRP do/VBP n't/RB have/VB state/NN tax/NN ,/, do/VBP you/PRP ?/.","you guys I believe in Texas you don't have state tax, do you? /"
nn,A,"No/UH ,/,","No, /"
sd,A,no/UH income/NN tax/NN ./.,no income tax. /
b,B,"Right/UH ,/,","Right, /"
sd,B,"we/PRP have/VBP ,/, we/PRP have/VBP federal/JJ income/NN tax/NN ./.","[ we have, + we have ] federal income tax."
b,A,Yeah/UH ./.,Yeah. /
+,B,"State/NN income/NN tax/NN ,/, local/JJ income/NN tax/NN ./.","State income tax, local income tax. /"
b,A,Oh/UH ./.,Oh. /
b,A,Oh/UH ./.,Oh. /
ba,A,Wow/UH ./.,Wow. /
sd,B,"So/RB on/IN top/NN of/IN the/DT federal/JJ tax/NN on/IN gasoline/NN ,/,","{C So } on top of the federal tax on gasoline,"
b,A,Yeah/UH ./.,Yeah. /
+,B,"we/PRP have/VBP state/NN tax/NN on/IN gasoline/NN ,/,","we have state tax on gasoline, /"
%,B,so/RB we/PRP are/VBP just/RB ./.,{C so } we are just. -/
b,A,"Yeah/UH ,/,","Yeah, /"
sd,A,"but/CC I/PRP tell/VBP you/PRP ,/, uh/UH ,/, we/PRP have/VBP incredible/JJ property/NN taxes/NNS down/IN here/RB ./.","{C but } I tell you, {F uh, } we have incredible property taxes down here. /"
sv,B,"Oh/UH ,/, that/DT could/MD be/VB ,/, uh/UH ,/, making/VBG up/RP for/IN the/DT difference/NN ./.","{F Oh, } that could be, {F uh, } making up for the difference. /"
b,A,"Yeah/UH ,/,","Yeah, /"
sd,A,and/CC we/PRP do/VBP n't/RB have/VB the/DT services/NNS either/DT that/WDT other/JJ states/NNS have/VBP ./.,{C and } we don't have the services either that other states have. /
