act_tag,speaker,pos,text
"fo_o_fw_""_by_bc",B,Okay/UH ./.,<Static> (( Okay )) . /
qy,A,"Are/VBP you/PRP a/DT T/NNP I/NNP -er/NNP ,/,","Are you a T I -er, /"
%,A,"or/CC ,/,","{C or, } -/"
nn,B,"No/UH ,/,","No, /"
sd,B,I/PRP 'm/VBP not/RB ./.,I'm not. /
b,A,"Oh/UH ,/, really/UH ,/,","{F Oh, } really, /"
ba,A,that/DT 's/BES great/JJ ./.,that's great. /
sd,A,"Uh/UH ,/, my/PRP$ daughter/NN talked/VBD to/IN a/DT student/NN ./.","{F Uh, } my daughter talked to a student. /"
sd,A,"Uh/UH ,/, in/IN general/JJ most/RBS of/IN them/PRP ,/, uh/UH ,/, people/NNS doing/VBG this/DT are/VBP T/NNP I/NNP -ers/NNPS ,/,","{F Uh, } in general most [ of them, + ] {F uh, } people doing this are T I -ers, /"
qy,A,"but/CC I/PRP guess/VBP customers/NNS too/RB ,/, huh/UH ?/.","{C but } I guess customers too, {F huh? } /"
sv,B,"And/CC ,/, I/PRP think/VBP a/DT great/JJ number/NN of/IN students/NNS who/WP got/VBD word/NN of/IN it/PRP and/CC participated/VBD in/IN general/JJ and/CC voiced/VBD who/WP heard/VBD about/IN the/DT program/NN ./.","{C And, } I think a great number of students who got word of it and participated in general and voiced who heard about the program. /"
b,A,Yeah/UH ./.,Yeah. /
sv,A,"T/NNP I/NNP -s/HVS got/VBN ,/, uh/UH ,/, a/DT lot/NN of/IN advances/NNS in/IN it/PRP really/RB ./.","T I -s got, {F uh, } a lot of advances in it really. /"
sd,A,"Uh/UH ,/, hopefully/RB this/DT will/MD turn/VB out/RP to/TO be/VB a/DT good/JJ program/NN for/IN us/PRP ./.","{F Uh, } hopefully this will turn out to be a good program for us. /"
sv,A,"We/PRP sure/RB need/VBP ,/, uh/UH ,/, the/DT business/NN ./.","We sure need, {F uh, } the business. /"
b,A,"Okay/UH ,/,","Okay, /"
sd,A,Current/JJ Events/NNS ./.,Current Events. /
ad,A,"Uh/UH ,/, you/PRP ,/, you/PRP 've/VBP got/VBN the/DT question/NN you/PRP can/MD go/VB first/JJ there/RB ,/, since/IN I/PRP called/VBD ./.","{F Uh, } [ you, + you've ] got the question you can go first there, since I called. /"
sd,B,"I/PRP rely/VBP primarily/RB on/IN ,/, uh/UH ,/, newspaper/NN combined/VBD with/IN television/NN ./.","I rely primarily on, {F uh, } newspaper combined with television. /"
%,A,"Huh/UH ,/, that/IN ,/,","{F Huh, } that, - /"
sd,A,you/PRP 're/VBP the/DT opposite/NN of/IN me/PRP ./.,you're the opposite of me. /
sd,A,I/PRP drive/VBP an/DT hour/NN each/DT way/NN to/IN work/NN,I drive an hour each way to work /
sd,A,and/CC so/RB if/IN I/PRP just/RB use/VBP time/NN,{C and so } if I just use time - /
sd,A,"and/CC not/RB say/VB one/CD ,/, which/WDT quality/NN is/VBZ the/DT best/JJS ,/,","{C and } not say one, which quality is the best, - /"
sd,A,"I/PRP guess/VBP ,/, that/DT would/MD be/VB two/CD hours/NNS roughly/RB of/IN talk/NN shows/NNS and/CC news/NN on/IN radio/NN","I guess, that would be two hours roughly of talk shows and news on radio /"
sd,A,"and/CC then/RB newspapers/NNS and/CC T/NN V/NN would/MD be/VB tied/VBN after/IN that/DT because/IN maybe/RB I/PRP 'll/MD catch/VB the/DT ,/, the/DT evening/NN news/NN ,/, like/IN ten/CD o'clock/RB on/IN T/NN V/NN","{C and then } newspapers and T V would be tied after that because maybe I'll catch [ the, + the ] evening news, like ten o'clock on T V /"
%,A,"and/CC I/PRP ,/,","{C and } I, -/"
b,B,Uh/UH ./.,{F Uh. } /
sd,A,so/RB that/DT 's/BES a/DT half/PDT an/DT hour/NN roughly/RB the/DT same/JJ with/IN newspaper/NN ./.,{C so } that's a half an hour roughly the same with newspaper. /
b,B,Okay/UH ./.,Okay. /
%,A,"I/PRP really/UH ,/,","I really, - /"
sd,A,"of/IN course/NN ,/, you/PRP ,/, you/PRP 're/VBP in/IN a/DT different/JJ part/NN of/IN the/DT country/NN ,/,","of course, [ you, + you're ] in a different part of the country, /"
sd,A,"I/PRP ,/, I/PRP really/RB listen/VBP to/IN a/DT lot/NN of/IN the/DT talk/NN shows/NNS ,/, I/PRP do/VBP n't/RB mean/VB the/DT gossip/NN ones/NNS ,/,","[ I, + I ] really listen to a lot of the talk shows, I don't mean the gossip ones, /"
%,A,but/CC there/EX 's/BES a/DT lot/NN,{C but } there's a lot - /
sd,A,"of/IN ,/, on/IN the/DT weekends/NNS when/WRB I/PRP do/VBP chores/NNS ,/, or/CC whatever/WDT ,/,","[ of, + ] on the weekends when I do chores, or whatever, - /"
sd,A,"I/PRP 'm/VBP a/DT radio/NN hound/NN I/PRP guess/VBP ,/,","I'm a radio hound I guess, /"
sd,A,"I/PRP take/VBP the/DT radio/NN with/IN me/PRP when/WRB I/PRP 'm/VBP working/VBG on/IN my/PRP$ car/NN ,/, the/DT lawn/NN or/CC whatever/WDT ,/,","I take the radio with me when I'm working on my car, the lawn or whatever, /"
%,A,"and/CC turn/VB on/IN ,/,","{C and } turn on, - /"
sd,A,"they/PRP have/VBP everything/NN from/IN lawn/NN work/NN ,/, lawyers/NNS ,/, news/NN ,/, uh/UH ,/, veterinarians/NNS ,/, all/DT kinds/NNS of/IN items/NNS ,/, uh/UH ,/,","they have everything from lawn work, lawyers, news, {F uh, } veterinarians, all kinds of items, {F uh, } /"
sd,A,"so/RB I/PRP 'm/VBP ,/, I/PRP 'm/VBP a/DT real/JJ radio/NN buff/NN ,/, especially/RB on/IN the/DT w-/XX ,/, when/WRB I/PRP 'm/VBP doing/VBG chores/NNS ./.","{C so } [ I'm, + ] [ I'm + ] a real radio buff, especially [ on the w-, + ] when I'm doing chores. /"
ba,B,That/DT 's/BES rather/RB interesting/JJ ./.,That's rather interesting. /
b,A,"Yeah/UH ,/,","Yeah, /"
sd,A,"I/PRP find/VBP it/PRP surprising/JJ ./. Because/IN a/DT lot/NN of/IN times/NNS ,/, it/PRP ,/, here/RB ,/, you/PRP know/VBP ,/,","I find it surprising. Because a lot of times, it, here, {D you know, } - /"
sd,A,I/PRP 'll/MD talk/VB to/IN some/DT people/NNS here/RB,I'll talk to some people here /
sd,A,"and/CC I/PRP 'll/MD mention/VB someone/NN 's/BES ,/, some/DT talk/NN host/NN","{C and } I'll mention [ someone's, + ] some talk host /"
sv,A,"and/CC I/PRP 'll/MD expect/VB them/PRP to/TO have/VB an/DT opinion/NN on/IN why/WRB I/PRP do/VBP n't/RB like/VB him/PRP and/CC do/VBP n't/RB listen/VB ,/,","{C and } I'll expect them to have an opinion on why I don't like him and don't listen, /"
sd,A,"they/PRP do/VBP n't/RB even/RB know/VB ,/,","they don't even know,"
x,B,,<Laughter>.
+,A,"you/PRP know/VBP ,/, what/WP the/DT guys/NNS name/VBP is/VBZ ,/, uh/UH ./. Bruce/NNP Williams/NNP who/WP does/VBZ financial/JJ work/NN all/RB over/RB the/DT United/NNP States/NNPS ./.","{D you know, } what the guys name is, {F uh. } Bruce Williams who does financial work all over the United States. /"
sv,A,Most/JJS people/NNS have/VBP n't/RB heard/VBN of/IN Bruce/NNP Williams/NNP ./.,Most people haven't heard of Bruce Williams. /
sv,A,You/PRP probably/RB have/VBP n't/RB either/DT unless/IN you/PRP 're/VBP a/DT radio/NN buff/NN ./.,You probably haven't either unless you're a radio buff. /
aa,B,"I/PRP 'd/MD ,/, I/PRP 'd/MD have/VB to/TO say/VB I/PRP have/VB n't/RB either/RB ./.","[ I'd, + I'd ] have to say I haven't either. /"
sd,A,He/PRP is/VBZ in/IN New/NNP Jersey/NNP and/CC is/VBZ entrepreneur/NN and/CC kind/RB of/RB a/DT self-made/JJ millionaire/NN ./.,He is in New Jersey and is entrepreneur and kind of a self-made millionaire. /
%,A,"And/CC ,/, he/PRP has/VBZ it/PRP ,/,","{C And, } he has it, - /"
%,A,"I/PRP ,/,","I, - /"
sd,A,"well/UH it/PRP 's/BES five/CD seventy/CD here/RB ,/,","{D well } it's five seventy here, /"
%,A,"I/PRP 'm/VBP trying/VBG to/TO ,/,","I'm trying to, - /"
%,A,"it/PRP 's/BES on/IN Cliff/NNP ,/,","it's on Cliff, - /"
sd,A,"I/PRP do/VBP n't/RB know/VB what/WP the/DT ,/,","I don't know what the, - /"
sd,A,he/PRP 's/BES on/IN all/DT stations/NNS ./.,he's on all stations. /
sd,A,"You/PRP might/MD remember/VB the/DT name/NN Bruce/NNP Williams/NNP ,/,","You might remember the name Bruce Williams, /"
sd,A,"and/CC he/PRP ,/, he/PRP is/VBZ again/RB ,/, national/JJ and/CC talks/VBZ about/IN a/DT lot/NN of/IN financial/JJ things/NNS ./.","{C and } [ he, + he ] is again, national and talks about a lot of financial things. /"
sd,A,"But/CC ,/, the/DT here/RB ,/, I/PRP just/RB get/VBP a/DT kick/NN out/RP of/IN ,/, uh/UH ,/,","{C But, } the here, I just get a kick out of, {F uh, } - /"
sd,A,"well/UH we/PRP do/VBP a/DT lot/NN of/IN gardening/NN here/RB ,/,","{D well } we do a lot of gardening here, /"
%,A,"so/RB there/EX 's/BES ,/,","{C so } there's, - /"
sd,A,"we/PRP have/VBP an/DT excellent/JJ gardener/NN here/RB ,/,","we have an excellent gardener here, /"
sd,A,has/VBZ three/CD hours/NNS on/IN Sunday/NNP and/CC three/CD hours/NNS on/IN Saturday/NNP ./.,has three hours on Sunday and three hours on Saturday. /
sd,A,Of/IN course/NN that/DT 's/BES not/RB exactly/RB current/JJ events/NNS ./.,Of course that's not exactly current events. /
sd,A,"But/CC ,/, I/PRP ,/, I/PRP 'm/VBP ,/, I/PRP am/VBP kind/RB of/RB a/DT radio/NN buff/NN ./.","{C But, } [ [ I, + I'm, ] + I am ] kind of a radio buff. /"
sd,B,"I/PRP listen/VBP to/IN the/DT radio/NN ,/, uh/UH ,/, probably/RB g-/XX ,/, five/CD or/CC six/CD hours/NNS a/DT week/NN ,/,","I listen to the radio, {F uh, } probably [ g-, + ] five or six hours a week, /"
sd,B,"but/CC almost/RB inevitably/RB to/IN a/DT station/NN that/WDT is/VBZ a/DT classical/JJ ,/, uh/UH ,/, station/NN here/RB MUMBLEx/XX ,/,","{C but } almost inevitably to a station that is a classical, {F uh, } station here (( )) ,"
^2,A,For/IN music/NN ?/.,For music? /
+,B,for/IN music/NN purposes/NNS ./.,for music purposes. /
sd,B,"We/PRP do/VBP n't/RB use/VB the/DT radio/NN as/IN a/DT wake/NN up/RP ,/,","We don't use the radio as a wake up, /"
sd,B,"we/PRP have/VBP our/PRP$ ,/, a/DT television/NN connected/VBD to/IN a/DT ,/, uh/UH ,/, uh/UH ,/, electronic/JJ alarm/NN ,/,","we have [ our, + ] a television connected to a, {F uh, } {F uh, } electronic alarm,"
b,A,Yeah/UH ./.,Yeah. /
+,B,"uh/UH ,/, system/NN that/WDT kicks/VBZ in/RP ,/,","{F uh, } system that kicks in, /"
sd,B,and/CC it/PRP comes/VBZ on/RB with/IN C/NNP N/NNP N/NNP in/IN the/DT morning/NN ./.,{C and } it comes on with C N N in the morning. /
b,A,"Oh/UH ,/, yeah/UH ./.","{F Oh, } yeah. /"
ba,A,That/DT 's/BES good/JJ ./.,That's good. /
%,A,"Actually/UH ,/,","{D Actually, } -/"
%,B,That/DT,That - /
sd,B,"we/PRP ,/, we/PRP wake/VBP up/RP to/IN television/NN news/NN and/CC ,/, uh/UH ,/, uh/UH ,/, shower/VBP and/CC dress/VBP ,/, and/CC whatever/WDT to/IN that/DT ,/,","[ we, + we ] wake up to television news and, {F uh, } {F uh, } shower and dress, and whatever to that, /"
sd,B,"and/CC then/RB because/IN of/IN the/DT fact/NN that/IN my/PRP$ wife/NN and/CC I/PRP ride/VBP to/IN work/NN together/RB ,/, uh/UH ,/, in/IN a/DT car/NN ,/,","{C and then } because of the fact that my wife and I ride to work together, {F uh, } in a car,"
ba,A,"Oh/UH ,/, that/DT 's/BES good/JJ ./.","{F Oh, } that's good. /"
+,B,"we/PRP ,/, we/PRP chat/VBP at/IN each/DT other/JJ rather/IN than/IN ,/, than/IN something/NN else/RB ./.","[ we, + we ] chat at each other rather [ than, + than ] something else. /"
sd,B,"Uh/UH ,/, and/CC occasionally/RB what/WP we/PRP 'll/MD each/DT do/VB depending/VBG on/IN whoever/WP is/VBZ driving/VBG is/NNS have/VBP the/DT newspaper/NN sort/RB of/RB on/IN our/PRP$ lap/NN on/IN the/DT way/NN in/IN ,/, in/IN the/DT car/NN ,/,","{F Uh, } {C and } occasionally what we'll each do depending on whoever is driving is have the newspaper sort of on our lap on the way [ in, + in ] the car, /"
sd,B,"so/RB we/PRP have/VBP the/DT advantage/NN of/IN being/VBG able/JJ to/TO ,/, uh/UH ,/, read/VB and/CC drive/VB although/IN there/EX seems/VBZ to/TO be/VB ,/, from/IN what/WP I/PRP 've/VBP seen/VBN on/IN the/DT freeway/NN recently/RB that/IN a/DT fair/JJ number/NN of/IN people/NNS are/VBP reading/VBG and/CC driving/VBG ./.","{C so } we have the advantage of being able to, {F uh, } read and drive although there seems to be, from what I've seen on the freeway recently that a fair number of people are reading and driving <laughter>. /"
sd,A,My/PRP$ wife/NN always/RB wonders/VBZ about/IN that/DT,<Laughter> My wife always wonders about that /
sd,A,"she/PRP says/VBZ ,/, look/VB at/IN that/DT person/NN he/PRP 's/BES driving/VBG and/CC reading/VBG at/IN the/DT same/JJ time/NN ./.","she says, look at that person he's driving and reading at the same time <laughter>. /"
sv,B,"So/RB ,/, we/PRP ,/, we/PRP rely/VBP pretty/RB ,/, pretty/RB heavily/RB ,/, I/PRP think/VBP ,/, on/IN a/DT combination/NN of/IN the/DT ,/, of/IN the/DT two/CD ./.","<Laughter> {C So, } [ we, + we ] rely [ pretty, + pretty ] heavily, I think, on a combination [ of the, + of the ] two. /"
sd,B,"I/PRP also/RB ,/, uh/UH ,/, use/NN ,/, uh/UH ,/, NEWSWEEK/NNP magazine/NN ./. Uh/UH ,/,","I also, {F uh, } use, {F uh, } NEWSWEEK magazine. {F Uh, } /"
b,A,Yeah/UH ./.,Yeah. /
sd,B,"we/PRP tend/VBP to/TO alternate/VB between/IN NEWSWEEK/NNP and/CC TIME/NN and/CC whatever/WDT happens/VBZ to/TO be/VB the/DT ,/,","we tend to alternate between NEWSWEEK and TIME and whatever happens to be [ the, +"
b,A,Right/UH ./.,Right. /
+,B,"the/DT ,/, uh/UH ,/, news/NN magazine/NN of/IN the/DT year/NN for/IN us/PRP ./.","the, ] {F uh, } news magazine of the year for us. /"
%,A,"W-/XX ,/, we/PRP get/VBP ,/,","[ W-, + we ] get, -/"
sd,B,"and/CC ,/, uh/UH ,/, I/PRP read/VBP sporadically/RB of/IN commentary/NN and/CC a/DT couple/NN of/IN other/JJ ,/, you/PRP know/VBP ,/, trade/NN magazines/NNS ,/, and/CC ,/, uh/UH ,/, uh/UH ,/, such/IN as/IN that/DT ,/, uh/UH ,/, where/WRB I/PRP might/MD read/VB the/DT ,/, the/DT occasional/JJ social/JJ and/CC even/RB current/JJ event/NN commentaries/NNS ,/, and/CC ,/, and/CC everything/NN as/RB diverse/JJ as/IN A/NNP C/NNP M/NNP to/IN ,/, uh/UH ,/, uh/UH ,/, some/DT of/IN the/DT ,/, uh/UH ,/, some/DT of/IN the/DT other/JJ tabloids/NNS I/PRP get/VBP ./.","{C and, } {F uh, } I read sporadically of commentary and a couple of other, {D you know, } trade magazines, [ and, + ] {F uh, } {F uh, } such as that, {F uh, } where I might read the, the occasional social and even current event commentaries, [ and, + and ] everything as diverse as A C M to, {F uh, } {F uh, } [ some of the, + {F uh, } some of the ] other tabloids I get. /"
sd,B,"So/RB ,/, uh/UH ,/, I/PRP guess/VBP I/PRP use/VBP about/RB eighty/CD percent/NN written/VBN ,/, is/VBZ probably/RB my/PRP$ input/NN and/CC twenty/CD percent/NN ,/, uh/UH ,/, television/NN ./.","{C So, } {F uh, } I guess I use about eighty percent written, is probably my input and twenty percent, {F uh, } television. /"
sv,B,"I/PRP ,/,","[ I, +"
ad,A,"Go/VB ahead/RB ,/,","(( Go ahead )) , /"
+,B,"I/PRP think/VBP I/PRP respect/VBP the/DT ,/, from/IN a/DT journalistic/JJ perspective/NN current/JJ events/NNS ./.","I ] think I respect [ the, + ] from a journalistic perspective current events. /"
sv,B,"I/PRP 've/VBP always/RB said/VBN that/IN it/PRP ,/, it/PRP 's/BES really/RB not/RB interesting/JJ unless/IN it/PRP 's/BES three/CD weeks/NNS old/JJ and/CC found/VBD its/PRP$ way/NN into/IN a/DT news/NN weekly/JJ headline/NN ./.","I've always said that [ it, + it's ] really not interesting unless it's three weeks old and found its way into a news weekly headline. /"
aa,A,Good/JJ point/NN ./.,<Laughter> Good point. /
aa,A,That/DT 's/BES a/DT good/JJ point/NN ./.,That's a good point. /
sd,B,"Uh/UH ,/, other/JJ than/IN that/DT it/PRP was/VBD a/DT MUMBLEx/XX at/IN best/JJS ./.","{F Uh, } other than that it was a (( )) at best. /"
b,A,"Oh/UH ,/, yeah/UH ./.","{F Oh, } yeah. /"
sd,A,It/PRP comes/VBZ and/CC goes/VBZ ./.,It comes and goes. /
sd,B,"Uh/UH ,/, we/PRP 're/VBP probably/RB not/RB thrilled/JJ with/IN our/PRP$ only/JJ newspaper/NN that/WDT we/PRP have/VBP in/IN Raleigh/NNP ./.","{F Uh, } we're probably not thrilled with our only newspaper that we have in Raleigh. /"
%,B,"There/EX ,/, there/EX are/VBP other/JJ ,/, uh/UH ,/, uh/UH ,/,","[ There, + there ] are other, {F uh, } {F uh, } - /"
sd,B,"I/PRP 'm/VBP not/RB sure/JJ what/WP you/PRP would/MD call/VB them/PRP ,/, they/PRP co-/XX ,/, the/DT small/JJ ,/, uh/UH ,/, competing/VBG independent/JJ sort/NN of/IN newspapers/NNS ./.","I'm not sure what you would call them, [ they co-, + ] the small, {F uh, } competing independent sort of newspapers. /"
sd,B,"Little/JJ small/JJ weekly/JJ things/NNS ,/,","Little small weekly things, /"
sd,B,"but/CC there/EX 's/BES only/RB one/CD daily/JJ ,/, uh/UH ,/, called/VBD the/DT NEWS/NNP AND/CC OBSERVER/NNP ,/, fondly/RB referred/VBN to/IN here/RB by/IN some/DT as/IN the/DT ,/, uh/UH ,/, uh/UH ,/, sometimes/RB the/DT Noise/NNP and/CC Observer/NNP ./.","{C but } there's only one daily, {F uh, } called the NEWS AND OBSERVER, fondly referred to here by some as the, {F uh, } {F uh, } sometimes the Noise and Observer. /"
b,A,Yeah/UH ./.,Yeah. /
sd,B,"Uh/UH ,/, it/PRP depends/VBZ ./.","{F Uh, } it depends. /"
sv,B,"It/PRP ,/, it/PRP 's/BES ,/, has/VBZ decent/JJ national/JJ coverage/NN ,/, but/CC has/VBZ an/DT extremely/RB focused/JJ political/JJ coverage/NN ,/, probably/RB steeped/VBN in/IN ,/,","It, [ it's, + ] has decent national coverage, but has an extremely focused political coverage, probably steeped in,"
b^m,A,Local/JJ you/PRP mean/VBP ?/.,Local you mean? /
+,B,the/DT southern/JJ history/NN and/CC the/DT fact/NN that/IN this/DT is/VBZ a/DT Democratic/JJ State/NNP ./.,the southern history and the fact that this is a Democratic State. /
sv,B,"And/CC ,/, uh/UH ,/, consequently/RB everything/NN is/VBZ filtered/VBN through/IN that/DT ,/, uh/UH ,/, Republican/JJ Democratic/JJ sort/RB of/RB ,/,","{C And, } {F uh, } consequently everything is filtered through that, {F uh, } Republican Democratic sort of,"
b,A,Yeah/UH ./.,Yeah. /
+,B,"glass/NN ,/, almost/RB unnecessarily/RB","glass, almost unnecessarily /"
%,B,so/RB ./.,{C so. } -/
b,A,Yeah/UH ./.,Yeah. /
qy^d,A,Do/VBP n't/RB they/PRP have/VB city/NN council/NN meetings/NNS and/CC all/DT that/DT ./.,Don't they have city council meetings and all that. /
qy,A,"Are/VBP you/PRP into/IN any/DT of/IN that/DT what/WP ,/, what/WP 's/BES going/VBG on/RP in/IN the/DT city/NN council/NN and/CC the/DT ,/, and/CC the/DT school/NN boards/NNS and/CC all/DT that/DT ?/.","Are you into any of that [ what, + what's ] going on in the city council [ and the, + and the ] school boards and all that? /"
sd,A,We/PRP have/VBP that/DT addition/NN to/IN our/PRP$ paper/NN ./.,We have that addition to our paper. /
ny,B,"Yeah/UH ,/,","Yeah, /"
%,B,"we/PRP ,/, we/PRP have/VBP ,/,","[ we, + we ] have, - /"
%,B,"that/DT is/VBZ ,/, uh/UH ,/,","that is, {F uh, } - /"
sd,B,"as/IN a/DT matter/NN of/IN fact/NN they/PRP update/VBP it/PRP once/RB a/DT week/NN with/IN a/DT special/JJ section/NN ,/,","as a matter of fact they update it once a week with a special section, /"
sd,B,"we/PRP ,/, and/CC we/PRP pay/VBP it/PRP sort/RB of/RB glancing/JJ nod/NN ./.","[ we, + {C and } we ] pay it sort of glancing nod. /"
sd,B,"We/PRP ,/, uh/UH ,/, have/VBP a/DT very/RB good/JJ friend/NN who/WP is/VBZ ,/, uh/UH ,/, tapped/JJ into/IN the/DT city/NN planning/NN structure/NN ./. Uh/UH ,/, our/PRP$ developer/NN architect/NN friend/NN","We, {F uh, } have a very good friend who is, {F uh, } tapped into the city planning structure. {F Uh, } our developer architect friend /"
%,B,"and/CC ,/,","{C and, } -/"
bk,A,Okay/UH,(( Okay )) /
bf,A,",/, you/PRP get/VBP it/PRP from/IN people/NNS then/RB ./.",", you get it from people then. /"
aa,B,Right/UH ./.,Right. /
sv,B,"So/RB ,/, I/PRP think/VBP we/PRP find/VBP out/RP what/WP 's/BES happening/VBG in/IN the/DT city/NN ,/, uh/UH ,/, on/IN a/DT fairly/RB frequent/JJ basis/NN ,/, over/IN a/DT ,/, over/IN a/DT gin/NN and/CC tonic/NN sort/RB of/RB thing/NN ./.","{C So, } I think we find out what's happening in the city, {F uh, } on a fairly frequent basis, [ over a, + over a ] gin and tonic sort of thing. /"
aa,A,Yeah/UH ./.,Yeah. /
aa,A,Right/UH ./.,Right. /
sv,B,"Uh/UH ,/, and/CC that/DT probably/RB gives/VBZ us/PRP a/DT better/JJR insight/NN as/IN to/IN the/DT city/NN of/IN Raleigh/NNP than/IN ,/, than/IN the/DT paper/NN would/MD have/VB anyway/RB ./.","{F Uh, } {C and } that probably gives us a better insight as to the city of Raleigh [ than, + than ] the paper would have anyway. /"
sd,A,"My/PRP$ wife/NN and/CC I/PRP ,/, you/PRP know/VBP ,/, as/IN mentioned/VBN ,/,","My wife and I, {D you know, } as mentioned, - /"
sd,A,"the/DT question/NN was/VBD ,/, uh/UH ,/, do/VBP you/PRP get/VB it/PRP from/IN people/NNS too/RB ./.","the question was, {F uh, } do you get it from people too. /"
sd,A,"And/CC ,/, and/CC ,/, I/PRP can/MD say/VB the/DT same/JJ thing/NN you/PRP do/VBP that/IN ,/, uh/UH ,/, my/PRP$ wife/NN is/VBZ ,/, uh/UH ,/, she/PRP reads/VBZ the/DT paper/NN from/IN front/RB to/IN back/RB","[ {C And, } + {C and, } ] I can say the same thing you do that, {F uh, } my wife [ is, + ] {F uh, } she reads the paper from front to back /"
sd,A,and/CC so/RB she/PRP 'll/MD tell/VB me/PRP some/DT stuff/NN,{C and so } she'll tell me some stuff /
sd,A,"and/CC she/PRP 'll/MD always/RB get/VB mad/JJ and/CC say/VB ,/, you/PRP did/VBD n't/RB read/VB the/DT ,/, uh/UH ,/,","{C and } she'll always get mad and say, you didn't read the, {F uh, } - /"
sd,A,"well/UH ,/, I/PRP always/RB read/VBP the/DT sports/NNS ,/, uh/UH ,/,","{D well, } I always read the sports, {F uh, } /"
sd,A,"what/WP am/VBP I/PRP thinking/VBG of/IN ,/, uh/UH ,/, the/DT commentaries/NNS ,/,","what am I thinking of, {F uh, } the commentaries, /"
sd,A,"I/PRP ca/MD n't/RB even/RB think/VB of/IN what/WP it/PRP is/VBZ offhand/RB ,/,","I can't even think of what it is offhand, /"
sd,A,"and/CC she/PRP 's/BES always/RB reading/VBG something/NN ,/,","{C and } she's always reading something, /"
sd,A,"and/CC she/PRP says/VBZ ,/, why/WRB have/VBP n't/RB you/PRP read/VBN that/DT ./.","{C and } she says, why haven't you read that. /"
sd,A,"And/CC ,/, I/PRP say/VBP ,/, I/PRP never/RB have/VBP time/NN to/TO read/VB it/PRP like/IN you/PRP do/VBP ./.","{C And, } I say, I never have time to read it like you do. /"
sd,A,"But/CC ,/, I/PRP always/RB get/VBP a/DT lot/NN of/IN my/PRP$ information/NN from/IN the/DT ,/,","{C But, } I always get a lot of my information from the,"
b,B,Uh-huh/UH ./.,Uh-huh. /
+,A,newspaper/NN through/IN her/PRP$ ./.,newspaper through her. /
b,B,Uh-huh/UH ./.,Uh-huh. /
sd,A,"Uh/UH ,/, so/RB ,/, I/PRP guess/VBP we/PRP do/VBP get/VB it/PRP from/IN people/NNS too/RB ./.","{F Uh, } {C so, } I guess we do get it from people too. /"
qy^d,A,"Oh/UH ,/, you/PRP mentioned/VBD C/NNP N/NNP N/NNP ,/, of/IN course/NN I/PRP mentioned/VBD radio/NN and/CC the/DT C/NNP N/NNP N/NNP T/NN V/NN news/NN ,/, you/PRP know/VBP ?/.","{F Oh, } you mentioned C N N, of course I mentioned radio and the C N N T V news, {D you know? } /"
ny,B,Uh-huh/UH ./.,Uh-huh. /
sv,A,"It/PRP 's/BES the/DT same/JJ thing/NN that/WDT 's/BES on/IN the/DT radio/NN ,/, word/NN for/IN word/NN ./.","It's the same thing that's on the radio, word for word. /"
qy,B,Is/VBZ that/DT right/JJ ?/.,Is that right? /
ny,A,Yeah/UH,Yeah /
+,B,"I/PRP 'll/MD heard/VBN there/EX was/VBD some/DT stuff/NN on/IN the/DT ,/, on/IN the/DT radio/NN that/WDT was/VBD equivalent/JJ to/IN C/NNP N/NNP N/NNP ./.","[ I'll + ] heard there was some stuff [ on the, + on the ] radio that was equivalent to C N N. /"
b,B,Okay/UH ./.,Okay. /
%,A,"and/CC it/PRP ,/,","{C and } it, - /"
%,A,"because/IN ,/, uh/UH ,/,","because, {F uh, } - /"
sd,A,"we/PRP have/VBP it/PRP here/RB at/IN work/NN as/IN a/DT matter/NN if/IN fact/NN ,/, at/IN T/NNP I/NNP ./.","we have it here at work as a matter if fact, at T I. /"
b,B,Okay/UH ./.,Okay. /
sd,A,"We/PRP have/VBP it/PRP in/IN the/DT break/NN area/NN ,/, C/NNP N/NNP N/NNP ./.","We have it in the break area, C N N. /"
sd,A,"And/CC ,/, but/CC the/DT reason/NN I/PRP say/VBP that/DT is/VBZ on/IN the/DT radio/NN they/PRP 'll/MD say/VB and/CC look/VB at/IN this/DT ,/, you/PRP know/VBP ./.","[ {C And, } + {C but } ] the reason I say that is on the radio they'll say [ and + ] look at this, {D you know. } /"
sd,A,"And/CC when/WRB I/PRP first/RB heard/VBD C/NNP N/NNP N/NNP ,/, it/PRP only/RB started/VBD about/RB ,/, uh/UH ,/, since/IN the/DT war/NN ,/, you/PRP know/VBP ,/, or/CC right/RB before/IN that/DT ./.","{C And } when I first heard C N N, it only started about, {F uh, } since the war, {D you know, } or right before that. /"
sd,A,"And/CC ,/, they/PRP would/MD always/RB say/VB and/CC look/VB at/IN this/DT ,/,","{C And, } they would always say [ and + ] look at this, /"
sd,A,"and/CC there/EX would/MD be/VB a/DT pause/NN ,/, you/PRP know/VBP ,/,","{C and } there would be a pause, {D you know, }"
x,B,,<Laughter>.
+,A,would/MD be/VB music/NN and/CC stuff/NN,would be music and stuff /
sd,A,and/CC I/PRP realized/VBD that/IN it/PRP 's/BES the/DT exact/JJ commentary/NN that/WDT you/PRP have/VBP --/:,{C and } I realized that it's the exact commentary that you have --
b,B,"Oh/UH ,/,","{F Oh, } /"
+,A,"--/: on/IN the/DT ,/, uh/UH ,/, the/DT news/NN ./.","-- on the, {F uh, } the news. /"
%,B,"That/DT did/VBD n't/RB ,/, uh/UH ,/,","That didn't, {F uh, } -/"
b,A,"Yeah/UH ,/,","Yeah, /"
b,A,yeah/UH ./.,yeah. /
ba,A,"But/CC ,/, it/PRP 's/BES still/RB good/JJ ./.","{C But, } it's still good. /"
%,A,"It/PRP 's/BES still/RB ,/, uh/UH ,/, uh/UH ,/, you/PRP know/VBP ,/,","It's still, {F uh, } {F uh, } {D you know, } - /"
sv,A,you/PRP do/VBP n't/RB really/RB miss/VB anything/NN ./.,you don't really miss anything. /
b,B,Uh-huh/UH ./.,Uh-huh. /
sd,A,"But/CC ,/, I/PRP do/VBP ,/, do/VBP enjoy/VB since/IN the/DT Gulf/NNP War/NNP listening/VBG to/IN C/NNP N/NNP N/NNP radio/NN too/RB ,/, as/RB well/RB as/IN watching/VBG C/NNP N/NNP N/NNP on/IN T/NN V/NN here/RB at/IN work/NN ./.","{C But, } I [ do, + do ] enjoy since the Gulf War listening to C N N radio too, as well as watching C N N on T V here at work. /"
sd,A,I/PRP do/VBP n't/RB have/VB C/NNP N/NNP N/NNP at/IN home/NN ./.,I don't have C N N at home. /
sd,A,"./. Let/VB me/PRP turn/VB this/DT mic-/XX ,/, radio/NN off/RP ,/,","<Noise> <<radio>>. Let me turn this [ mic-, + ] radio off, /"
sd,A,I/PRP 'm/VBP actually/UH at/IN work/NN right/RB now/RB believe/VBP it/PRP or/CC not/RB ./.,I'm {D actually } at work right now believe it or not. /
t1,A,"Uh/UH ,/, where/WRB was/VBD I/PRP ,/,","{F Uh, } where was I, /"
%,A,"I/PRP 'm/VBP ,/,","I'm, - /"
ad,A,"go/VB ahead/RB ,/,","go ahead, - /"
ad,A,"your/PRP$ ,/, your/PRP$ turn/NN ./.","[ your, + your ] turn. /"
sd,B,"Uh/UH ,/, we/PRP probably/RB were/VBD listening/VBG to/IN C/NNP N/NNP N/NNP fairly/RB heavily/RB before/IN the/DT war/NN broadcasts/NNS began/VBD ./.","{F Uh, } we probably were listening to C N N fairly heavily before the war broadcasts began. /"
sd,B,"Uh/UH ,/, we/PRP almost/RB live/VBP and/CC ,/, and/CC breathed/VBD it/PRP for/IN ,/, because/IN during/IN the/DT war/NN itself/PRP to/IN the/DT point/NN where/WRB we/PRP began/VBD to/TO sort/RB of/RB have/VB household/NN pact/NN of/IN lets/VBZ turn/VB the/DT war/NN off/RP and/CC get/VB something/NN done/VBN ./.","{F Uh, } we almost live [ and, + and ] breathed it [ for, + ] because during the war itself to the point where we began to sort of have household pact of lets turn the war off and get something done. /"
b,A,"Yeah/UH ,/,","Yeah, /"
sd,A,"I/PRP 've/VBP ,/, I/PRP 've/VBP heard/VBN that/DT ,/,","[ I've, + I've ] heard that, /"
%,A,yeah/UH ./.,yeah. /
%,B,"Uh/UH ,/, almost/RB an/DT addition/NN ,/, uh/UH ,/,","{F Uh, } almost an addition, {F uh, } - /"
sd,B,"and/CC ,/, and/CC ,/, and/CC we/PRP could/MD equate/VB or/CC relate/VB relay/VB well/UH to/IN some/DT of/IN the/DT newspaper/NN and/CC television/NN articles/NNS about/IN the/DT fact/NN that/IN people/NNS where/WRB having/VBG this/DT problem/NN in/IN ,/, in/IN unhooking/VBG ,/, uncoupling/VBG from/IN the/DT events/NNS ,/, and/CC going/VBG on/RP with/IN their/PRP$ ./.","[ [ {C and, } + {C and, } ] + {C and } ] we could equate or relate relay well to some of the newspaper and television articles about the fact that people where having this problem [ in, + in ] [ unhooking, + uncoupling ] from the events, and going on with their. - /"
%,B,"So/RB ,/,","{C So, } -/"
b,A,Right/UH ./.,Right </noise>. /
sd,B,"instead/IN of/IN being/VBG ,/, watching/VBG the/DT missiles/NNS and/CC being/VBG glued/VBN to/IN the/DT tube/NN or/CC whatever/WDT ./. Uh/UH ,/,","instead of [ being, + watching ] the missiles and being glued to the tube or whatever. {F Uh, } - /"
sd,B,"and/CC because/IN of/IN that/DT we/PRP began/VBD towards/IN the/DT middle/NN and/CC of/IN the/DT war/NN ,/, I/PRP guess/VBP about/RB two/CD and/CC a/DT half/NN or/CC three/CD weeks/NNS in/IN ,/, we/PRP began/VBD to/TO restrict/VB our/PRP$ news/NN almost/RB deliberately/RB where/WRB we/PRP would/MD ,/, uh/UH ,/, watch/VB ,/, uh/UH ,/, fifteen/CD minutes/NNS before/RB ,/, fifteen/CD minutes/NNS after/RB six/CD our/PRP$ time/NN which/WDT would/MD be/VB national/JJ news/NN ,/, or/CC our/PRP$ local/JJ news/NN ./.","{C and } because of that we began towards the middle [ and + ] of the war, I guess about two and a half or three weeks in, we began to restrict our news almost deliberately where we would, {F uh, } watch, {F uh, } fifteen minutes before, fifteen minutes after six our time which would be national news, or our local news. /"
sd,B,"We/PRP would/MD watch/VB C/NNP N/NNP N/NNP until/IN six/CD thirty/CD ,/, then/RB we/PRP would/MD watch/VB ,/, uh/UH ,/, a/DT rotating/VBG network/NN news/NN of/IN either/DT ,/, uh/UH ,/, A/NNP B/NNP C/NNP ,/, C/NNP B/NNP S/NNP ,/, or/CC N/NNP B/NNP C/NNP","We would watch C N N until six thirty, then we would watch, {F uh, } a rotating network news of {C either, } {F uh, } A B C, C B S, {C or } N B C /"
sd,B,"and/CC we/PRP ,/, we/PRP sort/RB of/RB just/RB rotated/VBD around/IN the/DT dial/NN each/DT night/NN a/DT different/JJ one/CD ./.","{C and } [ we, + we ] sort of just rotated around the dial each night a different one. /"
b,A,Right/UH ./.,Right. /
sd,B,and/CC then/RB we/PRP would/MD turn/VB the/DT television/NN off/RP,{C and then } we would turn the television off /
sd,B,"and/CC we/PRP were/VBD sort/RB of/RB limiting/VBG or/CC dieting/VBG ourselves/PRP on/IN ,/, on/IN news/NN that/DT way/NN ./.","{C and } we were sort of limiting or dieting ourselves [ on, + on ] news that way. /"
sd,B,"And/CC ,/, then/RB we/PRP would/MD do/VB a/DT similar/JJ thing/NN ,/, uh/UH ,/, at/IN uh/UH ,/, ten/CD forty-five/CD because/IN ,/, uh/UH ,/, C/NNP N/NNP N/NNP would/MD be/VB wrapping/VBG their/PRP$ hourly/JJ coverage/NN up/RP","{C And, then } we would do a similar thing, {F uh, } at {F uh, } ten forty-five because, {F uh, } C N N would be wrapping their hourly coverage up /"
sd,B,"and/CC then/RB we/PRP would/MD get/VB the/DT local/JJ coverage/NN ,/, uh/UH ,/,","{C and then } we would get the local coverage, {F uh, } /"
sv,B,"and/CC then/RB I/PRP think/VBP the/DT local/JJ coverage/NN we/PRP would/MD tend/VB to/TO watch/VB the/DT same/JJ station/NN that/WDT would/MD ,/, would/MD have/VB better/JJR state/NN coverage/NN rather/IN than/IN local/JJ coverage/NN ./.","{C and then } I think the local coverage we would tend to watch the same station that [ would, + would ] have better state coverage rather than local coverage. /"
sd,B,"Uh/UH ,/, three/CD of/IN the/DT networks/NNS here/RB ,/, on/IN their/PRP$ local/JJ news/NN ,/, uh/UH ,/,","{F Uh, } three of the networks here, on their local news, {F uh, } - /"
%,B,that/DT,that - /
sd,B,"if/IN ,/, if/IN you/PRP wish/VBP to/TO listen/VB at/IN eleven/CD o'clock/RB you/PRP can/MD find/VB out/RP who/WP raped/VBD who/WP ,/, murdered/VBD who/WP ,/, or/CC stole/VBD what/WP ./.","[ if, + if ] you wish to listen at eleven o'clock you can find out who raped who, murdered who, or stole what."
b,A,"Oh/UH ,/, yeah/UH ./.","{F Oh, } yeah. /"
+,B,from/IN whom/WP ./.,from whom. /
sd,B,"And/CC ,/, that/DT was/VBD the/DT sort/RB of/RB thing/NN that/WDT I/PRP would/MD say/VB is/VBZ the/DT best/JJS MUMBLEx/XX","{C And, } that was the sort of thing that I would say is the best (( MUMBLEx /"
%,B,and/CC not/RB news/NN --/:,)) {C and } not news -- -/
b,A,Yeah/UH ./.,Yeah. /
sd,B,"--/: unless/IN there/EX 's/BES some/DT trend/NN or/CC something/NN that/WDT says/VBZ ,/, Jesus/UH this/DT neighborhood/NN has/VBZ been/VBN hit/VBN forty-seven/CD times/NNS or/CC whatever/WDT ./. Uh/UH ,/, that/DT 's/BES ,/, that/DT 's/BES sort/RB of/RB more/JJR of/IN ,/, of/IN a/DT pattern/NN news/NN ./.","-- unless there's some trend or something that says, {D Jesus } this neighborhood has been hit forty-seven times or whatever. {F Uh, } [ that's, + that's ] sort of more [ of, + of ] a pattern news. /"
sd,A,"I/PRP never/RB get/VBP home/RB early/JJ enough/RB for/IN those/DT five/CD and/CC six/CD o'clock/RB ,/,","I never get home early enough for those five and six o'clock, -/"
