act_tag,speaker,pos,text
sd,A,"Uh/UH ,/, I/PRP 've/VBP had/VBN ,/, uh/UH ,/, three/CD boys/NNS through/IN ,/, I/PRP guess/VBP ,/, uh/UH ,/, some/DT child/NN care/NN ,/, each/DT one/NN of/IN them/PRP","{F Uh, } I've had, {F uh, } three boys through, I guess, {F uh, } some child care, each one of them /"
sd,A,and/CC now/RB they/PRP 're/VBP in/IN school/NN,{C and } now they're in school /
sd,A,so/RB it/PRP 's/BES all/RB over/RB,{C so } it's all over /
sv,A,"but/CC ,/, uh/UH ,/, I/PRP guess/VBP I/PRP would/MD say/VB it/PRP 's/BES not/RB easy/JJ to/TO find/VB wha/WP ,/, what/WP most/JJS parents/NNS would/MD want/VB ./.","{C but, } {F uh, } I guess I would say it's not easy to find [ wha-, + what ] most parents would want. /"
sd,B,Well/UH I/PRP can/MD profit/VB by/IN this/DT because/IN I/PRP 'm/VBP due/JJ with/IN my/PRP$ first/JJ in/IN about/RB three/CD months/NNS ./.,{D Well } I can profit by this because I'm due with my first in about three months. /
b,A,Is/VBZ that/DT right/JJ ./.,Is that right <laughter>. /
sd,A,"I/PRP guess/VBP ,/, uh/UH ,/, the/DT only/JJ rule/NN ,/, uh/UH ,/, I/PRP can/MD think/VB of/IN is/VBZ that/IN I/PRP like/VBP to/TO look/VB for/IN places/NNS with/IN ,/, uh/UH ,/, good/JJ respectable/JJ ,/, nonprofit/JJ behind/IN them/PRP like/IN a/DT university/NN or/CC a/DT hospital/NN or/CC something/NN like/IN that/DT ./.","I guess, {F uh, } the only rule, {F uh, } I can think of is that I like to look for places with, {F uh, } good respectable, nonprofit behind them like a university or a hospital or something like that. /"
sv,A,"If/IN they/PRP 're/VBP associated/VBN with/IN a/DT college/NN or/CC a/DT university/NN ,/, they/PRP 're/VBP usually/RB a/DT pretty/RB good/JJ bet/NN ./.","If they're associated with a college or a university, they're usually a pretty good bet. /"
b,B,Huh/UH ./.,{F Huh. } /
sv,A,"Uh/UH ,/, I/PRP think/VBP it/PRP 's/BES sort/RB of/RB the/DT opposite/NN of/IN what/WP you/PRP would/MD want/VB when/WRB you/PRP buy/VBP a/DT car/NN or/CC refrigerator/NN something/NN ./.","{F Uh, } I think it's sort of the opposite of what you would want when you buy a car or refrigerator something. /"
sv,A,You/PRP 'd/MD like/VB to/TO get/VB it/PRP from/IN some/DT good/JJ cutthroat/JJ capitalist/JJ company/NN but/CC not/RB with/IN child/NN care/NN ./.,You'd like to get it from some good cutthroat capitalist <sigh> company but not with <laughter> child care. /
aa,B,"I/PRP guess/VBP not/RB ,/,","I guess not, /"
%,B,"usu-/RB ,/,","usu-, - /"
aa,B,I/PRP suppose/VBP you/PRP 're/VBP absolutely/RB right/RB there/RB ./.,I suppose you're absolutely right there. /
b,A,Yeah/UH ./.,Yeah. /
sv,A,For/IN profit/NN --/:,For profit --
b,B,Uh-huh/UH ./.,Uh-huh. /
+,A,"--/: places/NNS ,/, I/PRP would/MD really/RB look/VB at/IN them/PRP awfully/RB carefully/RB","-- places, I would really look at them awfully carefully /"
sd,A,"but/CC ,/, uh/UH ,/, when/WRB I/PRP was/VBD when/WRB my/PRP$ kids/NNS were/VBD young/JJ ,/, I/PRP was/VBD teaching/VBG at/IN a/DT university/NN","{C but, } {F uh, } <inhaling> [ when I was + <breathing> when my kids were ] young, I was teaching at a university /"
sd,A,"and/CC ,/, uh/UH ,/, the/DT child/NN care/NN center/NN associated/VBN with/IN our/PRP$ university/NN was/VBD quite/RB good/JJ","{C and, } {F uh, } the child care center <noise> associated with our university was quite good /"
sd,A,so/RB --/:,{C so } --
b,B,Uh-huh/UH ./.,Uh-huh. /
+,A,--/: I/PRP felt/VBD confident/JJ that/IN they/PRP 'd/MD do/VB right/RB ./.,-- I felt confident that they'd do right. /
%,B,"Of/IN ,/,","(( Of, - /"
qy,B,"are/VBP n't/RB do/VBP n't/RB they/PRP kind/RB of/RB use/NN them/PRP for/IN ,/, everybody/NN kind/RB of/RB use/VB them/PRP for/IN guinea/NN pigs/NNS ?/. For/IN their/PRP$ per-/XX ,/, for/IN their/PRP$ pet/NN theories/NNS or/CC some/DT such/JJ thing/NN ?/.","[ aren't )) + don't ] [ they kind of use them for, + everybody kind of use them for ] guinea pigs? [ For their per-, + for their pet theories ] or some such thing? /"
ny,B,Yes/UH ./.,Yes. /
ny,A,"But/CC ,/, yeah/UH ,/,","{C But, } yeah, /"
sv,A,"I/PRP suppose/VBP ,/, uh/UH ,/, if/IN you/PRP 're/VBP ,/, if/IN there/EX is/VBZ a/DT psychology/NN department/NN or/CC an/DT education/NN department/NN around/IN ,/, you/PRP might/MD find/VB you/PRP might/MD find/VB that/IN they/PRP 're/VBP pushing/VBG one/CD form/NN of/IN education/NN or/CC another/DT ,/,","I suppose, {F uh, } [ if you're, + if there ] is a psychology department or an education department around, [ you might find + you might find ] that they're pushing one form of education or another, /"
aa,A,I/PRP guess/VBP that/DT 's/BES true/JJ ./.,I guess that's true. /
sd,A,"But/CC ,/, uh/UH ,/, I/PRP never/RB had/VBD bad/JJ experience/NN in/IN that/DT respect/NN ./.","{C But, } {F uh, } <swallowing> I never had bad experience in that respect <sniffing>. /"
sd,A,"Of/IN course/NN ,/, you/PRP also/RB tend/VBP to/TO get/VB people/NNS that/WDT are/VBP associated/VBN with/IN the/DT university/NN and/CC the/DT hospital/NN as/IN the/DT parents/NNS ,/,","Of course, <swallowing> you also tend to get people that are associated with the university and the hospital as the parents, /"
%,A,"and/CC they/PRP ,/, you/PRP know/VBP ,/,","{C and } they, {D you know, } - /"
sv,A,pretty/RB good/JJ people/NNS ./.,pretty good people <sniffing>. -/
sd,B,"Um/UH ./. Well/UH ,/, the/DT thing/NN I/PRP really/RB worry/VBP about/IN is/VBZ ,/, uh/UH ,/, the/DT sexual/JJ abuse/NN cases/NNS you/PRP read/VBP about/IN ./.","{F Um. } {D Well, } the thing I really worry about is, {F uh, } the sexual abuse cases you read about. /"
b,A,Uh-huh/UH ./.,Uh-huh. /
sv,B,And/CC I/PRP mean/VBP you/PRP 'd/MD just/RB feel/VB awful/JJ if/IN something/NN like/IN that/DT happened/VBD ./.,{C And } {E I mean } you'd just feel awful if something like that happened. /
aa,A,Yeah/UH ./.,Yeah. /
sd,A,I/PRP never/RB really/RB worry/VBP very/RB much/RB about/IN it/PRP ./.,I never really worry very much about it. /
sd,A,I/PRP tend/VBP to/TO think/VB those/DT are/VBP very/RB rare/JJ but/CC quickly/RB exploited/VBN and/CC made/VBN public/JJ,I tend to think those are <sniffing> very rare but quickly exploited and made public /
sd,A,"so/RB ,/, I/PRP --/:","{C so, } I --"
b,B,Uh-huh/UH ./.,Uh-huh. /
+,A,"--/: never/RB really/RB worried/VBD too/RB much/RB about/IN that/DT being/VBG ,/, uh/UH ,/, uh/UH ,/, the/DT case/NN with/IN my/PRP$ boys/NNS ./.","-- never really worried too much about that [ being, + ] {F uh, } {F uh, } the case with my boys. /"
b,B,Oh/UH ./.,Oh. /
sv,A,"Uh/UH ,/, I/PRP ,/, you/PRP know/VBP ,/, I/PRP think/VBP those/DT things/NNS get/VBP into/IN the/DT headlines/NNS immediately/RB when/WRB somebody/NN finds/VBZ out/RP about/IN them/PRP","{F Uh, } [ I, + {D you know, } I ] think those things get into the headlines immediately when somebody finds out about them /"
%,A,but/CC --/:,{C but } -- -/
b,B,Uh-huh/UH ./.,Uh-huh. /
sv,A,"--/: I/PRP do/VBP n't/RB think/VB it/PRP 's/BES as/RB common/JJ as/IN ,/, uh/UH ,/, the/DT newspapers/NNS would/MD make/VB you/PRP believe/VB ./.","-- I don't think it's as common as, {F uh, } the newspapers would make you believe <throat_clearing>. /"
b,B,Uh-huh/UH ./.,Uh-huh. /
sv,B,And/CC another/DT thing/NN is/VBZ cost/NN ./.,{C And } another thing is cost. /
aa,A,"Oh/UH ,/, yeah/UH ./.","{F Oh, } yeah <laughter>. /"
aa,A,"I/PRP mean/VBP that/IN ,/,","I mean that, /"
sd,B,I/PRP know/VBP so/RB many/JJ of/IN my/PRP$ friends/NNS I/PRP went/VBD to/IN school/NN with/IN who/WP are/VBP having/VBG babies/NNS right/RB now/RB,I know so many of my friends I went to school with who are having babies right now /
sd,B,"and/CC they/PRP finding/VBG ,/, in/IN some/DT cases/NNS they/PRP 're/VBP finding/VBG it/PRP 's/BES just/RB not/RB worth/JJ it/PRP to/TO work/VB because/IN it/PRP 's/BES all/DT going/VBG out/RB in/IN daycare/NN ./.","{C and } [ they finding, + in some cases they're finding ] it's just not worth it to work because it's all going out in daycare. /"
b,A,Right/UH ./.,Right. /
b,B,Um/UH ./.,{F Um. } /
sd,A,"Well/UH ,/, in/IN our/PRP$ case/NN ,/, we/PRP made/VBD the/DT decision/NN that/IN my/PRP$ wife/NN would/MD stay/VB home/NN until/IN the/DT boys/NNS were/VBD ,/, uh/UH ,/, in/IN school/NN ./.","{D Well, } in our case, we made the decision that my wife would stay home until the boys were, {F uh, } in school. /"
sd,A,"And/CC I/PRP 'm/VBP really/RB happy/JJ we/PRP did/VBD it/PRP ,/, although/IN it/PRP was/VBD very/RB ,/, very/RB difficult/JJ ./.","{C And } I'm really happy we did it, although it was very, very difficult. /"
sv,A,And/CC --/:,{C And } --
b,B,Um/UH ./.,{F Um. } /
+,A,--/: I/PRP think/VBP it/PRP was/VBD the/DT right/JJ thing/NN to/TO do/VB,-- I think it was the right thing to do /
sd,A,"and/CC we/PRP were/VBD ,/, uh/UH ,/, we/PRP just/RB decided/VBD that/IN we/PRP would/MD do/VB it/PRP","{C and } [ we were, + {F uh, } we just decided ] that we would do it /"
sd,A,and/CC we/PRP went/VBD ahead/RB,{C and } we went ahead <sniffing> /
sv,A,"but/CC ,/, uh/UH ,/, not/RB everybody/NN can/MD make/VB that/DT choice/NN","{C but, } {F uh, } not everybody can make that choice /"
sd,A,"and/CC even/RB ,/, even/RB though/IN my/PRP$ wife/NN was/VBD n't/RB working/VBG ,/, we/PRP did/VBD have/VB ,/, uh/UH ,/, one/CD or/CC another/DT of/IN the/DT boys/NNS in/IN ,/, uh/UH ,/, child/NN care/NN for/IN part-ti-/XX ,/, just/RB for/IN part/NN of/IN the/DT day/NN ./. Uh/UH ,/, or/CC a/DT couple/NN of/IN days/NNS a/DT week/NN just/RB so/IN that/IN ,/, uh/UH ,/, other/JJ things/NNS could/MD get/VB done/VBN around/IN the/DT house/NN and/CC so/RB on/IN ,/,","{C and } [ even, + even ] though my wife wasn't working, we did have, {F uh, } one or another of the boys in, {F uh, } child care [ for part-ti-, + just for part ] of the day. {F Uh, } or a couple of days a week just so that, {F uh, } other things could get done around the house and so on, /"
sd,A,"so/RB ,/,","[ {C so, } +"
b,B,Huh/UH ./.,{F Huh. } /
+,A,"So/RB ,/, we/PRP did/VBD look/VB around/IN ./.","{C So, } ] we did look around. /"
sd,A,I/PRP think/VBP my/PRP$ wife/NN is/VBZ much/RB better/JJR than/IN I/PRP am/VBP at/IN that/IN walking/VBG into/IN a/DT place/NN and/CC getting/VBG a/DT feeling/NN for/IN whether/IN it/PRP is/VBZ a/DT loving/JJ and/CC caring/JJ place/NN or/CC not/RB,I think my wife is much better than I am at that walking into a place and getting a feeling for <throat_clearing> whether it is a loving and caring place or not /
sd,A,"and/CC ,/, uh/UH --/:","[ {C and, } + {F uh } --"
b,B,Huh/UH ./.,(( {F Huh } )) . /
+,A,--/: so/RB I/PRP would/MD always/RB trust/VB her/PRP$ judgment/NN on/IN that/DT ./.,-- {C so } ] I would always trust her judgment on that. /
sd,B,Huh/UH ./. Well/UH I/PRP 'm/VBP just/RB thanking/VBG heaven/NN ./.,{F Huh. } {D Well } I'm just thanking heaven. /
sd,B,My/PRP$ husband/NN just/RB got/VBD a/DT new/JJ job/NN ./.,My husband just got a new job. /
sd,B,"His/PRP$ last/JJ company/NN ,/, he/PRP was/VBD only/RB working/VBG four/CD days/NNS a/DT week/NN ./.","His last company, he was only working four days a week. /"
b,A,Uh-huh/UH ./.,Uh-huh. /
%,B,"So/RB it/PRP 's/BES ,/,","{C So } it's, - /"
sd,B,and/CC he/PRP just/RB got/VBD a/DT new/JJ job/NN ./.,{C and } he just got a new job. /
sd,B,"He/PRP 's/BES getting/VBG lots/NNS of/IN overtime/NN ,/,","He's getting lots of overtime, /"
sd,B,he/PRP got/VBD a/DT pay/NN raise/NN,he got a pay raise /
sd,B,and/CC so/RB I/PRP 'm/VBP just/RB grateful/JJ that/IN we/PRP do/VBP n't/RB have/VB to/TO worry/VB so/RB much/RB about/IN my/PRP$ working/VBG or/CC not/RB ./.,{C and so } I'm just grateful that we don't have to worry so much about my working or not. /
sv,A,There/EX 's/BES absolutely/RB no/DT question/NN that/IN you/PRP 're/VBP going/VBG to/TO be/VB the/DT best/JJS child/NN care/NN provider/NN for/IN that/DT kid/NN,There's absolutely no question that you're going to be the best <laughter> child care provider for that kid /
ad,A,"so/RB ,/, yeah/UH ,/, do/VB it/PRP as/RB long/RB you/PRP can/MD ./.","{C so, } {D yeah, } do it as long you can <sniffing>. /"
aa,B,I/PRP suppose/VBP ./.,I suppose. /
sv,A,"But/CC I/PRP think/VBP ,/, you/PRP know/VBP ,/, you/PRP have/VBP to/TO look/VB through/IN a/DT place/NN","{C But } I think, {D you know, } you have to look through a place /"
sv,A,"and/CC you/PRP have/VBP to/TO get/VB a/DT feel/NN for/IN ,/, uh/UH ,/, how/WRB they/PRP treat/VBP the/DT kids/NNS and/CC ,/, uh/UH ,/, uh/UH ,/, what/WDT kind/NN of/IN staff/NN members/NNS they/PRP have/VBP and/CC --/:","{C and } you have to get a feel for, {F uh, } how they treat the kids and, {F uh, } {F uh, } what kind of staff members they have and --"
b,B,Uh-huh/UH ./.,Uh-huh. /
+,A,--/: how/WRB much/JJ turnover/NN they/PRP have/VBP and/CC things/NNS like/IN that/DT before/IN you/PRP --/:,-- how much turnover they have and things like that before you --
b,B,Uh-huh/UH ./.,Uh-huh. /
+,A,--/: commit/VBP your/PRP$ child/NN to/IN them/PRP ./.,-- commit your child to them. /
sv,A,"And/CC I/PRP think/VBP you/PRP have/VBP ,/, the/DT main/JJ thing/NN is/VBZ that/IN you/PRP have/VBP to/TO determine/VB that/IN they/PRP 're/VBP perfectly/RB open/JJ ./. That/IN you/PRP 're/VBP welcome/JJ anytime/RB without/IN notice/NN ,/, in/IN the/DT middle/NN of/IN the/DT day/NN and/CC so/RB forth/RB","{C And } [ I think you have, + the main thing is that you have ] to determine that they're perfectly open. That you're welcome anytime without notice, in the middle of the day and so forth /"
sv,A,and/CC if/IN they/PRP 're/VBP at/IN all/DT queasy/JJ about/IN that/DT then/RB --/:,{C and } if they're at all queasy about that then --
^2,B,You/PRP have/VBP to/TO start/VB wondering/VBG if/IN they/PRP do/VBP n't/RB want/VB you/PRP ./.,You have to start wondering if they don't want you. /
+,A,"--/: I/PRP 'd/MD look/VB elsewhere/RB ,/, yeah/UH ./.","-- I'd look elsewhere, {D yeah. } /"
aa,B,Yes/UH ./.,Yes. /
b,A,Right/UH ./.,Right <throat_clearing>. /
b,B,Huh/UH ./.,{F Huh. } /
qy,A,"You/PRP have/VBP other/JJ friends/NNS that/WDT have/VBP kids/NNS ,/, uh/UH ,/, being/VBG taken/VBN care/NN of/IN in/IN ,/, uh/UH ,/, child/NN care/NN ?/.","You have other friends that have kids, {F uh, } being taken care of in, {F uh, } child care? /"
na,B,"Uh/UH ,/, I/PRP have/VBP one/CD","{F Uh, } I have one /"
sd,B,but/CC I/PRP have/VBP n't/RB really/RB had/VBN a/DT chance/NN to/TO talk/VB to/IN her/PRP about/IN that/DT for/IN a/DT while/NN ./.,{C but } I haven't really had a chance to talk to her about that for a while. /
b,A,Uh-huh/UH ./.,Uh-huh. /
sv,A,"So/UH ./. But/CC ,/, I/PRP really/RB think/VBP the/DT news/NN reports/NNS are/VBP ,/, uh/UH ,/, tend/VBP to/TO sensationalize/VB the/DT problems/NNS ./.","[ {C So. } + {C But, } ] I really think the news reports [ are, + {F uh, } tend ] to sensationalize the problems. /"
b,B,Uh-huh/UH ./.,Uh-huh. /
sv,A,"I/PRP think/VBP the/DT problems/NNS are/VBP more/JJR ones/NNS of/IN cost/NN and/CC resources/NNS and/CC ,/, uh/UH ,/, pay/NN and/CC exhaustion/NN and/CC ,/,","I think the problems are more ones of cost and resources and, {F uh, } pay and exhaustion and <laughter>,"
x,B,./.,<Laughter>.
+,A,"you/PRP know/VBP ,/, things/NNS like/IN that/DT ,/, rather/IN than/IN these/DT ,/, uh/UH ,/, uh/UH ,/, really/RB wild/JJ abuse/NN cases/NNS that/WDT you/PRP read/VBP about/IN because/IN it/PRP make/VBP good/JJ copy/NN ./.","{D you know, } things like that, rather than these, {F uh, } {F uh, } really wild abuse cases that you read about because it make good copy. /"
aa,B,This/DT is/VBZ true/JJ ./.,This is true. /
b,A,Yeah/UH ./.,Yeah. /
sv,B,"CURRENT/JJ AFFAIR/NN can/MD ,/,","CURRENT AFFAIR can <laughter>,"
x,A,./.,<Laughter>.
+,B,get/VB several/JJ shows/NNS MUMBLEx/XX child/NN cases/NNS ./.,get several shows (( )) child cases. -/
b,A,"Uh-huh/UH ./. Well/UH ,/,","Uh-huh. {D Well, } /"
