act_tag,speaker,pos,text
"fo_o_fw_""_by_bc",A,"Okay/UH ,/,","Okay, /"
ad,A,let/VB 's/PRP talk/VB about/IN schooling/VBG ./.,let's talk about schooling. /
aa,B,Yeah/UH ./.,Yeah. /
qo,B,"Uh/UH ,/, what/WP ,/, what/WP contacts/NNS do/VBP you/PRP have/VB with/IN the/DT public/JJ school/NN sy-/NN ,/,","{F Uh, } [ what, + what ] contacts do you have with the public school sy-, -/"
b,A,"Okay/UH ,/,","Okay, /"
sd,A,"well/UH ,/, I/PRP have/VBP a/DT boy/NN","{D well, } I have a boy /"
sd,A,"and/CC he/PRP just/RB went/VBD into/IN middle/NN school/NN ,/,","{C and } he just went into middle school, /"
sd,A,"and/CC I/PRP have/VBP a/DT girl/NN ,/,","{C and } I have a girl, /"
sd,A,"and/CC she/PRP 's/BES in/IN ,/, uh/UH ,/, grade/NN school/NN ,/,","{C and } she's in, {F uh, } grade school, /"
sd,A,"and/CC then/RB I/PRP have/VBP a/DT little/JJ boy/NN who/WP goes/VBZ to/IN ,/, uh/UH ,/,","{C and then } I have a little boy who goes to, {F uh, } - /"
sd,A,"they/PRP have/VBP something/NN just/RB before/IN kindergarten/NN ,/,","they have something just before kindergarten, /"
sd,A,"and/CC it/PRP 's/BES called/VBN Early/NNP Childhood/NNP ,/,","{C and } it's called Early Childhood, /"
sd,A,and/CC I/PRP have/VBP a/DT young/JJ --/:,{C and } I have [ a young -- +
bk,B,"Oh/UH ,/, okay/UH ./.","{F Oh, } okay. /"
+,A,--/: a/DT young/JJ boy/NN in/IN that/DT ./.,-- a young ] boy in that. /
b,B,Uh-huh/UH ./.,Uh-huh. /
sd,A,"So/RB I/PRP ,/, I/PRP have/VBP a/DT lot/NN of/IN children/NNS in/IN ,/, in/IN the/DT school/NN system/NN down/IN here/RB ./.","{C So } [ I, + I ] have a lot of children [ in, + in ] the school system down here. /"
b,B,Uh-huh/UH ./.,Uh-huh. /
sd,A,"And/CC ,/, um/UH ,/, I/PRP think/VBP we/PRP have/VBP excellent/JJ teachers/NNS here/RB ./.","{C And, } {F um, } I think we have excellent teachers here. /"
%,A,"I/PRP am/VBP really/RB ,/, uh/UH ,/,","I am really, {F uh, } - /"
sd,A,"like/UH the/DT stu-/NNS ,/, like/UH the/DT way/NN the/DT teachers/NNS work/VBP with/IN the/DT students/NNS ./.","[ {D like } the stu-, + {D like } the way ] the teachers work with the students. /"
sd,A,"Uh/UH ,/, I/PRP 've/VBP not/RB been/VBN so/RB ,/, um/UH ,/, happy/JJ with/IN the/DT schools/NNS themselves/PRP ,/, I/PRP guess/VBP ./.","{F Uh, } I've not been so, {F um, } happy with the schools <laughter> themselves, I guess. /"
sd,A,"Like/UH ,/, my/PRP$ ,/, last/JJ year/NN ,/, my/PRP$ son/NN and/CC daughter/NN were/VBD in/IN the/DT same/JJ grade/NN school/NN --/:","{D Like, } [ my, + last year, my ] son and daughter were in the same grade school --"
b,B,Uh-huh/UH ./.,Uh-huh. /
+,A,"--/: before/IN he/PRP moved/VBD up/IN to/IN middle/NN school/NN ,/,","-- before he moved up to middle school, /"
sd,A,and/CC it/PRP was/VBD just/RB packed/VBN ./.,{C and } it was just packed. /
sd,A,"I/PRP mean/VBP ,/, it/PRP was/VBD a/DT ,/, a/DT fire/NN hazard/NN if/IN we/PRP had/VBD any/DT kind/NN of/IN assembly/NN there/RB with/IN parents/NNS ./.","{E I mean, } it was [ a, + a ] fire hazard if we had any kind of assembly there with parents. /"
b,B,Yeah/UH ./.,Yeah. /
sd,A,And/CC it/PRP was/VBD just/RB a/DT real/JJ problem/NN ./.,{C And } it was just a real problem. /
sd,A,"Uh/UH ,/, so/RB we/PRP had/VBD to/TO do/VB a/DT bond/NN issue/NN and/CC ,/, and/CC ,/, um/UH ,/, vote/VB to/TO take/VB money/NN and/CC either/CC have/VB students/NNS bussed/VBN to/IN different/JJ schools/NNS if/IN that/DT 's/BES what/WP the/DT prefer/VBP to/TO do/VB ,/, or/CC to/TO ,/, uh/UH ,/, work/VB on/IN the/DT ,/, work/VB for/IN another/DT school/NN to/TO be/VB built/VBN ,/, which/WDT is/VBZ a/DT good/JJ idea/NN ,/,","{F Uh, } {C so } we had to do a bond issue [ and, + and, ] {F um, } vote to take money and either have students bussed to different schools if that's what the prefer to do, or to, {F uh, } [ work on the, + work for another ] school to be built, which is a good idea, /"
sd,A,"but/CC in/IN the/DT meantime/NN ,/, the/DT school/NN still/RB has/VBZ lots/NNS and/CC lots/NNS of/IN kids/NNS in/IN it/PRP ./.","{C but } in the meantime, the school still has lots and lots of kids in it. /"
b,B,"Yeah/UH ,/,","Yeah, /"
b,B,yeah/UH ./.,yeah. /
%,A,"So/RB ,/, um/UH ,/, I/PRP think/VBP one/CD thing/NN is/VBZ that/DT would/MD ,/,","{C So, } {F um, } I think one thing is that would, - /"
sv,A,"maybe/RB we/PRP do/VBP n't/RB have/VB enough/JJ schools/NNS ,/,","maybe we don't have enough schools, /"
sv,A,"and/CC secondly/RB ,/, when/WRB we/PRP have/VBP enough/JJ schools/NNS ,/, sometimes/RB we/PRP ca/MD n't/RB get/VB the/DT ,/, the/DT support/NN for/IN the/DT teachers/NNS that/WDT we/PRP need/VBP to/TO pay/VB them/PRP to/TO keep/VB good/JJ teachers/NNS ./.","{C and } secondly, when we have enough schools, sometimes we can't get [ the, + the ] support for the teachers that we need to pay them to keep good teachers. /"
aa,B,"Well/UH ,/, I/PRP think/VBP that/DT 's/BES ,/, I/PRP think/VBP that/DT 's/BES ,/, uh/UH ,/, true/JJ ./.","{D Well, } [ I think that's, + I think that's, ] {F uh, } true. /"
sd,B,"I/PRP ,/, I/PRP 've/VBP got/VBN a/DT little/JJ different/JJ ,/, uh/UH ,/, contact/NN ,/,","[ I, + I've ] got a little different, {F uh, } contact, /"
sd,B,"but/CC I/PRP 've/VBP ,/, I/PRP 've/VBP got/VBN a/DT ,/, one/CD son/NN that/WDT graduated/VBD from/IN high/JJ school/NN last/JJ year/NN --/:","{C but } [ I've, + I've ] got [ a, + one ] son that graduated from high school last year --"
b,A,Oh/UH ./.,Oh. /
+,B,"--/: and/CC another/DT son/NN that/WDT 's/BES a/DT ,/, a/DT sophomore/NN this/DT year/NN --/:","-- and another son that's [ a, + a ] sophomore this year -- /"
b,A,Uh-huh/UH ./.,Uh-huh. /
sd,B,"--/: and/CC ,/, uh/UH ,/, my/PRP$ wife/NN teaches/VBZ kindergarten/NN here/RB in/IN Richardson/NNP ./.","-- {C and, } {F uh, } my wife teaches kindergarten here in Richardson. /"
ba,A,"Oh/UH ,/, great/UH ./.","{F Oh, } great. /"
sd,B,"Uh/UH ,/, but/CC ,/, in/IN general/JJ ,/, I/PRP ,/, I/PRP think/VBP the/DT ,/, the/DT ,/, you/PRP know/VBP ,/, one/CD of/IN the/DT reasons/NNS that/WDT we/PRP ,/, we/PRP ,/, uh/UH ,/, the/DT ,/, chose/VBD to/TO live/VB in/IN Richardson/NNP when/WRB we/PRP ,/, when/WRB we/PRP came/VBD here/RB was/VBD the/DT ,/, was/VBD the/DT schools/NNS ,/,","{F Uh, } {C but, } in general, [ I, + I ] think [ [ the, + the, ] + {D you know, } one of the ] reasons that [ we, + we, ] {F uh, } [ the, + chose ] to live in Richardson [ when we, + when we ] came here [ was the, + was the ] schools, /"
sv,B,"and/CC I/PRP think/VBP that/IN Plano/NNP and/CC Richardson/NNP in/IN terms/NNS of/IN the/DT ,/, uh/UH ,/, things/NNS seriously/RB wrong/JJ with/IN the/DT public/JJ schools/NNS are/VBP not/RB nearly/RB to/IN the/DT extent/NN th-/XX ,/, that/WDT --/:","{C and } I think that Plano and Richardson in terms of the, {F uh, } things seriously wrong with the public schools are not nearly to the extent [ th-, + that -- ] -/"
^2,A,"We/PRP see/VBP through/IN the/DT ,/, out/IN the/DT country/NN ./.","We see through [ the, + out the ] country. /"
aa,B,"--/: uh/UH ,/, right/UH ,/,","-- {F uh, } right, /"
aa,B,right/UH ./.,right. /
sv,B,"And/CC I/PRP think/VBP ,/, I/PRP think/VBP part/NN of/IN that/DT is/VBZ that/IN ,/, is/VBZ the/DT ,/, the/DT ,/, uh/UH ,/, a/DT big/JJ part/NN of/IN that/DT is/VBZ just/RB the/DT demographics/NNS ,/,","{C And } [ I think, + I think ] [ part of that [ is that, + is [ the, + the, ] ] + {F uh, } a big part of that is just the ] demographics, /"
sv,B,"the/DT population/NN in/IN those/DT schools/NNS are/VBP ,/, are/VBP ,/, typically/RB ,/, uh/UH ,/, people/NNS that/WDT very/RB much/RB value/VBP the/DT education/NN and/CC support/NN --/:","the population in those schools [ are, + are, ] typically, {F uh, } people that very much value the education and support --"
b,A,Uh-huh/UH ./.,Uh-huh. /
+,B,"--/: the/DT ,/, the/DT school/NN systems/NNS --/:","-- [ the, + the ] school systems -- /"
aa,A,I/PRP think/VBP that/DT 's/BES right/JJ ./.,I think that's right. /
sv,B,"--/: and/CC ,/, and/CC ,/, uh/UH ,/, although/IN there/EX 's/BES still/RB some/DT ,/, still/RB some/DT problems/NNS ,/,","-- [ {C and, } + {C and, } ] {F uh, } although there's [ still some, + still some ] problems, - /"
sd,B,"but/CC ,/, uh/UH ,/, I/PRP ,/, you/PRP know/VBP ,/, I/PRP ,/, when/WRB I/PRP was/VBD ,/, when/WRB I/PRP was/VBD going/VBG to/IN school/NN ,/,","{C but, } {F uh, } [ [ [ I, + {D you know, } I, ] + when I was, ] + when I was ] going to school, - /"
sd,B,"I/PRP grew/VBD up/RP in/IN Iowa/NNP ,/,","I grew up in Iowa, /"
sd,B,"and/CC ,/, and/CC ,/, in/IN my/PRP$ family/NN ,/, school/NN was/VBD certainly/RB valued/VBN ,/,","[ {C and, } + {C and, } ] in my family, school was certainly valued, /"
sd,B,"but/CC if/IN there/EX was/VBD ever/RB any/DT sort/NN of/IN a/DT ,/, uh/UH ,/, if/IN ev-/RB ,/, if/IN I/PRP was/VBD ever/RB in/IN trouble/NN in/IN school/NN ,/, I/PRP was/VBD also/RB in/IN trouble/NN at/IN home/NN --/:","{C but } [ [ if there was ever any sort of a, + {F uh, } if ev-, ] + if I was ever ] in trouble in school, I was also in trouble at home --"
b,A,Yeah/UH ./.,Yeah <laughter>. /
+,B,"--/: even/RB more/RBR so/RB ,/,","-- even more so, /"
sv,B,"and/CC I/PRP think/VBP that/DT part/NN of/IN it/PRP is/VBZ ,/, is/VBZ not/RB exactly/RB with/IN the/DT schools/NNS ,/, but/CC with/IN the/DT ,/, with/IN the/DT ,/, uh/UH --/:","{C and } I think that part of it [ is, + is ] not exactly with the schools, but [ with the, + with [ the, + {F uh } --"
^2,A,"The/DT home/NN ,/,","The home, /"
%,A,yeah/UH ./.,yeah. /
+,B,"--/: the/DT culture/NN that/WDT does/VBZ n't/RB ,/, does/VBZ n't/RB value/VB the/DT education/NN and/CC does/VBZ n't/RB value/VB the/DT schools/NNS and/CC does/VBZ n't/RB support/VB ,/, uh/UH --/:","-- the ] ] culture that [ doesn't, + doesn't ] value the education and doesn't value the schools and doesn't support, {F uh } --"
aa,A,I/PRP think/VBP that/DT 's/BES right/JJ ./.,I think that's right. /
+,B,"--/: what/WP the/DT schools/NNS are/VBP ,/, are/VBP trying/VBG to/TO do/VB ./.","-- what the schools [ are, + are ] trying to do. /"
sv,A,"It/PRP is/VBZ so/RB hard/JJ with/IN a/DT family/NN system/NN ,/, um/UH ,/, either/DT divorced/JJ or/CC ,/, or/CC just/RB one/CD parent/NN --/:","It is so hard with a family system, {F um, } either divorced [ or, + or ] just one parent --"
aa,B,"Yeah/UH ,/,","Yeah, /"
aa,B,that/DT 's/BES true/JJ ./.,that's true. /
+,A,"--/: or/CC just/RB li-/XX ,/,","-- or just li-, - /"
sv,A,"and/CC then/RB ,/, if/IN both/DT of/IN them/PRP have/VBP to/TO work/VB ,/, even/RB that/DT is/VBZ a/DT ,/, a/DT hard/JJ situation/NN --/:","{C and then, } if both of them have to work, even that is [ a, + a ] hard situation --"
b,B,Uh-huh/UH ./.,Uh-huh. /
+,A,"--/: for/IN the/DT children/NNS ,/, uh/UH ,/, to/TO ,/, to/TO have/VB a/DT supportive/JJ system/NN around/IN them/PRP to/TO make/VB school/NN work/VB for/IN them/PRP --/:","-- for the children, {F uh, } [ to, + to ] have a supportive system around them to make school work for them -- /"
b,B,Uh-huh/UH ./.,Uh-huh. /
sv,A,"--/: and/CC I/PRP think/VBP it/PRP 's/BES real/RB important/JJ that/IN the/DT parents/NNS work/VBP with/IN the/DT school/NN ,/, um/UH --/:","-- {C and } I think it's real important that the parents work with the school, {F um } -- /"
b,B,Yeah/UH ./.,Yeah. /
aa,A,"--/: I/PRP think/VBP what/WP you/PRP said/VBD is/VBZ ,/, is/VBZ really/RB a/DT pinpoint/NN ,/, though/RB ,/, that/IN the/DT student/NN and/CC the/DT family/NN life/NN really/RB adds/VBZ or/CC detracts/VBZ --/:","-- I think what you said [ is, + is ] really a pinpoint, though, that the student and the family life really adds or detracts --"
b,B,Yeah/UH ./.,Yeah. /
+,A,--/: what/WP 's/BES happening/VBG in/IN the/DT school/NN --/:,-- what's happening in the school -- /
b,B,Yeah/UH ./.,Yeah. /
qo,A,"--/: so/RB ,/, um/UH ,/, what/WP about/IN your/PRP$ wife/NN ,/,","-- {D so, } {F um, } what about your wife, /"
qy,A,"is/VBZ she/PRP ,/, she/PRP happy/JJ at/IN school/NN","is [ she, + she ] happy at school /"
%,A,or/CC MUMBLEx/XX ./.,{C or } <laughter> (( )) . /
sd,B,"Well/UH ,/, uh/UH ,/, she/PRP ,/, she/PRP works/VBZ very/RB hard/JJ as/IN a/DT kindergarten/NN teacher/NN ./.","<Laughter> {D Well, } {F uh, } [ she, + she ] works very hard as a kindergarten teacher. /"
ba,A,I/PRP bet/VBP she/PRP does/VBZ ./.,I bet she does. /
sd,B,"She/PRP has/VBZ ,/, she/PRP has/VBZ two/CD half/JJ day/NN classes/NNS ./.","[ She has, + she has ] two half day classes. /"
sd,B,So/RB she/PRP --/:,{C So } she --
b,A,Uh-huh/UH ./.,Uh-huh. /
+,B,"--/: has/VBZ ,/, uh/UH ,/, you/PRP know/VBP ,/, on/IN the/DT order/NN of/IN twice/RB as/RB many/JJ students/NNS as/IN --/:","-- has, {F uh, } {D you know, } on the order of twice as many students [ as -- +"
b,A,Yeah/UH ./.,Yeah. /
+,B,--/: as/IN the/DT teachers/NNS in/IN the/DT higher/JJR grades/NNS --/:,-- as ] the teachers in the higher grades -- /
b,A,"Right/UH ,/,","Right, /"
b,A,right/UH ./.,right. /
sd,B,"--/: and/CC uh/UH ,/, uh/UH ,/, but/CC her/PRP$ ,/, her/PRP$ background/NN is/VBZ in/IN ,/, is/VBZ in/IN ,/, uh/UH ,/, child/NN development/NN ,/, and/CC --/:","-- [ {C and } + {F uh, } {F uh, } {C but } ] [ her, + her ] background [ is in, + is in, ] {F uh, } child development, [ and -- +"
b,A,Uh-huh/UH ./.,Uh-huh. /
+,B,"--/: and/CC ,/, uh/UH ,/, so/RB forth/RB ,/,","-- and, ] {F uh, } so forth, /"
sd,B,"and/CC so/RB kindergarten/NN is/VBZ as/RB high/JJ as/IN she/PRP ,/, as/IN she/PRP wants/VBZ to/TO teach/VB ,/,","{C and so } kindergarten is as high [ as she, + as she ] wants to teach, /"
sd,B,and/CC she/PRP 's/BES --/:,{C and } [ she's -- +
b,A,"Yeah/UH ,/,","Yeah, /"
+,B,"--/: she/PRP 's/BES teaching/VBG rather/IN than/IN something/NN else/RB because/IN that/DT ,/, that/DT ,/, that/DT 's/BES the/DT jobs/NNS that/WDT are/VBP available/JJ and/CC that/WDT ,/, the/DT schedule/NN matches/VBZ ,/, uh/UH ,/, you/PRP know/VBP ,/, with/IN our/PRP$ kids/NNS and/CC things/NNS like/IN that/DT ./.","-- she's ] teaching rather than something else because [ [ that, + that, ] + that's ] the jobs that are available and that, the schedule matches, {F uh, } {D you know, } with our kids and things like that. /"
b,A,Right/UH ./.,Right. /
b,B,"So/UH ,/, yeah/UH ,/,","{C So, } yeah, /"
%,B,"uh/UH ,/, and/CC ,/, but/CC ,/, uh/UH ,/, the/DT .../:","{F uh, } [ {C and, } + {C but, } ] {F uh, } the ... -/"
