act_tag,speaker,pos,text
"fo_o_fw_""_by_bc",A,"Okay/UH ,/,","Okay, /"
qy,A,"so/UH ,/, uh/UH ,/, do/VBP you/PRP own/VB a/DT P/NN C/NN ?/.","{D so, } {F uh, } do you own a P C? /"
nn,B,"Um/UH ,/, no/UH ,/,","{F Um, } no, /"
sd,B,not/RB personally/RB,not personally /
%,B,"but/CC ,/,","{C but, } -/"
qy^d,A,But/CC you/PRP have/VBP one/CD at/IN work/NN ./.,{C But } you have one at work. /
ny,B,"Yes/UH ,/,","Yes, /"
ny,B,"uh-huh/UH ,/,","uh-huh, /"
ny,B,"Yeah/UH ,/,","Yeah, /"
sd,B,several/JJ ./.,several <laughter>. /
b,A,"Okay/UH ,/,","Okay, /"
sd,A,"and/CC ,/, now/RB because/IN ,/, um/UH ,/,","{C and, } now because, {F um, } - /"
sd,A,"see/VB I/PRP 'm/VBP ,/, I/PRP 'm/VBP doing/VBG my/PRP$ ,/, uh/UH ,/, Master/NNP 's/POS in/IN Computer/NNP Science/NNP and/CC Computer/NNP Engineering/NNP ./.","{D see } [ I'm, + I'm ] doing my, {F uh, } Master's in Computer Science and Computer Engineering. /"
b,B,Uh-huh/UH ./.,Uh-huh. /
sd,A,"And/CC ,/, um/UH ,/, and/CC I/PRP ,/, I/PRP do/VBP n't/RB have/VB one/CD ,/,","[ {C And, } + {F um, } {C and } ] [ I, + I ] don't have one, /"
sd,A,"but/CC I/PRP have/VBP to/TO use/VB them/PRP ,/,","{C but } I have to use them,"
b,B,Right/UH ./.,Right. /
+,A,"like/UH during/IN ,/, especially/RB during/IN my/PRP$ undergrad/NN ./.","{D like } [ during, + especially during ] my undergrad. /"
b,B,Uh-huh/UH ./.,Uh-huh. /
%,A,"You/PRP ,/, you/PRP use/VBP ,/, um/UH ,/,","[ You, + you ] use, {F um, } - /"
sv,A,"like/UH your/PRP$ first/JJ couple/NN of/IN years/NNS you/PRP use/VBP personal/JJ computers/NNS because/IN ,/, uh/UH ,/, you/PRP know/VBP ,/, the/DT software/NN ./.","{D like } your first couple of years you use personal computers because, {F uh, } {D you know, } the software. /"
sv,A,"You/PRP know/VBP ,/, like/UH it/PRP 's/BES easier/JJR for/IN you/PRP to/TO go/VB to/IN and/CC run/VB a/DT program/NN ,/,","{D You know, } {D like } it's easier for you to go to and run a program,"
b,B,Uh-huh/UH ./.,Uh-huh. /
+,A,"you/PRP know/VBP ,/, through/IN the/DT disk/NN ,/,","{D you know, } through the disk,"
b,B,Uh-huh/UH ./.,Uh-huh. /
+,A,"because/IN ,/, um/UH ,/, the/DT grader/NN can/MD do/VB it/PRP at/IN home/NN ./.","because, {F um, } the grader can do it at home. /"
b,B,Yeah/UH ./.,Yeah. /
sv,A,"Then/RB ,/, as/IN the/DT ,/, you/PRP know/VBP ,/, as/IN you/PRP go/VBP up/RB higher/RBR ,/, like/IN in/IN your/PRP$ senior/JJ level/NN ,/, you/PRP 're/VBP doing/VBG projects/NNS which/WDT are/VBP ,/, are/VBP so/RB big/JJ ,/,","Then, [ as the, + {D you know, } as you ] go up higher, {D like } in your senior level, you're doing projects which [ are, + are ] so big, /"
sv,A,"and/CC you/PRP have/VBP to/TO have/VB so/RB many/JJ people/NNS sharing/VBG the/DT same/JJ data/NNS ,/,","{C and } you have to have so many people sharing the same data,"
b,B,Uh-huh/UH ./.,Uh-huh. /
+,A,"that/IN you/PRP ca/MD n't/RB use/VB personal/JJ computers/NNS ,/, so/RB you/PRP have/VBP to/TO use/VB ,/, you/PRP know/VBP ,/, a/DT main/JJ frame/NN ./.","that you can't use personal computers, so you have to use, {D you know, } a main frame. /"
aa,B,"Right/UH ,/,","Right, /"
aa,B,right/UH ./.,right. /
%,B,"Yeah/UH ,/,","Yeah, /"
sd,B,"I/PRP know/VBP I/PRP ,/, uh/UH ,/, I/PRP do/VBP have/VB a/DT ,/, uh/UH ,/, you/PRP know/VBP ,/, a/DT computer/NN at/IN home/NN ,/,","I know [ I, + {F uh, } I ] do have [ a, + {F uh, } {D you know, } a ] computer at home, /"
sd,B,but/CC it/PRP 's/BES one/CD that/WDT the/DT company/NN has/VBZ loaned/VBN me/PRP ./.,{C but } it's one that the company has loaned me. /
bk,A,"Oh/UH ,/, okay/UH ./.","{F Oh, } okay. /"
sd,B,"And/CC ,/, that/DT ,/, that/DT 's/HVS been/VBN my/PRP$ situation/NN ,/, is/VBZ that/DT ,/, uh/UH ,/, that/DT way/NN I/PRP can/MD get/VB in/RB ,/, access/NN our/PRP$ ,/, uh/UH ,/, computers/NNS that/WDT I/PRP have/VBP up/IN here/RB and/CC ,/, you/PRP know/VBP ,/, do/VBP work/NN from/IN home/NN ./.","{C And, } [ that, + that's ] been my situation, is that, {F uh, } that way I can get in, access our, {F uh, } computers that I have up here and, {D you know, } do work from home. /"
qy,A,"But/CC does/VBZ it/PRP have/VB ,/, uh/UH ,/, like/IN ,/, a/DT disk/NN drive/NN ?/.","{C But } does it have, {F uh, } {D like, } a disk drive? /"
ny,B,Oh/UH yeah/UH ./.,{F Oh } yeah. /
ny,B,"Yeah/UH ,/,","Yeah, /"
ny,B,"yeah/UH ,/,","yeah, /"
ny,B,"yeah/UH ,/,","yeah, /"
bk,A,"Oh/UH ,/, okay/UH ,/,","{F Oh, } okay, /"
sd,A,"because/IN ,/, uh/UH ,/, the/DT ones/NNS that/WDT we/PRP use/VBP ,/, yo-/PRP ,/, you/PRP know/VBP ,/, are/VBP like/IN UNIX/NNP base/NN systems/NNS ./.","{C because, } {F uh, } the ones that we use, [ yo-, + ] {D you know, } are like UNIX base systems. /"
b,B,Right/UH ./.,Right. /
b,B,Uh-huh/UH ./.,Uh-huh. /
sd,A,"And/CC ,/, so/IN they/PRP do/VBP n't/RB have/VB a/DT disk/NN drive/NN ./.","{C And, so } they don't have a disk drive. /"
b,B,Right/UH ./.,Right. /
sd,A,"You/PRP know/VBP ,/, so/IN you/PRP ca/MD n't/RB ,/,","{D You know, } {C so } you can't, - /"
sd,A,the/DT only/JJ way/NN that/WDT you/PRP can/MD do/VB it/PRP is/VBZ through/IN a/DT modem/NN ./.,the only way that you can do it is through a modem. /
b,B,Right/UH ./.,Right. /
sd,A,"And/CC ,/, you/PRP ,/, you/PRP know/VBP ,/, you/PRP just/RB do/VBP it/PRP that/DT way/NN ./.","{C And, } [ you, + {D you know, } you ] just do it that way. /"
b,B,Yeah/UH ./.,Yeah. /
sd,A,"But/CC ,/, that/DT 's/BES ,/, uh/UH ,/, that/DT 's/BES the/DT only/JJ way/NN that/WDT you/PRP can/MD get/VB to/TO ,/, through/IN to/IN the/DT system/NN ,/,","{C But, } [ that's, + {F uh, } that's ] the only way that you can get [ to, + through to ] the system, /"
sd,A,you/PRP ca/MD n't/RB store/VB it/PRP anywhere/RB ./.,you can't store it anywhere. /
aa,B,Right/UH ./.,Right. /
aa,B,"Yeah/UH ,/,","Yeah, /"
"fo_o_fw_""_by_bc",B,no/UH,no /
sd,B,"I/PRP ,/, um/UH ,/, I/PRP ,/, I/PRP have/VBP both/DT ,/, because/IN that/DT ,/, that/DT 's/BES what/WP I/PRP use/VBP all/PDT the/DT time/NN is/VBZ UNIX/NNP Systems/NNS ./. Um/UH ,/, versus/IN the/DT DOS/NNP ./.","[ [ I, + {F um, } I, ] + I ] have both, because [ that, + that's ] what I use all the time is UNIX Systems. {F Um, } versus the DOS. /"
sd,B,"But/CC then/RB I/PRP teach/VBP DOS/NNP classes/NNS ,/, uh/UH ,/, at/IN night/NN ./.","{C But } then I teach DOS classes, {F uh, } at night. /"
bk,A,"Oh/UH ,/, okay/UH ./.","{F Oh, } okay. /"
b,B,"Uh-huh/UH ,/,","Uh-huh, /"
sd,B,part/GW time/^RB ./.,part time. /
%,B,"So/RB ,/,","{C So, } -/"
bf,A,And/CC then/RB you/PRP also/RB have/VBP to/TO do/VB all/DT your/PRP$ grading/NN on/IN the/DT P/NN C/NN ./.,{C And then } you also have to do all your grading on the P C. /
sd,B,"Well/UH ,/, that/DT ,/, that/DT 's/BES the/DT really/RB neat/JJ thing/NN ,/, I/PRP teach/VBP in/IN the/DT continuing/JJ education/NN classes/NNS ,/, so/IN I/PRP do/VBP n't/RB ,/, uh/UH ,/, I/PRP do/VBP n't/RB have/VB to/TO have/VB grad-/NNS ,/, any/DT grades/NNS ,/, no/DT grade/NN books/NNS ,/, so/RB that/DT 's/BES great/JJ ./.","{D Well, } [ that, + that's ] the really neat thing, I teach in the continuing education classes, so [ I don't, + {F uh, } I don't ] have to have [ grad-, + any grades, ] no grade books, so that's great <laughter>. /"
bk,A,"Oh/UH ,/, okay/UH ./.","{F Oh, } okay. /"
"fo_o_fw_""_by_bc",B,"But/CC ,/, no/UH ,/,","{C But, } no, /"
sd,B,"I/PRP find/VBP that/IN I/PRP use/VBP the/DT ,/, the/DT personal/JJ computer/NN a/DT lot/NN though/IN for/IN my/PRP$ WordPerfect/NNP ,/,","I find that I use [ the, + the ] personal computer a lot though for my WordPerfect,"
b,A,Okay/UH ./.,Okay. /
+,B,and/CC also/RB for/IN my/PRP$ spread/NN sheets/NNS ./.,and also for my spread sheets. /
b,A,Yeah/UH ./.,Yeah. /
sd,B,"Um/UH ,/, so/IN I/PRP think/VBP it/PRP 's/BES extremely/RB helpful/JJ and/CC very/RB useful/JJ ./.","{F Um, } {C so } I think it's extremely helpful and very useful. /"
sd,A,"Well/UH ,/, uh/UH ,/, for/IN us/PRP it/PRP 's/BES ,/, uh/UH ,/, uh/UH ,/, you/PRP know/VBP ,/, it/PRP 's/BES like/IN for/IN doing/VBG like/UH ,/, you/PRP know/VBP ,/, like/UH resumes/NNS ,/,","{D Well, } {F uh, } for us [ it's, + {F uh, } {F uh, } {D you know, } it's ] like for doing {D like, } {D you know, } {D like } resumes,"
b,B,Uh-huh/UH ./.,Uh-huh. /
+,A,"and/CC ,/, presentations/NNS ./.","and, presentations. /"
b,B,"Um/UH ,/, um/UH ./. Uh-huh/UH ./.","{F Um, } {F um. } Uh-huh. /"
sd,A,"We/PRP use/VBP like/UH for/IN example/NN ,/, a/DT Mackintosh/NNP ,/, which/WDT is/VBZ a/DT lot/NN easier/JJR for/IN graphics/NNS ,/,","We use {D like } for example, a Mackintosh, which is a lot easier for graphics,"
b,B,Yeah/UH ./.,Yeah. /
+,A,"than/IN the/DT P-/XX ,/, than/IN you/PRP know/VBP ,/, the/DT I/NNP B/NNP M/NNP P/NN C/NN 's/NNS or/CC anything/NN compatible/JJ with/IN that/DT ./.","[ than the P-, + than ] {D you know, } the I B M P C's or anything compatible with that. /"
b,B,Right/UH ./.,Right. /
sd,A,"Due/IN ,/, due/IN to/IN the/DT fact/NN that/IN ,/, well/UH ,/, you/PRP know/VBP ,/, I/PRP ,/, I/PRP have/VBP n't/RB tested/VBN the/DT ,/, the/DT P/NNP S/NNP two/CD yet/RB ./.","[ Due, + due ] to the fact that, {D well, } {D you know, } [ I, + I ] haven't tested [ the, + the ] P S two yet. /"
b,B,"Um/UH ,/, um/UH ./. Uh-huh/UH ./.","{F Um, } {F um. } Uh-huh. /"
sd,A,"but/CC I/PRP do/VBP n't/RB know/VB if/IN the/DT software/NN is/VBZ as/IN easily/RB ,/, you/PRP know/VBP ,/, like/IN you/PRP can/MD manage/VB it/PRP a/DT lot/NN easier/JJR than/IN ,/, than/IN the/DT old/JJ one/NN ./.","{C but } I don't know if the software is as easily, {D you know, } like you can manage it a lot easier [ than, + than ] the old one. /"
b,B,Right/UH ./.,Right. /
sd,A,"The/DT old/JJ one/CD you/PRP had/VBD to/TO go/VB pick/VB a/DT line/NN ,/, use/VB little/JJ arrows/NNS to/TO go/VB onto/IN the/DT screen/NN and/CC check/VB where/WRB you/PRP wanted/VBD to/TO start/VB ,/, and/CC where/WRB ,/,","The old one you had to go pick a line, use little arrows to go onto the screen and check where you wanted to start, and where,"
b,B,Right/UH ./.,Right. /
+,A,"you/PRP know/VBP ,/, with/IN the/DT mouse/NN you/PRP do/VBP it/PRP ,/, you/PRP know/VBP ,/, like/UH ,/, a/DT hundred/CD times/NNS faster/RBR ./.","you know, with the mouse you do it, {D you know, } {D like, } a hundred times faster. /"
aa,B,That/DT 's/BES true/JJ ./.,That's true. /
aa,B,That/DT 's/BES true/JJ ./.,That's true. /
sd,A,"And/CC ,/, uh/UH ,/, you/PRP also/RB get/VBP ,/, you/PRP know/VBP ,/,","{C And, } {F uh, } you also get, {D you know, } - /"
sd,A,"when/WRB you/PRP see/VBP it/PRP on/IN the/DT Mackintosh/NNP with/IN ,/, you/PRP know/VBP ,/, the/DT one/CD I/PRP have/VBP ,/,","when you see it on the Mackintosh with, {D you know, } the one I have, - /"
sd,A,"that/WDT does/VBZ n't/RB have/VB any/DT color/NN ,/,","that doesn't have any color, /"
sd,A,you/PRP can/MD look/VB at/IN it/PRP,you can look at it /
sd,A,and/CC that/DT 's/BES the/DT way/NN it/PRP 's/BES going/VBG to/TO print/VB out/RP ./.,{C and } that's the way it's going to print out. /
b,B,Uh-huh/UH ./.,Uh-huh. /
sd,A,"And/CC ,/, especially/RB if/IN you/PRP have/VBP a/DT laser/NN printer/NN ,/, it/PRP 's/BES going/VBG to/TO print/VB out/RP the/IN same/JJ way/NN as/IN it/PRP 's/BES on/IN the/DT screen/NN ./.","{C And, } especially if you have a laser printer, it's going to print out the same way as it's on the screen. /"
b,B,"Oh/UH ,/, Uh-huh/UH ./.","{F Oh, } Uh-huh. /"
sd,A,"And/CC ,/, so/RB ,/, with/IN ,/, you/PRP know/VBP ,/, with/IN the/DT I/NNP B/NNP M/NNP what/WP would/MD happen/VB is/VBZ ,/, uh/UH ,/, since/IN the/DT software/NN that/WDT I/PRP had/VBD was/VBD ,/, it/PRP was/VBD basically/RB ,/, you/PRP know/VBP ,/, you/PRP only/RB see/VBP part/NN of/IN the/DT page/NN ./.","{C And, so, } [ with, + {D you know, } with ] the I B M what would happen is, {F uh, } since the software that I had was, it was basically, {D you know, } you only see part of the page. /"
b,B,Uh-huh/UH ./.,Uh-huh. /
sd,A,"And/CC ,/, so/RB ,/, the/DT whole/JJ page/NN you/PRP ,/, you/PRP never/RB can/MD actually/RB see/VB it/PRP ,/,","{C And, so, } the whole page [ you, + you ] never can actually see it, /"
b,B,Oh/UH ./.,Oh. /
sd,A,you/PRP just/RB draw/VBP it/PRP,you just draw it /
sd,A,and/CC they/PRP have/VBP to/TO zoom/VB out/RP and/CC zoom/VB in/RP,{C and } they have to zoom out and zoom in /
sd,A,"and/CC ,/, you/PRP know/VBP ,/, it/PRP 's/BES like/IN ,/, every/DT time/NN that/WDT you/PRP have/VBP to/TO do/VB something/NN is/VBZ ,/, it/PRP 's/BES really/RB a/DT pain/NN ./.","{C and, } {D you know, } it's like, every time that you have to do something [ is, + ] it's really a pain. /"
ba,B,"What/WP a/DT hassle/NN ,/,","What a hassle, /"
b,B,"yeah/UH ,/,","yeah, /"
b,B,yeah/UH ./.,yeah. /
sd,A,"And/CC ,/, also/RB ,/, you/PRP know/VBP ,/, it/PRP 's/BES like/IN for/IN ,/, for/IN presentations/NNS ,/,","{C And, } also, {D you know, } it's like [ for, + for ] presentations, /"
sd,A,"it/PRP 's/BES like/IN if/IN you/PRP have/VBP to/TO do/VB any/DT statistical/JJ data/NNS it/PRP can/MD be/VB easily/RB represented/VBN on/IN a/DT ,/, on/IN a/DT P/NN C/NN ./.","it's like if you have to do any statistical data it can be easily represented [ on a, + on a ] P C. /"
b,B,Uh-huh/UH ./.,Uh-huh. /
sd,A,"it/PRP can/MD be/VB easily/RB represented/VBN on/IN a/DT ,/, on/IN a/DT P/NN C/NN ./.","it can be easily represented [ on a, + on a ] P C. /"
sd,A,"You/PRP know/VBP ,/, like/UH years/NNS back/RB when/WRB you/PRP did/VBD n't/RB have/VB that/DT you/PRP would/MD have/VB to/TO map/VB out/RP all/PDT this/DT ,/, all/PDT these/DT numbers/NNS ./.","{D You know, } {D like } years back when you didn't have that you would have to map out [ all this, + all these ] numbers. /"
b,B,Yeah/UH ./.,Yeah. /
sd,A,"and/CC get/VB a/DT graph/NN which/WDT you/PRP were/VBD n't/RB sure/JJ if/IN it/PRP was/VBD okay/JJ or/CC not/RB ,/, you/PRP know/VBP ./.","and get a graph which you weren't sure if it was okay or not, {D you know. } /"
b,B,Right/UH ./.,Right. /
b,B,Yeah/UH ./.,Yeah. /
sd,A,"But/CC ,/, with/IN a/DT ,/, with/IN a/DT new/JJ system/NN I/PRP can/MD calculate/VB everything/NN so/RB fast/RB ,/,","{C But, } [ with a, + with a ] new system I can calculate everything so fast,"
b,B,Uh-huh/UH ./.,Uh-huh. /
+,A,"you/PRP know/VBP ,/, like/IN for/IN spread/NN sheets/NNS ./.","{D you know, } like for spread sheets. /"
b,B,Right/UH ./.,Right. /
b,B,Right/UH ./.,Right. /
sv,A,You/PRP can/MD see/VB what/WP the/DT trend/NN is/VBZ over/IN the/DT years/NNS ./.,You can see what the trend is over the years. /
b,B,Yeah/UH ./.,Yeah. /
sd,B,"And/CC ,/, I/PRP love/VBP all/PDT the/DT windows/NNS that/WDT they/PRP have/VBP out/RP now/RB too/RB ,/,","{C And, } I love all the windows that they have out now too, /"
b,A,"Yeah/UH ,/,","Yeah, /"
%,A,"that/DT ,/,","[ [ that, +"
sv,B,they/PRP have/VBP really/RB simplified/VBN things/NNS ./.,they have really simplified things. /
+,A,that/WDT,that ] - /
sd,A,"I/PRP ,/, I/PRP had/VBD a/DT ,/, I/PRP had/VBD a/DT program/NN due/JJ","[ [ [ I, + I ] had a, + I had a ] program due /"
sd,A,"and/CC uh/UH ,/, one/CD ,/, one/CD window/NN I/PRP had/VBD the/DT program/NN","{C and } {F uh, } [ one, + one ] window I had the program /"
sd,A,and/CC the/DT other/JJ one/NN I/PRP had/VBD the/DT program/NN running/VBG ./.,{C and } the other one I had the program running.
b,B,Right/UH ./.,Right. /
b,B,Right/UH ./.,Right. /
+,A,"so/RB if/IN there/EX was/VBD ever/RB a/DT mistake/NN ,/, I/PRP could/MD easily/RB check/VB ,/, you/PRP know/VBP ,/,","so if there was ever a mistake, I could easily check, {D you know, } /"
sd,A,"I/PRP could/MD look/VB at/IN the/DT program/NN and/CC say/VB ,/, this/DT is/VBZ where/WRB I/PRP made/VBD the/DT error/NN ./.","I could look at the program and say, this is where I made the error. /"
b,B,Right/UH ./.,Right. /
sd,A,"Instead/RB of/IN saying/VBG ,/, where/WRB did/VBD I/PRP make/VB the/DT error/NN ?/.","Instead of saying, where did I make the error? /"
b,B,Uh-huh/UH ./.,Uh-huh. /
sd,A,"You/PRP know/VBP ,/, go/VBP back/RB and/CC forth/RB","{D You know, } go back and forth /"
sd,A,"and/CC ,/, and/CC ,/, you/PRP know/VBP ,/, you/PRP always/RB ,/, you/PRP know/VBP ,/,","[ {C and, } + {C and, } ] {D you know, } you always, {D you know, } - /"
sd,A,"the/DT old/JJ ones/NNS you/PRP had/VBD to/TO go/VB out/IN of/IN your/PRP$ program/NN ,/, load/VB up/RP ,/, um/UH ,/, uh/UH ,/, well/UH load/VB up/RP the/DT program/NN again/RB ,/,","the old ones you had to go out of your program, [ load up, + {F um, } {F uh, } {D well } load up ] the program again,"
b,B,Uh-huh/UH ./.,Uh-huh. /
+,A,in/IN this/DT case/NN ./.,in this case. /
sd,A,"After/IN you/PRP load/VBP it/PRP up/IN change/VB it/PRP ,/, hope/VBP that/DT 's/BES right/JJ ,/,","After you load it up change it, hope that's right,"
x,B,,<Laughter>.
+,A,"get/VBP out/IN of/IN that/DT ,/, run/VBP the/DT program/NN ,/,","get out of that, run the program,"
b,B,Yes/UH ./.,Yes. /
+,A,"run/VB ,/, uh-huh/UH ,/, as/RB long/RB as/IN it/PRP took/VBD ,/,","run, {D uh-huh, } as long as it took,"
b,B,Yes/UH ./.,Yes. /
+,A,and/CC then/RB go/VB back/RB and/CC see/VB if/IN that/DT worked/VBD or/CC not/RB ./.,and then go back and see if that worked or not. /
b,B,Yeah/UH ./.,Yeah. /
sd,A,But/CC with/IN windows/NNS you/PRP can/MD have/VB the/DT program/NN,{C But } with windows you can have the program /
sd,A,and/CC say/VB it/PRP messed/VBD up/RP in/IN line/NN fifty-four/CD ./.,{C and } {D say } it messed up in line fifty-four. /
b,B,Yeah/UH ./.,Yeah. /
sd,A,"So/RB ,/, you/PRP take/VBP a/DT look/NN at/IN line/NN fifty-four/CD ,/,","{C So, } you take a look at line fifty-four, /"
sd,A,"you/PRP take/VBP a/DT look/NN at/IN the/DT output/NN at/IN the/DT same/JJ time/NN ,/,","you take a look at the output at the same time, /"
sd,A,"and/CC you/PRP can/MD see/VB that/IN ,/, where/WRB it/PRP messed/VBD up/RP ,/, because/IN ,/, you/PRP know/VBP it/PRP 's/BES like/IN in/IN the/DT old/JJ computers/NNS ,/, the/DT ones/NNS that/WDT ,/, uh/UH ,/, we/PRP 're/VBP using/VBG here/RB a/DT couple/NN of/IN years/NNS ago/RB ,/, you/PRP would/MD always/RB have/VB to/TO have/VB a/DT printout/NN ,/,","{C and } you can see [ that, + ] where it messed up, because, {D you know } it's like in the old computers, the ones that, {F uh, } we're using here a couple of years ago, you would always have to have a printout,"
b,B,Uh-huh/UH ./.,Uh-huh. /
b,B,Yeah/UH ./.,Yeah. /
aa,B,"Yeah/UH ,/,","Yeah, /"
aa,B,"right/UH ,/,","right, /"
aa,B,right/UH ./.,right. /
%,B,"Yeah/UH ,/,","Yeah, /"
sd,B,"I/PRP know/VBP ,/, I/PRP ,/, uh/UH ,/, I/PRP remember/VBP my/PRP$ college/NN days/NNS ./. And/CC having/VBG to/TO do/VB that/DT too/RB ./.","I know, [ I, + {F uh, } I ] remember my college days <laughter>. And having to do that too. /"
qy,A,"Di/VBD ,/, did/VBD ,/, did/VBD you/PRP learn/VB it/PRP in/IN computer/NN science/NN ?/.","[ [ Di-, + did, ] + did ] you learn it in computer science? /"
ny,B,"Oh/UH ,/, yeah/UH ,/,","{F Oh, } yeah, /"
ny,B,uh-huh/UH ./.,uh-huh. /
sd,B,I/PRP sure/RB did/VBD ./.,I sure did. /
qw,A,"And/CC ,/, when/WRB was/VBD this/DT ./.","{C And, } when was this. /"
sd,B,"Uh/UH ,/, I/PRP graduated/VBD in/IN eighty-six/CD ./.","{F Uh, } I graduated in eighty-six. /"
bk,A,"Oh/UH ,/, okay/UH ./.","{F Oh, } okay. /"
b,B,Yeah/UH ./.,Yeah. /
sd,B,So/RB it/PRP 's/HVS been/VBN fairly/RB recent/JJ ./.,{C So } it's been fairly recent. /
b,A,"Yeah/UH ,/,","Yeah, /"
sd,A,"I/PRP know/VBP because/IN ,/, uh/UH ,/, all/DT I/PRP know/VBP is/VBZ that/IN when/WRB I/PRP came/VBD here/RB in/IN eighty-seven/CD ,/, they/PRP still/RB had/VBD ,/, uh/UH ,/,","I know because, {F uh, } all I know is that when I came here in eighty-seven, [ they still had, + ] {F uh, }"
^2,B,The/DT cards/NNS ./.,The cards. /
+,A,"it/PRP was/VBD the/DT last/JJ year/NN to/TO ,/, to/TO put/VB all/DT your/PRP$ punch/NN cards/NNS in/RB ./.","it was the last year [ to, + to ] put all your punch cards in. /"
ba,B,"Oh/UH ,/, oh/UH dear/UH ./.","{F Oh, } {F oh } dear. /"
sd,B,"I/PRP did/VBD n't/RB have/VB to/TO bother/VB with/IN that/DT at/IN all/DT ,/, thank/VB goodness/NN ./.","I didn't have to bother with that at all, thank goodness. /"
%,B,Yeah/UH ./.,Yeah. /
b,A,"So/RB ,/, yeah/UH ./.","{C So, } yeah. /"
"fo_o_fw_""_by_bc",A,"No/UH ,/,","No, /"
sd,A,"but/CC it/PRP ,/, it/PRP was/VBD just/RB sensational/JJ because/IN I/PRP walked/VBD in/RB","{C but } [ it, + it ] was just sensational because I walked in /"
sd,A,"and/CC they/PRP go/VBP ,/, Oh/UH ,/, my/PRP$ God/NNP ,/, they/PRP 're/VBP still/RB using/VBG this/DT ./.","{C and } they go, {F Oh, } my God, they're still using this. /"
b,B,Yes/UH ./.,Yes. /
sd,A,"It/PRP was/VBD like/IN ,/, this/DT is/VBZ the/DT last/JJ year/NN you/PRP can/MD put/VB your/PRP$ punch/NN cards/NNS in/RB and/CC get/VB your/PRP$ program/NN out/RB","It was like, this is the last year you can put your punch cards in and get your program out /"
sd,A,"and/CC ,/, you/PRP know/VBP ,/,","{C and, } {D you know } <laughter>,"
ba,B,"Wow/UH ,/,","Wow, /"
ba,B,wow/UH ./.,wow. /
+,A,"You/PRP can/MD get/VB a/DT hard/JJ copy/NN of/IN it/PRP ,/,","You can get a hard copy of it, /"
sd,A,and/CC that/DT 's/BES about/RB it/PRP ./.,{C and } that's about it. /
b,B,"Uh-huh/UH ,/,","Uh-huh, /"
ba,B,wow/UH ./.,wow. /
sd,A,"So/RB ./. But/CC ,/, I/PRP mean/VBP ,/, the/DT price/NN of/IN computers/NNS has/VBZ gone/VBN down/RB ./.","{C So. } {C But, } {E I mean, } the price of computers has gone down. /"
sd,A,"They/PRP said/VBD that/IN ,/, um/UH ,/, if/IN the/DT auto/NN industry/NN would/MD have/VB kept/VBN the/DT same/JJ trend/NN as/IN the/DT computer/NN industry/NN has/VBZ ever/RB since/IN ,/, you/PRP know/VBP ,/, it/PRP started/VBD ,/,","They said that, {F um, } if the auto industry would have kept the same trend as the computer industry has ever since, {D you know, } it started,"
b,B,Uh-huh/UH ./.,Uh-huh. /
+,A,"they/PRP said/VBD that/IN ,/, uh/UH ,/, cars/NNS would/MD cost/VB two/CD dollars/NNS","they said that, {F uh, } cars would cost two dollars /"
sd,A,and/CC they/PRP would/MD run/VB forever/RB ./.,{C and } they would run forever. /
sv,B,"Oh/UH ,/, that/DT would/MD be/VB great/JJ ./.","{F Oh, } that would be great. /"
x,A,,<Laughter>.
x,B,,<Laughter>.
sd,A,"So/RB ,/, I/PRP mean/VBP it/PRP 's/BES like/IN ,/, you/PRP know/VBP ,/, the/DT ,/, the/DT joke/NN with/IN the/DT Yugo/NNP ,/, you/PRP know/VBP ,/,","{C So, } {E I mean } it's like, {D you know, } [ the, + the ] joke with the Yugo, {D you know, } /"
sd,A,"it/PRP 's/BES like/IN ,/, yeah/UH ,/, yo-/PRP ,/, you/PRP know/VBP ,/, like/IN when/WRB your/PRP$ ,/, uh/UH ,/, car/NN runs/VBZ out/IN of/IN gas/NN just/RB throw/VB it/PRP away/RB ./.","it's like, {D yeah, } [ yo-, + ] {D you know, } [ like + ] when your, {F uh, } car runs out of gas just throw it away. /"
b,B,Uh-huh/UH ./.,Uh-huh. /
sv,A,"And/CC ,/, that/DT ,/, that/DT 's/BES the/DT way/NN it/PRP would/MD be/VB ./.","{C And, } [ that, + that's ] the way it would be. /"
ba,B,Wow/UH ./.,Wow. /
sd,A,"It/PRP 's/BES like/IN yeah/UH ,/, I/PRP think/VBP I/PRP 'll/MD buy/VB a/DT new/JJ car/NN today/RB ,/, you/PRP know/VBP ,/,","It's like {D yeah, } I think I'll buy a new car today, {D you know, } /"
%,A,"so/RB ,/,","{C so, } -/"
x,B,,<Laughter>.
b,A,"Yeah/UH ,/,","Yeah, /"
sd,A,but/CC I/PRP mean/VBP the/DT price/NN has/VBZ really/RB gone/VBN down/RB ./.,{C but } {E I mean } the price has really gone down. /
sd,A,"I/PRP mean/VBP ,/, I/NNP B/NNP M/NNP which/WDT ,/, uh/UH ,/,","{E I mean, } I B M which, {F uh, } - /"
sd,A,"an/DT I/NNP B/NNP M/NNP P/NN C/NN in/IN like/UH in/IN nineteen/CD eighty-one/CD it/PRP would/MD cost/VB you/PRP five/CD thousand/CD dollars/NNS ,/,","an I B M P C in {D like } in nineteen eighty-one it would cost you five thousand dollars, /"
aa,B,"Oh/UH ,/, sure/UH ,/,","{F Oh, } sure, /"
aa,B,"oh/UH ,/, sure/UH ./.","{F oh, } sure. /"
sd,A,"and/CC now/RB you/PRP can/MD get/VB it/PRP ,/, you/PRP know/VBP ,/, like/UH for/IN ,/, one/CD thousand/CD dollars/NNS ,/, because/IN ,/, you/PRP know/VBP ,/, because/IN of/IN the/DT parts/NNS basically/RB ./.","{C and } now you can get it, {D you know, } {D like } for, one thousand dollars, [ because, + {D you know, } because ] of the parts basically. /"
aa,B,Right/UH ./.,Right. /
aa,B,"Yeah/UH ,/,","Yeah, /"
sd,B,"and/CC the/DT two/CD eighty-six/CD too/RB ,/,","{C and } the two eighty-six too, /"
%,B,"so/RB ,/, yeah/UH ./.","{C so, } yeah. /"
aa,A,Yeah/UH ./.,Yeah. /
sd,A,"The/DT parts/NNS and/CC the/DT labor/NN is/VBZ what/WP they/PRP 're/VBP charging/VBG you/PRP ,/,","The parts and the labor is what they're charging you, /"
sd,A,"they/PRP 're/VBP not/RB charging/VBG you/PRP ,/, you/PRP know/VBP ,/, over/GW pricing/^VBG ,/,","they're not charging you, {D you know, } over pricing,"
b,B,Uh-huh/UH ./.,Uh-huh. /
+,A,"it/PRP because/IN it/PRP 's/BES like/IN ,/, if/IN we/PRP sell/VBP it/PRP for/IN less/JJR ,/, you/PRP know/VBP ,/, it/PRP 's/BES like/IN we/PRP 're/VBP losing/VBG money/NN ,/, you/PRP know/VBP ./.","it because it's like, if we sell it for less, {D you know, } it's like we're losing money, {D you know. } /"
b,B,Right/UH ./.,Right. /
sd,A,It/PRP 's/BES like/IN we/PRP want/VBP to/TO sell/VB it/PRP to/TO break/VB even/RP at/IN least/JJS ./.,It's like we want to sell it to break even at least. /
b,B,Uh-huh/UH ./.,Uh-huh. /
sd,A,"And/CC ,/, I/PRP think/VBP they/PRP stopped/VBD producing/VBG the/DT I/NNP B/NNP M/NNP P/NN C/NN ./.","{C And, } I think they stopped producing the I B M P C. /"
b,B,Uh-huh/UH ./.,Uh-huh. /
sd,A,"And/CC ,/, uh/UH ,/, and/CC the/DT ,/, uh/UH ,/, P/NNP C/NNP Junior/NNP was/VBD a/DT total/JJ failure/NN ,/,","[ {C And, } + {F uh, } {C and } ] the, {F uh, } P C Junior was a total failure,"
b,B,Oh/UH ./.,Oh. /
+,A,to/IN them/PRP ./.,to them. /
b,B,Yeah/UH ./.,Yeah. /
sd,A,"They/PRP had/VBD ,/, uh/UH ,/,","They had, {F uh, } - /"
sd,A,"they/PRP 're/VBP trying/VBG to/TO get/VB out/RP small/JJ computers/NNS ,/,","they're trying to get out small computers, /"
sd,A,"but/CC ,/, the/DT only/JJ problem/NN was/VBD that/IN when/WRB they/PRP took/VBD that/DT one/NN out/RP ,/, the/DT small/JJ computer/NN was/VBD the/DT I/NNP B/NNP M/NNP P/NN C/NN ./.","{C but, } the only problem was that when they took that one out, the small computer was the I B M P C <laughter>. /"
x,B,,<Laughter>.
sd,A,"And/CC ,/, so/RB ,/, you/PRP could/MD n't/RB ,/, you/PRP know/VBP ,/,","{C And, so, } you couldn't, {D you know, } - /"
sd,A,"it/PRP 's/BES like/IN ,/, sure/UH bring/VB out/RB ./. N-/XX ,/, into/IN the/DT market/NN something/NN that/WDT 's/BES smaller/JJR when/WRB no-/NN ,/, nobody/NN uses/VBZ anything/NN that/WDT 's/BES smaller/JJR than/IN ,/, you/PRP know/VBP ,/, this/DT ,/, you/PRP know/VBP ./.","it's like, sure bring out. N-, into the market something that's smaller when [ no-, + nobody ] uses anything that's smaller than, {D you know, } this, {D you know. } /"
b,B,Yeah/UH ./.,Yeah. /
%,A,"And/CC ,/, so/RB ./.","{C And, so. } -/"
b,B,Oh/UH ./.,Oh.
sd,A,"But/CC ,/, over/IN the/DT past/JJ years/NNS it/PRP 's/BES like/IN I/NNP B/NNP M/NNP has/VBZ been/VBN producing/VBG like/UH","{C But, } over the past years it's like I B M has been producing {D like } - /"
sd,A,every/DT two/CD years/NNS they/PRP bring/VBP out/RP a/DT whole/RB new/JJ system/NN ./.,every two years they bring out a whole new system.
+,B,Uh-huh/UH ./.,Uh-huh. /
+,A,"You/PRP know/VBP ,/, like/IN the/DT P/NNP C/NNP X/NNP T/NNP ,/, A/NNP T/NNP ,/, and/CC the/DT P/NNP S/NNP one/CD ,/, P/NNP S/NNP two/CD things/NNS ,/, you/PRP know/VBP ,/,","{D You know, } like the P C X T, A T, and the P S one, P S two things, {D you know, } /"
sv,A,and/CC so/RB ./. It/PRP 's/BES just/RB that/IN you/PRP have/VBP to/TO always/RB compete/VB,{C and so. } It's just that you have to always compete /
sd,A,"and/CC ,/, uh/UH ,/, Mackintosh/NNP took/VBD a/DT lot/NN of/IN the/DT market/NN from/IN a/DT lot/NN of/IN schools/NNS ./.","{C and, } {F uh, } Mackintosh took a lot of the market from a lot of schools. /"
b,B,Yeah/UH ./.,Yeah. /
sd,A,"Because/IN of/IN ,/, of/IN their/PRP$ ,/, you/PRP know/VBP ,/,","{C Because } [ of, + of ] their, {D you know, } - /"
sv,A,you/PRP can/MD work/VB with/IN it/PRP a/DT lot/NN easier/RBR ./.,you can work with it a lot easier. /
aa,B,Yeah/UH ./.,Yeah. /
aa,B,That/DT 's/BES true/JJ ./.,That's true. /
sd,A,"So/RB ,/, that/DT 's/BES what/WP they/PRP 're/VBP trying/VBG to/TO do/VB ./.","{C So, } that's what they're trying to do. /"
ad,A,"Oh/UH ,/, well/UH ,/,","{F Oh, } {D well, }"
%,B,Well/UH ./.,{D Well. } -/
+,A,I/PRP 'll/MD leave/VB you/PRP back/RB to/IN your/PRP$ work/NN ./.,I'll leave you back to your work. /
aa,B,Okay/UH ./.,Okay. /
sv,A,"And/CC ,/, uh/UH ,/, have/VBP a/DT good/JJ lunch/NN ./.","{C And, } {F uh, } have a good lunch. /"
ft,B,Thanks/UH ./.,Thanks. /
fc,B,Bye/UH ./.,Bye. /
fc,A,"All/RB right/JJ ,/,","All right, /"
fc,A,"bye/UH ,/, bye/UH ./.","bye, bye. /"
