act_tag,speaker,pos,text
qy^d,A,"I/PRP ,/, I/PRP ,/, I/PRP ,/, assume/VBP you/PRP have/VBP kids/NNS ./.","[ [ I, + I, ] + I, ] assume you have kids <<Music in background>>. /"
na,B,"Uh/UH ,/, we/PRP have/VBP one/CD ./.","{F Uh, } we have one. /"
sd,B,She/PRP 's/BES only/RB nine/CD months/NNS old/JJ ./.,She's only nine months old. /
sd,A,"Oh/UH ,/, well/UH she/PRP ,/, she/PRP does/VBZ n't/RB have/VB to/TO worry/VB about/IN public/JJ schools/NNS yet/RB ./.","{F Oh, } {D well } [ she, + she ] doesn't have to worry about public schools yet. /"
b,B,Right/UH ./.,Right. /
sd,B,"Well/UH ,/, my/PRP$ degree/NN is/VBZ in/IN teaching/NN ,/,","{D Well, } my degree is in teaching, /"
%,B,so/RB ./.,{C so. } -/
b,A,Yeah/UH ./.,Yeah. /
sv,A,"Well/UH ,/,","{D Well, }"
+,A,we/PRP have/VBP a/DT little/JJ bit/NN of/IN a/DT basis/NN for/IN conversation/NN ./.,we have a little bit of a basis for conversation. /
sd,A,I/PRP was/VBD a/DT substitute/JJ teacher/NN for/IN about/RB a/DT year/NN ./.,I was a substitute teacher for about a year. /
b,B,"Oh/UH ,/, really/UH ./.","{F Oh, } really. /"
b,A,Yeah/UH ./.,Yeah. /
sd,A,"I/PRP ,/, uh/UH ,/, thought/VBD I/PRP wanted/VBD to/TO be/VB a/DT teacher/NN","I, {F uh, } thought I wanted to be a teacher /"
sd,A,"so/RB ,/, but/CC before/IN I/PRP went/VBD through/IN all/DT of/IN that/DT I/PRP wanted/VBD to/TO see/VB how/WRB I/PRP was/VBD going/VBG to/TO like/VB it/PRP ./.","[ {C so, } + {C but } ] before I went through all of that I wanted to see how I was going to like it. /"
b,B,Uh-huh/UH ./.,Uh-huh. /
%,A,"And/CC ,/, and/CC they/PRP ,/, uh/UH ,/,","[ {C And, } + {C and } ] they, {F uh, } - /"
sd,A,"in/IN Alabama/NNP ,/, where/WRB I/PRP came/VBD from/IN they/PRP ,/, they/PRP allow/VBP you/PRP to/TO substitute/VB if/IN you/PRP got/VBN a/DT four/CD year/NN degree/NN ./.","in Alabama, where I came from [ they, + they ] allow you to substitute if you got a four year degree. /"
sd,A,"So/RB I/PRP went/VBD out/RB and/CC played/VBD substitute/NN for/IN a/DT while/NN and/CC decided/VBD ,/, nope/UH ,/, not/RB for/IN me/PRP ./.","{C So } I went out and played substitute for a while and decided, nope, not for me. /"
qy^d,B,Did/VBD you/PRP teach/VB in/IN all/DT subjects/NNS or/CC in/IN all/DT grade/NN levels/NNS,<Laughter> Did you teach in all subjects or in all grade levels /
%,B,"or/CC ,/,","{C or, } -/"
ny,A,Yeah/UH ./.,Yeah. /
%,A,"It/PRP was/VBD ,/,","It was, - /"
sd,A,I/PRP just/RB took/VBD grades/NNS one/CD through/IN six/CD ./.,I just took grades one through six. /
b,B,Uh-huh/UH ./.,Uh-huh. /
sd,A,"I/PRP thought/VBD I/PRP was/VBD going/VBG to/TO be/VB smart/JJ and/CC get/VB the/DT good/JJ kids/NNS ,/, wrong/JJ ./.","I thought I was going to be smart and get the good kids, wrong. /"
sd,B,"Well/UH ,/, my/PRP$ degree/NN was/VBD in/IN fourth/JJ through/IN seventh/JJ grade/NN","<Laughter> {D Well, } my degree was in fourth through seventh grade /"
sd,B,but/CC I/PRP taught/VBD junior/JJ high/NN ./.,{C but } I taught junior high. /
x,A,./.,<Throat_clearing>.
sd,B,And/CC I/PRP expected/VBD it/PRP to/TO be/VB a/DT lot/NN of/IN trouble/NN,{C And } I expected it to be a lot of trouble /
sd,B,"but/CC it/PRP was/VBD n't/RB that/RB bad/JJ ,/,","{C but } it wasn't that bad, /"
sd,B,I/PRP taught/VBD remedial/JJ reading/NN kids/NNS ./.,I taught remedial reading kids. /
%,A,Um/UH ./.,{F Um. } /
sd,B,"And/CC ,/, well/UH ,/, they/PRP do/VBP n't/RB call/VB it/PRP remedial/JJ reading/NN these/DT days/NNS ,/,","{C And, } {D well, } they don't call it remedial reading these days,"
b,A,Yeah/UH ./.,Yeah. /
+,B,they/PRP call/VBP it/PRP something/NN else/RB ./.,they call it something else. /
sd,B,"But/CC ,/, but/CC ,/, anyway/UH ,/, at/IN the/DT time/NN that/DT 's/BES what/WP I/PRP taught/VBD ./.","[ {C But, } + {C but, } ] {D anyway, } at the time that's what I taught. /"
sd,B,"And/CC ,/, um/UH ,/, you/PRP kind/RB of/RB group/NN your/PRP$ behavioral/JJ problems/NNS together/RB that/DT way/NN ,/,","{C And, } {F um, } <noise> you kind of group your behavioral problems together that way,"
b,A,Uh-huh/UH ./.,Uh-huh <<Rustling and clicking noises in background>>. /
+,B,when/WRB you/PRP have/VBP your/PRP$ slow/JJ readers/NNS,when you have your slow readers /
sd,B,"but/CC it/PRP ,/, it/PRP was/VBD n't/RB too/RB bad/JJ ./.","{C but } [ it, + it ] wasn't too bad. /"
sd,B,"We/PRP ,/, we/PRP got/VBD long/RB real/RB well/RB ./.","[ We, + we ] got long real well. /"
sd,A,"Well/UH ,/, I/PRP ,/, I/PRP sometimes/RB wonder/VBP if/IN I/PRP did/VBD n't/RB mess/VB up/RP ./.","{D Well, } [ I, + I ] sometimes wonder if I didn't mess up. /"
sd,A,"I/PRP maybe/RB should/MD have/VB taken/VBN the/DT higher/JJR grades/NNS because/IN at/IN least/JJS you/PRP can/MD ,/, if/IN you/PRP have/VBP to/TO you/PRP can/MD get/VB mean/JJ with/IN them/PRP ./.","I maybe should have taken the higher grades because at least you can, if you have to you can get mean with them. /"
x,B,./.,<Laughter>.
sd,A,Those/DT little/JJ kids/NNS do/VBP n't/RB understand/VB it/PRP ./.,Those little kids don't understand it. /
b,B,Yeah/UH ./.,Yeah. /
%,B,"I/PRP ,/,","I, - /"
sd,B,especially/RB with/IN the/DT real/RB young/JJ ones/NNS ./.,especially with the real young ones. /
sd,B,"I/PRP started/VBD out/RP wanting/VBG to/TO teach/VB ele-/RB ,/, lower/JJR ,/, like/IN primary/JJ and/CC then/RB top/JJ primary/NN and/CC thought/VBD ,/, well/UH ,/, no/UH ,/, I/PRP do/VBP n't/RB like/VB this/DT as/RB much/RB and/CC ended/VBD up/RP moving/VBG up/RB and/CC got/VBD up/RB until/IN about/RB the/DT sixth/JJ","I started out wanting to teach [ ele-, + ] lower, like primary and then top primary and thought, {D well, } no, I don't like this as much and ended up moving up and got up until about the sixth /"
sd,B,and/CC so/RB that/DT 's/BES what/WP I/PRP got/VBD my/PRP$ certification/NN in/IN ./.,{C and so } that's what I got my certification in. /
b,A,Uh-huh/UH ./.,Uh-huh. /
sd,B,"But/CC I/PRP had/VBD decided/VBN long/RB before/IN I/PRP was/VBD even/RB married/VBN that/IN I/PRP wanted/VBD to/TO ,/, if/IN possible/JJ ,/, teach/VB my/PRP$ kids/NNS at/IN home/NN and/CC not/RB put/VB them/PRP in/IN the/DT public/JJ schools/NNS ./.","{C But } I had decided long before I was even married that I wanted to, if possible, teach my kids at home and not put them in the public schools. /"
b,A,Yeah/UH ./.,Yeah. /
sd,B,"Um/UH ,/, and/CC my/PRP$ reason/NN for/IN that/DT was/VBD I/PRP do/VBP n't/RB like/VB the/DT ,/, uh/UH ,/, what/WP 's/BES the/DT right/JJ word/NN ./. The/DT varied/JJ inappropriate/JJ influences/NNS that/WDT you/PRP find/VBP so/RB much/RB in/IN the/DT public/JJ schools/NNS ./.","{F Um, } {C and } my reason for that was I don't like [ the, + {F uh, } {A what's the right word. } The ] varied inappropriate influences that you find so much in the public schools. /"
ba,A,"Well/UH ,/, that/DT 's/BES a/DT nice/JJ way/NN of/IN putting/VBG it/PRP ./.","{D Well, } that's a nice way of putting it. /"
x,B,./.,<Laughter>.
x,A,./.,<Laughter>.
sv,B,"You/PRP can/MD find/VB a/DT lot/NN of/IN good/JJ public/JJ schools/NNS if/IN you/PRP ,/, if/IN you/PRP look/VBP real/RB hard/RB","You can find a lot of good public schools [ if you, + if you ] look real hard /"
sv,B,"but/CC I/PRP do/VBP n't/RB think/VB they/PRP could/MD cover/VB everything/NN that/WDT you/PRP could/MD teach/VB ,/,","{C but } I don't think they could cover everything that you could teach,"
ba,A,"Exact-/UH ,/, exactly/UH ,/,","[ Exact-, + exactly, ] /"
+,B,your/PRP$ children/NNS on/IN an/DT individual/JJ basis/NN ./.,your children on an individual basis. /
^2,A,"And/CC too/RB ,/, most/JJS people/NNS do/VBP n't/RB have/VB that/DT option/NN ./.","{C And } {C too, } most people don't have that option. /"
b,B,Yeah/UH ./.,Yeah. /
sv,A,"You/PRP know/VBP ./. And/CC plus/CC it/PRP also/RB depends/VBZ on/IN the/DT district/NN you/PRP 're/VBP in/IN as/IN ,/, I/PRP mean/VBP ,/, on/IN the/DT ,/,","{D You know. } {C And } {C plus } it also depends on the district your in as, {E I mean, } on the, - /"
sd,A,I/PRP 've/VBP seen/VBN some/DT districts/NNS where/WRB all/PDT the/DT schools/NNS are/VBP lousy/JJ it/PRP does/VBZ n't/RB matter/VB what/WP you/PRP do/VBP ./.,I've seen some districts where all the schools are lousy it doesn't matter what you do.
b,B,Uh-huh/UH ./.,Uh-huh. /
+,A,"Uh/UH ,/, accept/^IN for/IN the/DT private/JJ ones/NNS ,/, of/IN course/NN ,/, we/PRP 're/VBP talking/VBG about/IN public/JJ ./.","{F Uh, } accept for the private ones, of course, we're talking about public. /"
b,B,Right/UH ./.,Right. /
h,A,I/PRP do/VBP n't/RB know/VB ./.,I don't know <sigh>. /
sd,A,"Back/RB when/WRB I/PRP was/VBD going/VBG to/IN school/NN uh/UH ,/, you/PRP just/RB did/VBD n't/RB get/VB away/RB with/IN the/DT things/NNS these/DT kids/NNS get/VB away/RB with/IN now/RB ./.","Back when I was going to school <throat_clearing> {F uh, } you just didn't get away with the things these kids get away with now. /"
b,B,Uh-huh/UH ./.,Uh-huh. /
sd,A,"I/PRP mean/VBP you/PRP ,/, you/PRP pulled/VBD stunts/NNS like/IN that/DT and/CC you/PRP were/VBD down/IN at/IN the/DT principal/NN 's/POS office/NN and/CC ,/, uh/UH ,/, usually/RB bending/VBG over/RB to/TO get/VB five/CD of/IN the/DT best/JJS ,/,","{E I mean } [ you, + you ] pulled stunts like that and you were down at the principal's office and, {F uh, } usually bending over to get five of the best, /"
b,B,Yeah/UH ./.,Yeah <baby>. /
sv,A,"Um/UH ,/, but/CC now/RB ,/, nowadays/RB they/PRP ca/MD n't/RB even/VB ,/, they/PRP can/MD barely/RB scold/VB the/DT children/NNS for/IN something/NN ,/, you/PRP know/VBP ,/, without/IN getting/VBG sued/VBN ./.","{F Um, } {C but } [ now, + nowadays ] [ they can't even, + they can barely ] scold the children for something, {D you know, } without getting sued. /"
sd,B,"And/CC the/DT ,/, the/DT ,/, um/UH ,/, the/DT crime/NN is/VBZ just/RB escalated/VBN and/CC the/DT drugs/NNS and/CC ,/,","{C And } [ [ the, + the, ] + {F um, } the ] crime is just escalated and the drugs and,"
b,A,"Oh/UH ,/, yeah/UH ./.","{F Oh, } yeah. /"
+,B,"even/RB in/IN the/DT ,/, the/DT ,/, the/DT lower/JJR ,/, the/DT lower/JJR schools/NNS ./.","even in [ [ [ the, + <<baby in the background>> the, ] + the lower, ] + the lower ] schools. /"
sd,A,"Well/UH ,/, the/DT thing/NN that/WDT really/RB did/VBD it/PRP for/IN me/PRP ,/, I/PRP was/VBD subbing/VBG in/IN a/DT fifth/JJ grade/NN class/NN","{D Well, } the thing that really did it for me, I was subbing in a fifth grade class /"
sd,A,"and/CC ,/, uh/UH ,/, this/DT kid/NN comes/VBZ to/IN school/NN with/IN his/PRP$ lunch/NN box/NN","{C and, } {F uh, } this kid comes to school with his lunch box /"
sd,A,"and/CC inside/IN this/DT lunch/NN box/NN he/PRP ,/, he/PRP 's/HVS got/VBN easily/RB two/CD ,/, I/PRP 'd/MD say/VB two/CD hundred/CD to/IN two/CD hundred/CD and/CC fifty/CD dollars/NNS in/IN one/CD dollar/NN bills/NNS ./.","{C and } inside this lunch box [ he, + he's ] got easily [ two, + I'd say two ] hundred to two hundred and fifty dollars in one dollar bills. /"
%,B,Um/UH ./.,{F Um. } /
sd,A,"And/CC I/PRP asked/VBD him/PRP ,/, uh/UH ,/, what/WP are/VBP you/PRP doing/VBG with/IN that/DT ?/.","{C And } I asked him, {F uh, } what are you doing with that? /"
sd,A,"And/CC he/PRP says/VBZ ,/, ``/`` My/PRP$ father/NN gave/VBD it/PRP to/IN me/PRP ./. ''/''","{C And } he says, ""My father gave it to me."" /"
sd,A,And/CC I/PRP did/VBD n't/RB believe/VB it/PRP for/IN a/DT minute/NN ./.,{C And } I didn't believe it for a minute. /
b,B,Uh-huh/UH ./.,Uh-huh <laughter>. /
%,A,"Um/UH ,/, so/RB ,/, uh/UH ,/, but/CC ,/, uh/UH ,/, you/PRP know/VBP ,/, the/DT ,/,","{F Um, } <smack> [ {C so, } + {F uh, } {C but, } ] {F uh, } {D you know, } the, - /"
sd,A,not/RB a/DT lot/NN I/PRP could/MD do/VB about/IN it/PRP ./.,not a lot I could do about it. /
b,B,Right/UH ./.,Right. /
sd,A,Ca/MD n't/RB stop/VB the/DT kid/NN from/IN bringing/VBG money/NN to/IN school/NN if/IN he/PRP wants/VBZ ./.,Can't stop the kid from bringing money to school if he wants. /
sv,B,Crazy/JJ for/IN him/PRP to/TO,Crazy for him to /
%,B,"but/CC ,/,","{C but, } -/"
%,A,"Well/UH ,/, I/PRP have/VBP ,/,","{D Well, } I have, - /"
%,A,"I/PRP ,/, I/PRP ,/, I/PRP 've/VBP full-/XX ,/,","[ [ I, + I, ] + I've ] full-, - /"
sd,A,"I/PRP think/VBP I/PRP understood/VBD what/WP the/DT ,/, what/WP the/DT kid/NN was/VBD doing/VBG he/PRP was/VBD a/DT ,/, uh/UH ,/,","I think I understood [ what the, + what the ] kid was doing he was a, {F uh, } - /"
sd,A,"well/UH let/VB 's/PRP just/RB say/VB he/PRP was/VBD one/CD of/IN th-/DT ,/, those/DT types/NNS that/WDT you/PRP would/MD n't/RB doubt/VB that/IN he/PRP was/VBD selling/VBG something/NN ./.","{D well } let's just say he was one of [ th-, + those ] types that you wouldn't doubt that he was selling something. /"
b,B,Uh-huh/UH ./.,Uh-huh. /
b,B,Yeah/UH ./.,Yeah. /
sd,A,But/CC not/RB a/DT lot/NN I/PRP could/MD do/VB about/IN it/PRP ./.,{C But } not a lot I could do about it. /
sd,B,"Well/UH ,/, we/PRP had/VBD the/DT problem/NN when/WRB I/PRP was/VBD in/IN ,/,","{D Well, } we had the problem when I was in, - /"
sd,B,"with/IN teaching/VBG ,/, um/UH ,/,","with teaching, {F um, } - /"
sd,B,I/PRP was/VBD eighth/JJ and/CC ninth/JJ graders/NNS that/WDT I/PRP worked/VBD with/IN,I was eighth and ninth graders that I worked with /
sd,B,"and/CC if/IN we/PRP did/VBD have/VB a/DT ,/, a/DT student/NN come/VB in/RB and/CC they/PRP were/VBD drunk/JJ or/CC they/PRP were/VBD on/IN something/NN you/PRP had/VBD the/DT option/NN of/IN calling/VBG the/DT police/NN and/CC have/VB them/PRP taken/VBN out/IN of/IN the/DT schools/NNS or/CC trying/VBG to/TO teach/VB them/PRP something/NN while/IN they/PRP were/VBD there/RB ./.","{C and } if we did have [ a, + a ] student come in and they were drunk or they were on something you had the option of calling the police and have them taken out of the schools or trying to teach them something while they were there. /"
b,A,Uh-huh/UH ./.,Uh-huh. /
sd,B,And/CC you/PRP do/VBP n't/RB know/VB if/IN you/PRP were/VBD reaching/VBG them/PRP or/CC not/RB,{C And } you don't know if you were reaching them or not /
sd,B,"but/CC we/PRP felt/VBD like/IN ,/, you/PRP know/VBP ,/, maybe/RB just/RB going/VBG ahead/RB and/CC try/VB to/TO teaching/VBG them/PRP was/VBD bet-/XX ,/, trying/VBG to/TO teach/VB them/PRP was/VBD better/JJR than/IN have/VB them/PRP taken/VBN out/RB ./.","{C but } we felt like, {D you know, } maybe just going ahead and [ try to teaching them was bet-, + trying to teach them was better ] than have them taken out. /"
b,A,Yeah/UH ./.,Yeah. /
%,A,"Because/IN ,/, uh/UH ,/, uh/UH ,/, that/DT just/RB ,/,","Because, {F uh, } {F uh, } that just, - /"
sd,A,that/DT does/VBZ n't/RB do/VB a/DT lot/NN for/IN them/PRP ./.,that doesn't do a lot for them. /
sd,A,"I/PRP mean/VBP it/PRP ,/,","{E I mean } it,"
b,B,Yeah/UH ./.,Yeah. /
+,A,alleviates/VBZ your/PRP$ problem/NN,alleviates your problem /
sd,A,but/CC it/PRP does/VBZ n't/RB do/VB anything/NN for/IN them/PRP ./.,{C but } it doesn't do anything for them. /
b,B,Right/UH ./.,Right. /
sd,B,"Uh/UH ,/, most/JJS the/DT time/NN if/IN they/PRP were/VBD ,/, they/PRP were/VBD ,/,","{F Uh, } most the time if [ they were, + they were, ] - /"
sd,B,some/DT of/IN them/PRP were/VBD even/RB better/RB behaved/JJ ./.,some of them were even better behaved. /
sd,B,"I/PRP 've/VBP only/RB had/VBN two/CD instances/NNS where/WRB I/PRP cou/MD ,/, it/PRP was/VBD really/RB noticeable/JJ","I've only had two instances where [ I cou-, + ] it was really noticeable /"
sd,B,"but/CC they/PRP were/VBD better/RBR behaved/JJ when/WRB they/PRP were/VBD ,/, um/UH ,/,","{C but } they were better behaved when they were, {F um, } - /"
sd,B,I/PRP do/VBP n't/RB know/VB if/IN was/VBD alcohol/NN or/CC something/NN else/RB that/WDT they/PRP were/VBD on/IN,I don't know if was alcohol or something else that they were on /
sd,B,but/CC it/PRP ended/VBD up/RP better/JJR,{C but } it ended up better /
%,B,"but/CC ,/,","{C but, } -/"
h,A,"Uh/UH ,/, I/PRP do/VBP n't/RB know/VB ,/,","{F Uh, } I don't know, /"
%,A,"guns/NNS and/CC ,/,","guns and, - /"
h,A,I/PRP do/VBP n't/RB know/VB,I don't know /
sv,A,it/PRP 's/BES something/NN ./.,it's something. /
sv,B,"I/PRP think/VBP there/EX 's/BES a/DT problem/NN too/RB with/IN teachers/NNS trying/VBG to/TO ,/, um/UH ,/, to/TO be/VB so/RB versatile/JJ that/IN they/PRP do/VBP loose/^VB sight/NN of/IN the/DT basics/NNS ,/, you/PRP know/VBP ,/,","I think there's a problem too with teachers trying [ to, + {F um, } <<pause>> to ] be so versatile that they do loose sight of the basics, {D you know, } /"
sd,B,"they/PRP 've/VBP been/VBN a/DT big/JJ drive/NN in/IN ,/, especially/RB in/IN the/DT seventies/NNS to/TO return/VB back/RB to/IN the/DT basics/NNS ./.","they've been a big drive [ in, + especially in ] the seventies to return back to the basics. /"
b,A,Uh-huh/UH ./.,Uh-huh. /
sd,B,"And/CC ,/, uh/UH ,/, and/CC I/PRP 'm/VBP not/RB completely/RB just/RB ,/, you/PRP know/VBP ,/, just/RB teach/VB the/DT basics/NNS in/IN schools/NNS","[ {C And, } + {F uh, } {C and } ] I'm not completely [ just, + {D you know, } just ] teach the basics in schools /"
sv,B,"but/CC I/PRP think/VBP there/EX does/VBZ need/VB to/TO be/VB a/DT reemphasis/NN of/IN those/DT because/IN ,/,","{C but } I think there does need to be a reemphasis of those because,"
b,A,"Oh/UH ,/, yeah/UH ./.","{F Oh, } yeah. /"
+,B,"of/IN our/PRP$ ,/, our/PRP$ lower/JJR grades/NNS in/IN the/DT standardized/JJ test/NN and/CC such/JJ ./.","of [ our, + our ] lower grades in the standardized test and such. /"
ba,A,"Oh/UH ,/, sure/UH ./.","{F Oh, } sure. /"
sv,A,"I/PRP mean/VBP ,/, i-/PRP ,/, i-/PRP ,/, it/PRP 's/BES indicative/JJ across/IN the/DT board/NN that/IN we/PRP ,/, we/PRP 've/VBP done/VBN something/NN wrong/JJ ./.","{E I mean, } [ [ i-, + i-, ] + it's ] indicative across the board that [ we, + we've ] done something wrong. /"
b,B,Right/UH ./.,Right. /
sv,A,"And/CC when/WRB you/PRP see/VBP ,/, uh/UH ,/, Koreans/NNPS and/CC Chinese/NNPS and/CC Japanese/NNPS who/WP are/VBP taking/VBG all/PDT the/DT ,/, uh/UH ,/, science/NN jobs/NNS ,/, all/PDT the/DT engineering/NN jobs/NNS ,/, all/PDT the/DT mathematical/JJ jobs/NNS","{C And } when you see, {F uh, } Koreans and Chinese and Japanese who are taking all the, {F uh, } science jobs, all the engineering jobs, all the mathematical jobs /"
sv,A,"and/CC ,/, you/PRP know/VBP ,/, here/RB we/PRP are/VBP","{C and, } {D you know, } here we are /"
sv,A,"we/PRP ca/MD n't/RB ,/, we/PRP ca/MD n't/RB balance/VB a/DT checkbook/NN without/IN a/DT calculator/NN ./.","[ we can't, + we can't ] balance a checkbook without a calculator. /"
b,B,Uh-huh/UH ./.,Uh-huh. /
h,A,"Um/UH ,/, I/PRP do/VBP n't/RB know/VB ./.","{F Um, } I don't know. /"
sd,B,"Well/UH ,/, I/PRP spent/VBD a/DT year/NN and/CC a/DT half/NN in/IN Japan/NNP also/RB","{D Well, } I spent a year and a half in Japan also /"
sd,B,and/CC I/PRP 've/VBP seen/VBN how/WRB their/PRP$ school/NN system/NN works/VBZ,{C and } I've seen how their school system works /
%,B,"and/CC I/PRP ,/,","{C and } I, - /"
sd,B,"they/PRP go/VBP by/IN a/DT complete/JJ rote/NN system/NN ,/,","they go by a complete rote system, /"
sd,B,you/PRP just/RB memorize/VBP everything/NN ./.,you just memorize everything. /
b,A,Uh-huh/UH ./.,Uh-huh. /
sd,B,"And/CC then/RB at/IN the/DT end/NN of/IN the/DT ,/, of/IN a/DT certain/JJ time/NN period/NN you/PRP spitted/VBD everything/NN back/RB out/RB","{C And then } at the end [ of the, + of a ] certain time period you spitted everything back out /"
sd,B,and/CC the/DT better/JJR the/DT memorizer/NN you/PRP are/VBP the/DT better/JJR your/PRP$ grades/NNS are/VBP going/VBG to/TO be/VB ./.,{C and } the better the memorizer you are the better your grades are going to be. /
b,A,Yeah/UH ./.,Yeah. /
sd,B,So/RB I/PRP do/VBP n't/RB completely/RB agree/VB with/IN that/DT either/RB ./.,{C So } I don't completely agree with that either. /
aa,A,No/UH ./.,No. /
sd,B,"But/CC there/EX ,/,","{C But } [ there, +"
x,A,./.,<Throat_clearing>.
+,B,there/EX definitely/RB needs/VBZ to/TO be/VB a/DT balance/NN somewhere/RB ./.,there ] definitely needs to be a balance somewhere. /
b,A,Yeah/UH ./.,Yeah. /
sd,A,"That/DT 's/BES ,/, that/DT 's/BES a/DT great/JJ deal/NN what/WP law/NN school/NN 's/BES like/IN ./.","[ That's, + that's ] a great deal what law school's like <laughter>. /"
bh,B,"Oh/UH ,/, is/VBZ it/PRP ?/.","{F Oh, } is it? /"
ny,A,Yeah/UH ./.,Yeah. /
qy,B,Is/VBZ that/DT what/WP you/PRP ended/VBD up/RP going/VBG into/IN ?/.,Is that what you ended up going into? /
ny,A,Yeah/UH ./.,Yeah. /
bk,B,Oh/UH ./.,Oh. /
sd,A,"And/CC ,/, uh/UH ,/, I/PRP did/VBD the/DT same/JJ sort/NN of/IN thing/NN ,/,","{C And, } {F uh, } I did the same sort of thing, /"
%,A,"they/PRP just/RB ,/,","they just, - /"
sd,A,you/PRP sit/VBP there/RB and/CC read/VBP hundreds/NNS and/CC hundreds/NNS of/IN cases/NNS,you sit there and read hundreds and hundreds of cases /
sd,A,and/CC then/RB you/PRP get/VBP one/CD examine/^NN for/IN the/DT whole/JJ semester/NN --/:,{C and then } you get one examine for the whole semester -- /
b,B,Uh-huh/UH ./.,Uh-huh. /
sd,A,--/: and/CC it/PRP 's/BES how/WRB well/RB you/PRP can/MD remember/VB it/PRP all/DT ./.,-- {C and } it's how well you can remember it all. /
sd,B,"How/WRB ,/, how/WRB much/JJ can/MD you/PRP stuff/VB in/IN your/PRP$ brain/NN ./.","[ How, + how ] much can you stuff in your brain. /"
b,A,Yeah/UH ./.,Yeah. /
sd,A,And/CC I/PRP found/VBD that/DT a/DT particularly/RB useless/JJ way/NN of/IN studying/VBG ./.,{C And } I found that a particularly useless way of studying. /
b,B,Yeah/UH ./.,Yeah. /
sd,A,I/PRP never/RB did/VBD ./.,I never did. /
sd,A,"I/PRP always/RB tried/VBD to/TO understand/VB things/NNS ,/, not/RB tried/VBD to/TO memorize/VB ./.","I always tried to understand things, not tried to memorize. /"
b,B,Uh-huh/UH ./.,Uh-huh. /
sd,A,"And/CC consequently/RB some/DT of/IN the/DT very/RB best/JJS students/NNS were/VBD ,/, had/VBD excellent/JJ memories/NNS","{C And } consequently some of the very best students [ were, + had ] excellent memories /"
sv,A,but/CC they/PRP could/MD n't/RB put/VB two/CD and/CC two/CD together/RB as/RB far/RB as/IN the/DT law/NN was/VBD concerned/VBN ./.,{C but } they couldn't put two and two together as far as the law was concerned. /
b,B,Yeah/UH ./.,Yeah. /
%,A,"So/UH ,/,","{D So, } -/"
b,B,Yeah/UH ./.,Yeah. /
sd,A,It/PRP did/VBD n't/RB show/VB me/PRP anything/NN ./.,It didn't show me anything. /
sd,A,"A/DT year/NN and/CC a/DT half/NN ,/, I/PRP gave/VBD it/PRP up/RP ./.","A year and a half, I gave it up. /"
%,A,"I/PRP was/VBD n't/RB really/RB wa-/XX ,/,","I wasn't really wa-, - /"
sd,A,"I/PRP did/VBD n't/RB want/VB to/TO be/VB a/DT lawyer/NN anyway/RB ,/,","I didn't want to be a lawyer anyway,"
b,B,Uh-huh/UH ./.,Uh-huh. /
+,A,just/RB wanted/VBD the/DT degree/NN ./.,<Throat_clearing> just wanted the degree. /
b,B,Yeah/UH ./.,Yeah. /
%,A,"So/UH ,/,","{D So, } -/"
b,B,Yeah/UH ./.,Yeah. /
%,A,"Well/UH ,/,","{D Well, } -/"
%,B,"Well/UH ,/,","{D Well, } -/"
h,A,I/PRP do/VBP n't/RB know/VB ./.,I don't know. /
bh,A,What/WP can/MD we/PRP do/VB about/IN it/PRP ?/.,What can we do about it? /
ba,B,"Goo/JJ ,/, good/JJ question/NN ./.","[ Goo-, + good ] question <laughter>. /"
x,A,./.,<Laughter>.
%,B,"Probably/RB ,/,","Probably, /"
sv,A,"Money/NN ,/,","[ Money, +"
%,B,"Taking/VBG ,/,","Taking, /"
+,A,Money/NN is/VBZ not/RB the/DT answer/NN ./.,Money ] is not the answer. /
aa,B,No/UH ./.,No. /
sv,B,"There/EX 's/BES plenty/NN of/IN money/NN in/IN the/DT system/NN ,/,","There's plenty of money in the system, /"
b,A,Yeah/UH ./.,Yeah. /
%,B,"it/PRP 's/BES just/RB ,/,","it's just, -/"
b,A,Yeah/UH ./.,Yeah. /
sv,A,"I/PRP mean/VBP ,/, the-/PRP ,/, they/PRP 're/VBP throwing/VBG more/JJR money/NN at/IN it/PRP now/RB than/IN ever/RB before/RB","{E I mean, } [ the-, + they're ] throwing more money at it now than ever before /"
sv,A,and/CC things/NNS are/VBP getting/VBG worse/JJR ./.,{C and } things are getting worse. /
sv,B,"I/PRP think/VBP it/PRP 's/BES like/IN a/DT lot/NN of/IN things/NNS in/IN the/DT ,/, in/IN the/DT United/NNP States/NNPS ./.","I think it's like a lot of things [ in the, + in the ] United States. /"
sv,B,"We/PRP 've/VBP got/VBN so/RB much/RB built/VBN up/RP in/IN ,/, um/UH ,/, in/IN the/DT ,/, in/IN the/DT ,/, uh/UH ,/, bureaucracy/NN and/CC in/IN the/DT politics/NNS of/IN it/PRP ,/,","We've got so much built up [ [ in, + {F um, } in the, ] + in the, ] {F uh, } bureaucracy and in the politics of it, /"
b,A,Uh-huh/UH ./.,Uh-huh. /
sv,B,"and/CC in/IN the/DT ,/, the/DT power/NN plays/NNS that/IN it/PRP needs/VBZ to/TO be/VB pulled/VBN down/RP and/CC started/VBD over/RP again/RB","{C and } in [ the, + the ] power plays that it needs to be pulled down and started over again /"
sv,B,"and/CC there/EX 's/BES no/DT way/NN that/WDT ,/, that/DT can/MD be/VB done/VBN ./.","{C and } there's no way that, that can be done. /"
b,A,Uh-huh/UH ./.,Uh-huh. /
sv,B,"Not/RB without/IN wiping/VBG out/RP a/DT whole/JJ generation/NN of/IN ,/, of/IN kids/NNS in/IN the/DT school/NN system/NN ,/,","Not without <baby_crying> wiping out a whole generation [ of, + of ] kids in the school system, /"
b,A,Yeah/UH ./.,Yeah. /
%,B,so/UH ./.,{D so. } -/
b,A,Yeah/UH ./.,Yeah. /
sd,B,"Maybe/RB on/IN smaller/JJR ,/, smaller/JJR scales/NNS ./.","Maybe on [ smaller, + smaller ] scales. /"
h,A,"Well/UH ,/, I/PRP do/VBP n't/RB know/VB","{D Well, } I don't know /"
%,A,"I/PRP ,/, uh/UH ,/,","I, {F uh, } - /"
sv,A,"as/RB much/JJ as/IN I/PRP did/VBD n't/RB like/VB school/NN when/WRB I/PRP was/VBD going/VBG through/IN it/PRP ,/,","as much as I didn't like school when I was going through it,"
x,B,./.,<<Baby crying>>.
+,A,from/IN my/PRP$ perspective/NN now/RB I/PRP can/MD see/VB that/IN it/PRP 's/BES a/DT lot/RB better/JJR than/IN what/WP we/PRP have/VBP now/RB ./.,from my perspective now I can see that it's a lot better than what we have now. /
b,B,Uh-huh/UH ./.,Uh-huh. /
sv,A,And/CC I/PRP think/VBP part/NN of/IN it/PRP is/VBZ that/IN they/PRP 've/VBP got/VBN to/TO give/VB authority/NN back/RB to/IN the/DT local/JJ school/NN ./.,{C And } I think part of it is that they've got to give authority back to the local school. /
b,B,Yeah/UH ./.,Yeah. /
sv,A,"You/PRP know/VBP ,/, I/PRP mean/VBP ,/, it/PRP 's/BES ,/, it/PRP 's/BES silly/JJ that/IN these/DT ,/, that/IN these/DT people/NNS are/VBP handcuffed/VBN when/WRB it/PRP comes/VBZ to/IN discipline/NN ./.","{D You know, } {E I mean, } [ it's, + it's ] silly [ that these, + that these ] people are handcuffed when it comes to discipline. /"
b,B,Uh-huh/UH ./.,Uh-huh. /
sv,B,Right/RB into/IN the/DT classroom/NN it/PRP needs/VBZ to/TO be/VB --/:,Right into the classroom it needs to [ be -- +
b,A,Yeah/UH ./.,Yeah. /
+,B,"--/: be/VB able/JJ ,/,","-- be ] able <<baby cries>>,"
ba,A,"Exactly/UH ,/,","Exactly, /"
+,B,to/TO be/VB enforced/VBN ./.,to be enforced. /
sv,A,"I/PRP mean/VBP ,/, I/PRP ,/, I/PRP mean/VBP teachers/NNS are/VBP so/RB afraid/JJ now/RB of/IN even/RB saying/VBG something/NN ,/,","[ {E I mean, } + {E [ I, + I ] mean } ] teachers are so afraid now of even saying something,"
b,B,Uh-huh/UH ./.,Uh-huh. /
+,A,"to/IN students/NNS because/IN they/PRP 're/VBP going/VBG get/VB ,/, they/PRP 're/VBP going/VBG to/TO get/VB complaints/NNS or/CC they/PRP 're/VBP going/VBG to/TO get/VB sued/VBN or/CC something/NN ./.","to students because [ they're going get, + they're going to get ] complaints or they're going to get sued or something. /"
sv,B,"It/PRP 's/BES like/IN doctors/NNS in/IN lawsuits/NNS ,/,","It's like doctors in lawsuits, /"
ba,A,Oh/UH yeah/UH ./.,{F Oh } yeah. /
sv,B,"you/PRP know/VBP ,/, they/PRP 're/VBP kind/RB of/RB fearful/JJ of/IN ,/,","(( {D you know, } they're kind of fearful )) of,"
x,A,./.,<Cough>.
+,B,everything/NN ./.,everything. /
sv,A,"Well/UH ,/, lawyers/NNS help/VBP create/VB that/DT ./.","{D Well, } lawyers help create that <laughter>. /"
%,B,"That/DT 's/BES ,/, that/DT 's/BES ,/,","<Laughter> [ That's, + (( that's, ] )) - /"
sd,B,"well/UH ,/, at/IN least/JJS I/PRP 've/VBP heard/VBN that/IN","{D well, } at least I've heard that - /"
sd,B,"I/PRP ,/, I/PRP ,/, I/PRP have/VBP n't/RB fortunately/RB been/VBN in/IN a/DT situation/NN where/WRB it/PRP 's/BES ,/,","[ [ I, + I, ] + I ] haven't fortunately been in a situation where it's,"
x,A,./.,<<Rattling sounds like moving the phone>> <cough>.
+,B,been/VBN applicable/JJ to/IN me/PRP,been applicable to me /
sv,A,"Well/UH ,/, I/PRP think/VBP ,/, I/PRP think/VBP ,/, I/PRP ,/, I/PRP mean/VBP what/WP we/PRP 've/VBP turned/VBN the/DT school/NN schools/NNS into/IN now/RB are/VBP just/RB day-care/NN centers/NNS --/:","{D Well, } [ I think, + I think, ] {E [ I, + I ] mean } what we've turned the school schools into now are just day-care centers -- /"
%,A,"--/: you/PRP know/VBP ,/, somebody/NN ,/,","-- {D you know, } somebody, - /"
b,A,"okay/UH ,/,","okay, /"
sd,A,we/PRP 're/VBP going/VBG to/TO send/VB our/PRP$ kid/NN here/RB for/IN seven/CD or/CC eight/CD hours/NNS a/DT day/NN,we're going to send our kid here for seven or eight hours a day /
sv,A,and/CC he/PRP 's/BES out/IN of/IN our/PRP$ hair/NN ./.,{C and } he's out of our hair. /
b,B,Right/UH ./.,Right. /
sv,A,And/CC the/DT other/JJ part/NN of/IN it/PRP is/VBZ parents/NNS have/VBP quit/VBN becoming/VBG parents/NNS ./.,{C And } the other part of it is parents have quit becoming parents. /
b,B,Uh-huh/UH ./.,Uh-huh. /
%,A,"You/PRP know/VBP ,/, they/PRP 're/VBP just/RB ,/,","{D You know, } they're just, -/"
ba,B,"Oh/UH ,/, yeah/UH","{F Oh, } yeah /"
sv,B,it/PRP has/VBZ to/TO be/VB reinforced/VBN in/IN the/DT home/NN ./.,it has to be reinforced in the home. /
ba,A,"Oh/UH ,/, sure/UH ./.","{F Oh, } sure. /"
%,A,"I/PRP ,/, I/PRP","[ I, + I ] - /"
sv,A,"you/PRP ,/,","[ [ you, +"
b,B,Yeah/UH ./.,Yeah. /
+,A,"you/PRP can/MD ,/, you/PRP can/MD have/VB the/DT best/JJS school/NN system/NN in/IN the/DT world/NN if/IN you/PRP do/VBP n't/RB get/VB any-/NN ,/, anything/NN at/IN home/NN then/RB it/PRP 's/BES ,/, it/PRP 's/BES not/RB going/VBG to/TO help/VB either/RB ./.","you can, ] + you can ] have the best school system in the world if you don't get [ any-, + anything ] at home then [ it's, + it's ] not going to help either. /"
b,B,Right/UH ./.,Right. /
h,A,"So/RB ,/, I/PRP do/VBP n't/RB know/VB ,/,","{C So, } I don't know, /"
h,A,"I/PRP do/VBP n't/RB know/VB ,/,","I don't know, /"
sd,A,I/PRP do/VBP n't/RB know/VB what/WP the/DT answer/NN is/VBZ ./.,I don't know what the answer is. /
b,B,Uh-huh/UH ./.,Uh-huh. /
sv,A,"It/PRP 's/BES an/DT interesting/JJ ,/, interesting/JJ thing/NN you/PRP want/VBP to/TO do/VB ./.","It's an [ interesting, + interesting ] thing you want to do. /"
%,A,"I/PRP ,/,","I, - /"
qo,A,"how/WRB is/VBZ Texas/NNP about/IN keeping/VBG your/PRP$ children/NNS out/IN of/IN public/JJ schools/NNS ,/,","how is Texas about keeping your children out of public schools, /"
qy,A,do/VBP they/PRP allow/VB it/PRP ?/.,do they allow it? /
ny,B,Yeah/UH ./.,Yeah. /
sd,B,They/PRP allow/VBP it/PRP under/IN certain/JJ circumstances/NNS ./.,They allow it under certain circumstances. /
sd,B,"You/PRP have/VBP to/TO ,/, to/TO prove/VB that/IN you/PRP 're/VBP teaching/VBG them/PRP something/NN ./.","You have [ to, + to ] prove that you're teaching them something. /"
sd,B,"You/PRP have/VBP to/TO follow/VB ,/,","You have to follow,"
b,A,Uh-huh/UH ./.,Uh-huh. /
+,B,"a/DT preferred/JJ curriculum/NN ,/,","a preferred curriculum, /"
sd,B,"um/UH ,/, they/PRP try/VBP to/TO encourage/VB you/PRP to/TO follow/VB a/DT specific/JJ curriculum/NN ,/, although/IN you/PRP do/VBP n't/RB have/VB to/TO ./.","{F um, } they try to encourage you to follow a specific curriculum, although you don't have to. /"
b,A,Uh-huh/UH ./.,Uh-huh. /
sd,B,"And/CC then/RB if/IN you/PRP have/VBP particular/JJ religious/JJ beliefs/NNS they/PRP have/VBP to/TO be/VB ,/, they/PRP 're/VBP kind/RB of/RB monitored/VBN ./.","{C And then } if you have particular religious beliefs [ they have to be, + they're ] kind of monitored. /"
sd,B,"You/PRP know/VBP ,/, they/PRP ,/, they/PRP will/MD allow/VB you/PRP to/TO ,/,","{D You know, } [ they, + they ] will allow you to, - /"
sd,B,I/PRP ca/MD n't/RB think/VB of/IN any/DT examples/NNS,I can't think of any examples <baby_crying> /
sd,B,but/CC certain/JJ religious/JJ groups/NNS do/VBP n't/RB want/VB their/PRP$ children/NNS in/IN public/JJ schools/NNS because/IN the/DT influence/NN ./.,{C but } certain religious groups don't want their children in public schools because the influence. /
sd,B,And/CC maybe/RB they/PRP were/VBD a/DT group/NN of/IN Mennonites/NNPS or/CC something/NN like/IN that/DT ./.,{C And } maybe they were a group of Mennonites or something like that. /
b,A,Uh-huh/UH ./.,Uh-huh. /
sd,B,I/PRP do/VBP n't/RB think/VB they/PRP 're/VBP were/VBD in/IN this/DT area/NN,I don't think they're were in this area /
sd,B,"but/CC ,/, um/UH ,/, they/PRP ,/, they/PRP are/VBP monitored/VBN by/IN the/DT ,/, um/UH ,/, by/IN the/DT State/NNP School/NNP Board/NNP ./.","{C but, } {F um, } [ they, + they ] are monitored [ by the, + {F um, } by the ] State School Board. /"
%,A,Um/UH ./.,{F Um. } /
%,B,So/UH ./.,{D So. } -/
ba,A,That/DT 's/BES interesting/JJ ./.,That's interesting. /
sd,A,"I/PRP remembering/VBG reading/VBG a/DT few/JJ cases/NNS about/IN that/DT when/WRB it/PRP ,/, when/WRB some/DT people/NNS first/RB tried/VBD that/DT and/CC they/PRP got/VBD sued/VBN ./.","I remembering reading a few cases about [ that + [ when it, + when ] ] <throat_clearing> some people first tried that and they got sued."
b,B,Uh-huh/UH ./.,Uh-huh. /
+,A,Got/VBD taken/VBN to/IN court/NN by/IN the/DT school/NN system/NN ./.,Got taken to court by the school system. /
sd,A,I/PRP 'm/VBP glad/JJ the/DT parents/NNS won/VBD ./.,I'm glad the parents won. /
sv,A,"I/PRP mean/VBP ,/, it/PRP seems/VBZ silly/JJ that/IN ,/, um/UH ,/, we/PRP started/VBD","{E I mean, } it seems silly that, {F um, } we started - /"
sd,A,"that/DT 's/BES ,/, that/DT 's/BES the/DT way/NN you/PRP got/VBD your/PRP$ education/NN in/IN this/DT country/NN ./.","[ that's, + that's ] the way you got your education in this country. /"
b,B,Uh-huh/UH ./.,Uh-huh. /
%,A,"And/CC then/RB ,/, um/UH ,/,","{C And then, } {F um, } -/"
