act_tag,speaker,pos,text
"fo_o_fw_""_by_bc",A,Okay/UH ./.,Okay. /
qw,B,"So/UH ,/, who/WP is/VBZ your/PRP$ favorite/JJ football/NN team/NN ?/.","{D So, } who is your favorite football team? /"
ad,A,Guess/VB ./.,Guess. /
sv,A,I/PRP bet/VBP you/PRP ca/MD n't/RB guess/VB ./.,I bet you can't guess <laughter>. /
sv,B,"Well/UH ,/, I/PRP would/MD say/VB the/DT Saints/NNPS after/IN ,/,","{D Well, } I would say the Saints [ (( after )) + ,"
aa,A,You/PRP got/VBD it/PRP ./.,You got it. /
+,B,"since/IN ,/,","(( since )) ] , -/"
oo_co_cc,A,And/CC I/PRP want/VBP to/TO tell/VB you/PRP something/NN ./.,{C And } I want to tell you something. /
qw,B,What/WP 's/BES that/DT ?/.,<<Pause>> What's that? /
sv,A,They/PRP 're/VBP going/VBG to/TO go/VB somewhere/RB pretty/RB shortly/RB ./.,They're going to go somewhere pretty shortly. /
bh,B,Yeah/UH ?/.,Yeah? /
ny,A,Yeah/UH ./.,Yeah. /
sv,A,I/PRP think/VBP they/PRP are/VBP because/IN they/PRP 're/VBP getting/VBG better/JJR every/DT year/NN ./.,I think they are because they're getting better every year. /
b,B,Yeah/UH ./.,Yeah. /
sv,A,"And/CC ,/, uh/UH ,/, they/PRP ,/,","{C And, } {F uh, } they,"
sv,B,"Ca/MD n't/RB ,/,","Can't,"
+,A,"got/VBD a/DT lot/NN ,/,","got a lot, -/"
+,B,call/VB them/PRP the/DT New/NNP Orleans/NNP Ain'ts/NNPS any/RB more/RBR ./.,call them the New Orleans Ain'ts any more. /
aa,A,I/PRP do/VBP n't/RB think/VB so/RB ./.,I don't think so. /
aa,B,No/UH ./.,No. /
sd,A,We/PRP went/VBD to/IN the/DT playoffs/NNS ./.,We went to the playoffs. /
b,B,Yeah/UH ./.,Yeah. /
b,A,Yeah/UH ./.,Yeah <laughter>. /
sd,B,"Well/UH ,/, I/PRP 'm/VBP a/DT ,/, I/PRP 'm/VBP a/DT Buffalo/NNP Bills/NNPS fan/NN ./.","{D Well, } [ I'm a, + I'm a ] Buffalo Bills fan."
b,A,"Yeah/UH ,/,","Yeah, /"
+,B,"from/IN a/DT ,/,","[ from a, +"
sd,A,"now/RB I/PRP like/VBP them/PRP ,/, too/RB ./.","now I like them, too. /"
+,B,from/IN a/DT long/JJ time/NN ago/RB ./.,from a ] long time ago. /
sd,B,"So/UH ,/, it/PRP 's/BES good/JJ to/TO ,/, it/PRP 's/BES good/JJ to/TO see/VB the/DT Bills/NNPS doing/VBG so/RB well/RB now/RB","{C So, } [ it's good to, + it's good to ] see the Bills doing so well now /"
%,B,"and/CC ,/,","{C and, } -/"
sd,A,They/PRP are/VBP ./.,They are. /
sd,A,They/PRP are/VBP doing/VBG a/DT whole/JJ bunch/NN better/RB ./.,They are doing a whole bunch better. /
qw,A,"Who/WP 's/BES ,/,","Who's,"
b,B,Yeah/UH ./.,Yeah. /
+,A,their/PRP$ quarterback/NN ?/.,their quarterback? /
br,B,What/WP 's/BES that/DT ?/.,What's that? /
qw,A,Who/WP 's/BES their/PRP$ quarterback/NN ?/.,Who's their quarterback? /
sd,B,"Uh/UH ,/, Jim/NNP Kelly/NNP ./.","<Lipsmack> {F Uh, } Jim Kelly. /"
b,A,Yeah/UH ./.,Yeah. /
b,A,Yeah/UH ./.,Yeah. /
sd,A,"I/PRP like/VBP to/TO watch/VB them/PRP ,/, too/RB ./.","I like to watch them, too. /"
%,A,"They/PRP 're/VBP the/DT ,/,","They're the, - /"
sd,A,I/PRP like/VBP to/TO watch/VB almost/RB all/PDT the/DT football/NN,I like to watch almost all the football /
sd,A,"but/CC ,/, um/UH ,/, of/IN course/NN ,/, I/PRP watch/VBP every/DT Saints/NNPS game/NN that/IN I/PRP can/MD watch/VB ./.","{C but, } {F um, } of course, I watch every Saints game that I can watch. /"
b,B,Uh-huh/UH ./.,Uh-huh. /
sv,A,"But/CC I/PRP think/VBP they/PRP 're/VBP going/VBG to/TO ,/, I/PRP think/VBP they/PRP 're/VBP really/RB going/VBG to/TO do/VB good/RB because/IN it/PRP seems/VBZ like/IN they/PRP 're/VBP finally/RB all/DT coming/VBG together/RB ./.","{C But } [ I think they're going to, + I think they're really going to ] do good because it seems like they're finally all <noise> coming together. /"
b,B,Yeah/UH ./.,Yeah. /
sd,A,If/IN they/PRP would/MD just/RB quit/VB blowing/VBG it/PRP ./.,If they would just quit blowing it. /
%,B,"Well/UH ,/, the/DT ,/,","{D Well, } </noise> the, - /"
%,B,"it/PRP ,/,","it, - /"
sv,B,"the/DT ,/, the/DT N/NNP F/NNP L/NNP draft/NN really/RB seems/VBZ to/TO be/VB doing/VBG its/PRP$ job/NN","[ the, + the ] N F L draft really seems to be doing its job /"
sd,B,"because/RB ,/, got/VBN teams/NNS like/IN ,/, like/IN Buffalo/NNP who/WP were/VBD n't/RB ,/, certainly/RB were/VBD n't/RB a/DT powerhouse/NN ,/, uh/UH ,/, ten/CD years/NNS ago/RB ./.","{C because, } got teams [ like, + like ] Buffalo who [ weren't, + certainly weren't ] a powerhouse, {F uh, } ten years ago. /"
sv,B,"Now/RB ,/, they/PRP 've/VBP been/VBN able/JJ to/TO get/VB some/DT good/JJ players/NNS and/CC come/VB around/RP","Now, they've been able to get some good players and come around /"
%,B,"and/CC th-/XX ,/,","{C and } th-, - /"
%,B,New/NNP Orleans/NNP the/DT same/JJ story/NN,New Orleans <noise> <<faint>> the same story /
sd,B,"and/CC ,/, uh/UH ,/, a/DT few/JJ years/NNS ago/RB Denver/NNP was/VBD a/DT powerhouse/NN","{C and, } {F uh, } a few years ago Denver was a powerhouse /"
sv,B,"and/CC then/RB they/PRP ,/, uh/UH ,/, they/PRP were/VBD n't/RB getting/VBG the/DT draft/NN picks/NNS","{C and then } [ they, + {F uh, } </noise> they ] weren't getting the draft picks /"
%,B,"and/CC now/RB the/DT ,/, uh/UH ,/, other/JJ team/NN ,/,","{C and } now the, {F uh, } other team, - /"
sv,B,"so/IN it/PRP seems/VBZ to/TO be/VB ,/, uh/UH ,/, moving/VBG around/RP and/CC ,/, uh/UH ,/, to/IN ,/, to/IN New/NNP Orleans/NNP '/POS benefit/NN ,/,","{C so } it <noise> seems to be, {F uh, } moving around and, {F uh, } [ to, + to ] New Orleans' benefit, /"
b,A,Yeah/UH ./.,Yeah. /
%,B,"and/CC ,/, uh/UH ,/, you/PRP see/VBP how/WRB ,/,","{C and, } {F uh, } you see how, - /"
ad,B,look/VB at/IN the/DT Cowboys/NNPS now/RB ./.,look at the Cowboys now </noise>. /
b,A,Uh-huh/UH ./.,Uh-huh. /
+,B,"And/CC ,/, uh/UH ,/,","{C And, } {F uh, } -/"
ba,A,Really/RB bad/JJ ./.,Really bad. /
b,B,Yeah/UH ./.,Yeah. /
sd,A,"But/CC they/PRP got/VBD so/RB much/RB bad/JJ publicity/NN ,/, too/RB ./.","{C But } they got so much bad publicity, too. /"
sv,A,"And/CC I/PRP think/VBP that/DT hurt/NN a/DT lot/NN of/IN ,/, you/PRP know/VBP ,/,","{C And } I think that hurt a lot of, {D you know, }"
%,B,"W-/XX ,/,","W-, -/"
+,A,people/NNS even/RB wanting/VBG to/TO play/VB on/IN their/PRP$ team/NN ./.,people even wanting to play on their team. /
b,B,Yeah/UH ./.,Yeah. /
b,B,"W-/XX ,/, w-/XX ,/, well/UH ,/, yeah/UH ./.","{D [ [ W-, + w-, ] + well, ] } yeah. /"
sd,B,"Uh/UH ,/, firing/VBG Tom/NNP Landry/NNP and/CC hiring/VBG Jimmy/NNP Johnson/NNP","{F Uh, } firing Tom Landry and hiring Jimmy Johnson /"
%,B,"what/WP ,/, what/WP kind/NN of/IN ,/, uh/UH ,/, uh/UH ,/,","[ what, + what ] kind of, {F uh, } {F uh, } - /"
sv,B,does/VBZ n't/RB give/VB you/PRP much/JJ respect/NN for/IN their/PRP$ team/NN at/IN all/DT ./.,doesn't give you much respect for their team at all. /
sv,B,"Any/DT t-/NN ,/, any/DT team/NN that/WDT ,/, tha/WDT ,/, where/WRB the/DT owner/NN would/MD fire/VB Tom/NNP Landry/NNP ,/, you/PRP know/VBP ,/, is/VBZ like/UH one/NN of/IN the/DT greatest/JJS coaches/NNS of/IN all/DT time/NN ./.","[ Any t-, + any team ] [ [ that, + tha-, ] + where ] the owner would fire Tom Landry, {D you know, } is {D like } one of the greatest coaches of all time. -/"
aa,A,Right/UH ./.,Right. /
aa,A,Right/UH ./.,Right. /
sv,B,"And/CC just/RB because/IN they/PRP had/VBD ,/, had/VBD a/DT couple/NN of/IN bad/JJ seasons/NNS ./.","{C And } just because they [ had, + had ] a couple of bad seasons. /"
sv,B,And/CC you/PRP ca/MD n't/RB even/RB attribute/VB those/DT bad/JJ seasons/NNS to/IN bad/JJ coaching/NN ./.,{C And } you can't even attribute those bad seasons to bad coaching. /
aa,A,Yeah/UH ./.,Yeah. /
aa,A,Yeah/UH ./.,Yeah. /
%,A,"Because/RB all/PDT the/DT problems/NNS ,/,","{C Because } all the problems, - /"
sd,A,"I/PRP mean/VBP ,/, if/IN you/PRP think/VBP about/IN those/DT years/NNS that/IN we/PRP had/VBD the/DT losing/JJ season/NN ,/, of/IN how/WRB bad/JJ ,/,","{E I mean, } if you think about those years that we had the losing season, of how bad, - /"
sd,A,"I/PRP mean/VBP his/PRP$ players/NNS were/VBD constantly/RB getting/VBG kicked/VBN off/IN the/DT team/NN because/IN of/IN drugs/NNS ,/, because/IN of/IN ,/,","{E I mean } his players were constantly getting kicked off the team because of drugs, because of,"
aa,B,Right/UH ./.,Right. /
+,A,"uh/UH ,/, you/PRP know/VBP ,/, messing/VBG with/IN young/JJ children/NNS","{F uh, } {D you know, } messing with young children /"
sd,A,"and/CC ,/, I/PRP mean/VBP ,/, it/PRP was/VBD just/RB one/CD thing/NN it/PRP seemed/VBD like/IN right/RB after/IN the/DT other/JJ ,/,","{C and, } {E I mean, } it was just one thing it seemed like right after the other,"
aa,B,Right/UH ./.,Right. /
%,B,"And/CC he/PRP alway-/RB ,/,","{C And } he alway-, -/"
+,A,with/IN them/PRP ./.,with them. /
sd,B,"and/CC ,/, uh/UH ,/, had/VBD a/DT lot/NN of/IN trouble/NN with/IN injuries/NNS ,/, too/RB ./.","{C and, } {F uh, } had a lot of trouble with injuries, too. /"
b,A,Yeah/UH ./.,Yeah. /
sv,B,"You/PRP know/VBP ,/, he/PRP 'd/MD ,/, uh/UH ,/, never/RB seem/VB to/TO be/VB able/JJ to/TO keep/VB his/PRP$ guys/NNS healthy/JJ ./.","{D You know, } he'd, {F uh, } never seem to be able to keep his guys healthy. /"
sd,B,"And/CC then/RB even/RB like/JJ ,/, uh/UH ,/, what/WP is/VBZ it/PRP ,/, Eric/NNP Dickerson/NNP left/JJ ,/,","{C And then } even like, {F uh, } what is it, Eric Dickerson left,"
b,A,Uh-huh/UH ./.,Uh-huh. /
+,B,"the/DT team/NN ,/, you/PRP know/VBP ,/,","the team, {D you know, } /"
%,B,"tha-/XX ,/,","tha-, - /"
aa,B,you/PRP 're/VBP right/JJ ./.,you're right. /
sv,B,"You/PRP know/VBP ,/, like/IN people/NNS were/VBD jumping/VBG ship/NN right/RB and/CC left/RB ./.","{D You know, } {D like } people were jumping ship right and left. /"
aa,A,Right/UH ./.,Right. /
h,B,"And/CC ,/, I/PRP do/VBP n't/RB know/VB ,/,","{C And, } I don't know, /"
sv,B,"that/DT sounds/VBZ to/IN me/PRP more/RBR like/IN the/DT front/JJ office/NN problem/NN than/IN coaching/NN problem/NN ,/,","that sounds to me more like the front office problem than coaching problem, /"
sd,B,but/CC then/RB the/DT team/NN was/VBD sold/VBN ./.,{C but } then the team was sold. /
b,A,Yeah/UH ./.,Yeah. /
%,B,"So/UH ,/,","{C So, } -/"
sd,A,"But/CC ,/, uh/UH ,/, that/IN Jimmy/NNP Johnson/NNP came/VBD in/RP ,/, too/RB ,/, though/RB ,/,","{C But, } {F uh, } that Jimmy Johnson came in, too, though, /"
%,A,"and/CC he/PRP just/RB ,/, you/PRP know/VBP ,/,","{C and } he just, {D you know, } - /"
sv,A,"when/WRB he/PRP bought/VBD the/DT team/NN and/CC all/DT and/CC it/PRP just/RB seemed/VBD like/IN he/PRP just/RB decided/VBD ,/, you/PRP know/VBP ,/, this/DT is/VBZ the/DT way/NN it/PRP 's/BES going/VBG to/TO be/VB","when he bought the team and all [ and + ] it just seemed like he just decided, {D you know, } this is the way it's going to be /"
sv,A,and/CC it/PRP was/VBD bad/JJ ./.,{C and } it was bad. /
b,B,Yeah/UH ./.,Yeah. /
sv,A,"I/PRP mean/VBP ,/, it/PRP really/RB was/VBD ./.","{E I mean, } it really was. /"
sv,A,To/TO me/PRP it/PRP was/VBD like/IN it/PRP 's/BES going/VBG to/TO take/VB them/PRP quite/RB a/DT while/NN to/TO rebuild/VB,To me it was like it's going to take them quite a while to rebuild /
sv,A,"because/IN e-/XX ,/, everything/NN ,/, I/PRP mean/VBP anything/NN that/IN Tom/NNP Landry/NNP wanted/VBD or/CC had/VBN ,/, he/PRP was/VBD going/VBG to/TO change/VB it/PRP ./.","{C because } [ [ e-, + everything, ] + {E I mean } anything ] that Tom Landry wanted or had, he was going to change it. /"
b,B,Right/UH ./.,Right. /
%,A,"I/PRP mean/VBP it/PRP 's/BES ,/,","I mean it's, - /"
sd,A,"tha-/DT ,/, I/PRP mean/VBP ,/, you/PRP know/VBP ,/, that/DT 's/BES the/DT way/NN I/PRP felt/VBD about/IN it/PRP ./.","[ tha-, + {E I mean, } {D you know, } that's ] the way I felt about it. /"
"fo_o_fw_""_by_bc",A,"But/CC ,/,","{C But, }"
b,B,"Well/UH ,/,","{D Well, }"
+,A,"I/PRP tell/VBP you/PRP what/WP ,/,","I tell you what, /"
sv,A,if/IN New/NNP Orleans/NNP ever/RB gets/VBZ a/DT quarterback/NN --/:,if New Orleans ever gets a quarterback --
+,B,Yeah/UH ./.,Yeah. /
+,A,--/: is/VBZ n't/RB nobody/NN going/VBG to/TO beat/VB us/PRP ./.,-- isn't nobody going to beat us <laughter>. /
x,B,./.,<Laughter>.
sv,A,There/EX ai/VBP n't/RB nobody/NN going/VBG to/TO beat/VB us/PRP then/RB ./.,There ain't nobody going to beat us then. /
sv,A,Because/RB look/VB how/WRB good/JJ we/PRP did/VBD without/IN a/DT quarterback/NN this/DT year/NN ./.,{C Because } look how good we did without a quarterback this year <laughter>. /
aa,B,I/PRP know/VBP ./.,I know. /
qw,B,Who/WP was/VBD the/DT quarterback/NN ?/.,Who was the quarterback? /
sd,A,"Well/UH ,/,","{D Well, }"
sd,B,"See/UH ,/, I/PRP ca/MD n't/RB even/RB think/VB of/IN who/WP the/DT New/NNP Orleans/NNP quarterback/NN ,/,","{D See, } I can't even think of who the New Orleans quarterback,"
+,A,"They/PRP ,/,","They,"
+,B,is/VBZ ./.,is. /
+,A,"had/VBD quite/RB a/DT few/JJ quarterbacks/NNS if/IN you/PRP think/VBP about/IN it/PRP ./. Uh/UH ,/,","had quite a few quarterbacks if you think about it. {F Uh, } /"
sd,A,Fourcade/NNP was/VBD for/IN a/DT while/NN ./.,Fourcade was for a while. /
sd,A,"And/CC then/RB ,/, um/UH ,/, I/PRP ca/MD n't/RB remember/VB that/DT guy/NN 's/POS name/NN ,/, the/DT one/CD that/WDT held/VBD out/RP for/IN the/DT money/NN","{C And then, } {F um, } I can't remember that guy's name, the one that held out for the money /"
sd,A,and/CC he/PRP was/VBD across/IN the/DT river/NN ./.,{C and } he was across the river <lipsmack>. /
sd,A,"Uh/UH ,/, I/PRP ca/MD n't/RB think/VB of/IN the/DT ,/, I/PRP ca/MD n't/RB think/VB of/IN his/PRP$ name/NN now/RB ,/,","{F Uh, } [ I can't think of the, + I can't think of his ] name now, /"
sd,A,but/CC really/RB we/PRP did/VBD n't/RB have/VB a/DT quarterback/NN ./.,{C but } really we didn't have a quarterback. /
sv,A,"That/DT ,/,","That,"
b,B,Yeah/UH ./.,Yeah. /
+,A,was/VBD the/DT whole/JJ problem/NN ./.,was the whole problem. /
sd,A,We/PRP had/VBD one/CD guy/NN that/WDT could/MD n't/RB throw/VB,We had one guy that couldn't throw /
sd,A,and/CC we/PRP had/VBD one/CD guy/NN that/WDT could/MD n't/RB run/VB ./.,{C and } we had one guy that couldn't run. /
b,B,Huh/UH ./.,{F Huh. } /
sv,A,"And/CC ,/, it/PRP was/VBD ,/, it/PRP was/VBD just/RB bedlam/NN ./.","{C And, } [ it was, + it was ] just bedlam. /"
sd,A,We/PRP really/RB did/VBD n't/RB have/VB a/DT quarterback/NN ./.,We really didn't have a quarterback. /
sv,A,"It/PRP was/VBD ,/, uh/UH ,/, defense/NN w/VBD ,/, w/VBD ,/, won/VBD all/PDT the/DT games/NNS ./.","It was, {F uh, } defense [ [ w-, + w-, ] + won ] all the games. /"
qy,B,"Did/VBD they/PRP ,/, were/VBD they/PRP able/JJ to/TO draft/VB anybody/NN this/DT year/NN ?/.","[ Did they, + were they ] able to draft anybody this year? /"
no,A,I/PRP do/VBP n't/RB know/VB,I don't know /
sd,A,"because/IN ,/, you/PRP know/VBP ,/, they/PRP gave/VBD away/RB a/DT lot/NN of/IN their/PRP$ drafts/NNS ./.","{C because, } {D you know, } they gave away a lot of their drafts."
b,B,Uh-huh/UH ./.,Uh-huh. /
+,A,"For/IN different/JJ people/NNS for/IN ,/,","For different people for,"
b,B,Right/UH ./.,Right. /
+,A,"you/PRP know/VBP ,/, other/JJ places/NNS ./.","{D you know, } other places. /"
no,A,"So/UH ,/, I/PRP do/VBP n't/RB know/VB ./.","{C So, } I don't know. /"
sd,A,"I/PRP had/VBD n't/RB heard/VBN ,/, you/PRP know/VBP ,/, whether/IN they/PRP have/VBP a/DT new/JJ one/CD or/CC not/RB ./.","I hadn't heard, {D you know, } whether they have a new one or not. /"
qw,B,"Well/UH ,/, when/WRB is/VBZ the/DT ,/,","{D Well, } when is the,"
%,A,"But/CC ,/, uh/UH ,/,","{C But, } {F uh, } -/"
+,B,N/NNP F/NNP L/NNP draft/NN,N F L draft /
qy,B,"has/VBZ n't/RB ,/, has/VBZ the/DT N/NNP F/NNP L/NNP draft/NN even/RB gone/VBN yet/RB ?/.","[ hasn't, + has ] the N F L draft even gone yet? /"
nn,A,Uh-huh/UH ./.,Uh-huh. /
sd,A,Not/RB yet/RB ./.,Not yet. /
sd,A,"But/CC ,/, I/PRP mean/VBP ,/, I/PRP do/VBP n't/RB know/VB whether/IN they/PRP have/VBP one/CD of/IN the/DT first/JJ ,/, you/PRP know/VBP ,/,","{C But, } {E I mean, } I don't know whether they have one of the first, {D you know, }"
b,B,Right/UH ./.,Right. /
+,A,"choices/NNS of/IN somebody/NN ,/,","choices of somebody, /"
b,B,Right/UH ./.,Right. /
sv,A,that/DT would/MD be/VB real/RB good/JJ ./.,that would be real good. /
%,B,"Well/UH ,/, they/PRP 've/VBP ,/,","{D Well, } they've, - /"
b,B,"yeah/UH ,/,","yeah, /"
%,B,"they/PRP 've/VBP ,/,","they've, -/"
%,A,"I/PRP mean/VBP ,/, ye-/XX ,/,","{E I mean, } ye-, - /"
sd,A,everybody/NN gets/VBZ in/IN draft/NN ./.,everybody gets in draft. /
b,B,Sure/UH ./.,Sure. /
sd,A,"But/CC ,/, I/PRP do/VBP n't/RB know/VB whether/IN they/PRP 'll/MD be/VB far/RB enough/RB up/RP where/WRB they/PRP can/MD do/VB any/DT good/NN ./.","{C But, } I don't know whether they'll be far enough up where they can do any good. /"
b,B,Right/UH ./.,Right. /
%,A,"But/CC ,/, uh/UH ,/,","{C But, } {F uh, } -/"
sd,B,Or/CC even/RB making/VBG the/DT playoffs/NNS,{C Or } even making the playoffs /
sv,B,"so/IN that/DT does/VBZ n't/RB ,/, does/VBZ n't/RB help/VB you/PRP in/IN the/DT draft/NN ./.","{C so } that [ doesn't, + doesn't ] help you in the draft. /"
b,A,Right/UH ./.,Right. /
sv,A,"But/CC we/PRP ,/,","{C But } [ we,"
b,B,Yeah/UH ./.,Yeah. /
+,A,"really/RB ,/, I/PRP mean/VBP ,/, really/RB and/CC truly/RB we/PRP just/RB do/VBP n't/RB have/VB a/DT quarterback/NN ,/,","really, + {E I mean, } really and truly we ] just don't have a quarterback, /"
b,B,Yeah/UH ./.,Yeah. /
sv,A,that/DT 's/BES all/DT there/EX is/VBZ to/IN it/PRP ./.,that's all there is to it. /
sd,A,"But/CC ,/, the/DT players/NNS and/CC stuff/NN ,/, they/PRP finally/RB quit/VBP giving/VBG away/RP the/DT really/RB good/JJ players/NNS and/CC started/VBD keeping/VBG them/PRP too/RB ./.","{C But, } the players and stuff, they finally quit giving away the really good players and started keeping them too. /"
b,B,Uh-huh/UH ./.,Uh-huh. /
%,A,"Because/IN we/PRP had/VBD some/DT ,/,","{C Because } we had some, /"
qy,A,you/PRP remember/VBP when/WRB Archie/NNP Manning/NNP was/VBD a/DT quarterback/NN ?/.,you remember when Archie Manning was a quarterback? /
na,B,That/DT was/VBD a/DT few/JJ years/NNS ago/RB ./.,That was a few years ago. /
b,A,Yeah/UH ./.,Yeah. /
sv,A,"Well/UH ,/, he/PRP was/VBD good/JJ ./.","{D Well, } he was good. /"
sv,A,"But/CC we/PRP ,/, every/DT time/NN we/PRP 'd/MD get/VB a/DT real/RB good/JJ player/NN they/PRP 'd/MD treat/VB him/PRP bad/JJ ./.","{C But } [ we, + every time we'd ] get a real good player they'd treat him bad. /"
b,B,Uh-huh/UH ./.,Uh-huh. /
sd,A,"And/CC ,/, of/IN course/NN ,/, we/PRP had/VBD a/DT different/JJ coach/NN then/RB ,/, too/RB ./.","{C And, } of course, we had a different coach then, too. /"
sv,A,But/CC they/PRP 'd/MD treat/VB him/PRP bad/RB,{C But } they'd treat him bad /
b,B,Uh-huh/UH ./.,Uh-huh. /
+,A,Or/CC either/RB they/PRP 'd/MD trade/VB him/PRP off/RP to/IN somebody/NN else/RB for/IN two/CD of/IN these/DT nobodies/NNS ./.,{C Or } either they'd trade him off to somebody else for two of these nobodies. / *[[sd]]
b,B,Right/UH ./.,Right. /
sv,A,And/CC it/PRP was/VBD weird/JJ ./.,{C And } it was weird. /
sv,A,"It/PRP was/VBD like/IN they/PRP were/VBD trying/VBG ,/, if/IN you/PRP were/VBD good/JJ ,/, boy/UH ,/, let/VB 's/PRP do/VBP n't/RB have/VBP you/PRP on/IN our/PRP$ team/NN ,/, you/PRP know/VBP ./.","It was like they were trying, if you were good, (( boy )) , let's don't have you on our team, {D you know. } /"
x,B,./.,<Laughter>.
sv,A,"But/CC ,/, um/UH ,/, this/DT year/NN they/PRP had/VBD all/DT good/JJ players/NNS except/IN for/IN the/DT quarterback/NN ./.","{C But, } {F um, } this year they had all good players except for the quarterback. /"
b,B,Yeah/UH ./.,Yeah. /
%,A,"The/DT quarterback/NN ,/, all/DT of/IN them/PRP ,/, every/DT one/CD that/WDT they/PRP played/VBD ,/,","The quarterback, all of them, every one that they played, - /"
%,A,"I/PRP think/VBP they/PRP played/VBD ,/, uh/UH ,/,","I think they played, {F uh, } - /"
sd,A,"I/PRP ca/MD n't/RB remember/VB whether/IN we/PRP played/VBD three/CD or/CC four/CD quarterbacks/NNS ,/,","I can't remember whether we played three or four quarterbacks, /"
sv,A,but/CC all/DT of/IN them/PRP were/VBD bad/JJ ./.,{C but } all of them were bad. /
b,B,Huh/UH ./.,{F Huh. } /
sv,A,"I/PRP mean/VBP ,/, they/PRP were/VBD terrible/JJ ./.","{E I mean, } they were terrible. /"
sv,A,They/PRP could/MD not/RB pitch/VB ./.,They could not pitch. /
sv,A,"You/PRP know/VBP ,/, they/PRP could/MD n't/RB even/RB take/VB handoffs/NNS ./.","{D You know, } they couldn't even take handoffs. /"
sv,A,"It/PRP was/VBD ,/,","It was,"
b,B,Right/UH ./.,Right. /
+,A,terrible/JJ ./.,terrible <laughter>. /
sv,A,"But/CC ,/, uh/UH ,/,","{C But, } {F uh, }"
%,B,"Oh/UH ,/, that/DT 's/BES one/CD ,/,","{F Oh, } [ that's one, +"
+,A,"all/PDT the/DT other/JJ places/NNS ,/,","all the other places,"
+,B,"it/PRP 's/BES one/CD thing/NN ,/,","it's one ] thing, /"
+,A,"I/PRP mean/VBP ,/, our/PRP$ defense/NN was/VBD unbelievable/JJ ./.","{E I mean, } our defense was unbelievable. /"
b,B,Yeah/UH ./.,Yeah. /
sv,B,"Buffalo/NNP 's/POS ,/,","Buffalo's,"
qy,A,Did/VBD you/PRP get/VB to/TO watch/VB any/DT of/IN their/PRP$ games/NNS ?/.,Did you get to watch any of their games? /
+,B,"lucky/JJ though/RB to/TO have/VB ,/, uh/UH ,/, Jim/NNP Kelly/NNP than/^RB ,/,","lucky though to have, {F uh, } Jim Kelly than, /"
sd,B,"now/UH he/PRP 's/BES the/DT number/NN one/CD rated/VBN quarterback/NN in/IN the/DT N/NNP F/NNP L/NNP ./. I/PRP think/VBP ,/,","now he's the number one rated quarterback in the N F L. I think, /"
b,A,Yeah/UH ./.,Yeah. /
sd,B,I/PRP 'm/VBP pretty/RB sure/JJ he/PRP was/VBD this/DT past/JJ season/NN ./.,I'm pretty sure he was this past season. /
sv,B,"And/CC ,/, uh/UH ,/, then/RB with/IN ,/, uh/UH ,/, uh/UH ,/, the/DT defense/NN ,/, with/IN Bruce/NNP Smi-/NNP ,/, Bruce/NNP Smith/NNP there/RB at/IN linebacker/NN there/RB ,/, they/PRP 've/VBP got/VBD a/DT very/RB well/RB rounded/JJ team/NN","{C And, } {F uh, } then with, {F uh, } {F uh, } the defense, with [ Bruce Smi-, + Bruce Smith ] there at linebacker there, they've got a very well rounded team /"
sv,B,"and/CC it/PRP seems/VBZ that/IN they/PRP 've/VBP gotten/VBN over/RP their/PRP$ bickering/NN and/CC their/PRP$ fighting/NN as/IN they/PRP ,/, problems/NNS they/PRP had/VBD in/IN the/DT past/NN","{C and } it seems that they've gotten over their bickering and their fighting as [ they, + problems they ] had in the past /"
sv,B,"and/CC now/RB they/PRP 're/VBP ,/, uh/UH ,/, really/RB playing/VBG as/IN a/DT ,/, good/RB together/RB as/IN a/DT team/NN ./.","{C and } now they're, {F uh, } really playing [ as a, + good together as a ] team. /"
b,A,Yeah/UH ./.,Yeah. /
%,B,"So/UH ,/,","{D So, } /"
qy,A,Um/UH ./. Do/VBP you/PRP watch/VB it/PRP every/DT Sunday/NNP ?/.,{F Um. } Do you watch it every Sunday? /
no,B,"Uh/UH ,/, when/WRB I/PRP can/MD ./.","<Breathing> {F Uh, } when I can. /"
sd,B,"I/PRP 'm/VBP a/DT ,/, I/PRP 'm/VBP a/DT musician/NN","[ I'm a, + I'm a ] musician /"
%,B,"and/CC ,/, uh/UH ,/, the/DT band/NN I/PRP play/VBP in/IN ,/, uh/UH ,/, I/PRP ,/,","{C and, } {F uh, } the band I play in, {F uh, } I, - /"
sd,B,this/DT is/VBZ just/RB something/NN on/IN the/DT side/NN,this is just something on the side /
sd,B,"and/CC ,/, uh/UH ,/, the/DT band/NN I/PRP play/VBP in/IN ,/, we/PRP tend/VBP to/TO rehearse/VB quite/RB a/DT bit/NN on/IN Sundays/NNPS ./.","{C and, } {F uh, } the band I play in, we tend to rehearse quite a bit on Sundays. /"
sd,B,So/UH I/PRP missed/VBD a/DT lot/NN of/IN Sundays/NNPS during/IN --/:,{C So } I missed a lot of Sundays during --
b,A,Um/UH ./.,{F Um. } /
+,B,"--/: this/DT ,/,","-- this, /"
qy,A,"Did/VBD you/PRP ever/RB get/VB to/TO watch/VB any/DT of/IN the/DT ,/, uh/UH ,/, New/NNP Orleans/NNP games/NNS ?/.","Did you ever get to watch any of the, {F uh, } New Orleans games? /"
%,B,"Ac-/UH ,/,","(( Ac-, )) - /"
sd,B,"I/PRP ,/, I/PRP 'd/MD have/VB to/TO confess/VB I/PRP do/VBP n't/RB really/RB scope/NN out/RP the/DT New/NNP Orleans/NNP games/NNS ,/, per/FW se/FW ./.","[ I, + I'd ] have to confess I don't really scope out the New Orleans games, per se. /"
sd,B,"New/NNP Orleans/NNP just/RB is/VBZ n't/RB ,/, is/VBZ n't/RB one/CD of/IN the/DT areas/NNS ,/,","New Orleans <noise> just [ isn't, + isn't ] one of the areas, - /"
sd,B,I/PRP 've/VBP lived/VBN in/IN so/RB many/JJ places/NNS ./.,I've lived in so many places. /
sd,B,"I/PRP 've/VBP lived/VBN in/IN ,/, uh/UH ,/, Denver/NNP","I've lived in, </noise> {F uh, } Denver /"
sd,B,but/CC I/PRP do/VBP n't/RB like/VB the/DT Broncos/NNPS ./.,{C but } I don't like the Broncos. /
sd,B,"There/EX 's/BES ,/,","There's,"
+,A,Um/UH ./.,{F Um. } / *[[b]]
+,B,no/DT love/NN for/IN the/DT Broncos/NNPS ./.,no love for the Broncos. /
sd,B,"But/CC ,/,","{C But, }"
b,A,No/UH ./.,No. /
+,B,"I/PRP 've/VBP lived/VBN in/IN ,/, uh/UH ,/, uh/UH ,/,","I've lived in, <noise> {F uh, } {F uh, } - /"
sd,B,I/PRP was/VBD born/VBN in/IN Buffalo/NNP,I was born in Buffalo /
sd,B,"and/CC I/PRP lived/VBD in/IN ,/, uh/UH ,/, outside/IN of/IN Boston/NNP for/IN five/CD years/NNS","{C and } I lived [ in, + {F uh, } outside of ] Boston for five years /"
sd,B,and/CC then/RB my/PRP$ family/NN lives/VBZ in/IN Philadelphia/NNP now/RB,{C and then } my family lives in Philadelphia now /
sd,B,"and/CC ,/, uh/UH ,/, so/RB I/PRP tend/VBP to/TO look/VB for/IN ,/, uh/UH ,/, uh/UH ,/,","[ {C and, } + {F uh, } {C so } ] I tend to look for, {F uh, } {F uh, } -/"
^2,A,Teams/NNS in/IN your/PRP$ area/NN ./.,Teams in your area. /
sd,B,"and/CC I/PRP lived/VBD in/IN Detroit/NNP ,/, too/RB ./.","{C and } I lived in Detroit, too. /"
%,B,"So/RB I/PRP like/VBP ,/, uh/UH ,/,","{C So } I {D like, } {F uh, } - /"
sd,B,"first/JJ of/IN all/DT ,/, first/RB and/CC foremost/RB the/DT Bills/NNPS games/NNS I/PRP want/VBP to/TO see/VB ./.","first of all, first and foremost the Bills games I want to see. /"
sd,B,"And/CC then/RB I/PRP 'll/MD ,/, uh/UH ,/, normally/RB check/VB out/RP the/DT Eagles/NNPS or/CC the/DT Patriots/NNPS","{C And then } I'll, {F uh, } normally check out the Eagles or the Patriots /"
sd,B,"and/CC ,/, Patriots/NNPS were/VBD so/RB depressing/JJ this/DT last/JJ year/NN that/IN --/:","{C and, } Patriots were so depressing this last year [ that -- +"
aa,A,I/PRP know/VBP it/PRP ./.,I know it <laughter>. /
+,B,"--/: yeah/UH ,/, that/DT ,/, uh/UH ,/,","-- {D yeah, } that, ] {F uh, }"
b,A,Yeah/UH ./.,Yeah. /
+,B,I/PRP kind/RB of/RB gave/VBD up/RP on/IN them/PRP ./.,I kind of gave up on them. /
b,A,Yeah/UH ./.,Yeah. /
sd,B,"But/CC ,/, uh/UH ,/, first/RB and/CC foremost/RB the/DT Bills/NNPS ./.","{C But, } {F uh, } first and foremost the Bills. /"
%,B,"I/PRP even/RB wen/VBD ,/,","I even wen-, - /"
sd,B,"I/PRP went/VBD to/IN ,/, got/VBD to/TO go/VB to/IN a/DT Bills/NNPS game/NN this/DT year/NN ,/, which/WDT was/VBD fun/JJ ./.","I [ went to, + got to go to ] a Bills game this year, which was fun. /"
sd,B,"It/PRP was/VBD the/DT ,/, the/DT Bills/NNPS ,/, Eagles/NNPS game/NN ,/, which/WDT appropriately/RB enough/RB --/:","It was [ the, + the ] Bills, Eagles game, which appropriately enough --"
b,A,"Oh/UH ,/,","Oh, /"
+,B,"--/: fortunately/RB ,/,","-- fortunately,"
ba,A,that/DT 's/BES neat/JJ ./.,that's neat. /
+,B,the/DT Bills/NNPS won/VBD ./.,the Bills won. /
b,A,Yeah/UH ./.,Yeah. /
sd,B,And/CC it/PRP was/VBD good/JJ weather/NN ./.,{C And } it was good weather. /
b,A,Yes/UH ./.,Yes. /
qy,B,"We/PRP beat/VBD Buffalo/NNP in/IN ,/, in/IN ,/, uh/UH ,/, was/VBD it/PRP third/JJ of/IN December/NNP ?/.","(( We beat )) Buffalo [ in, + in, ] {F uh, } was it third of December? /"
sd,B,"And/CC ,/,","{C And, }"
ba,A,"Oh/UH ,/, my/PRP$ goodness/NN ./.","{F Oh, } my goodness. /"
+,B,it/PRP was/VBD sunny/JJ and/CC forty-five/CD degrees/NNS ./.,it was sunny and forty-five degrees. /
sd,B,"So/UH ,/, we/PRP could/MD n't/RB a/VB done/VBN much/RB better/RBR than/IN that/DT in/IN Buffalo/NNP ./.","{C So, } we couldn't a done much better than that in Buffalo <laughter>. /"
aa,A,No/UH ./.,No. /
sd,A,Because/RB usually/RB it/PRP 's/BES snowing/VBG ./.,{C Because } usually it's snowing <laughter>. /
b,B,Yeah/UH ./.,Yeah. /
sd,A,Ice/NN and/CC rain/NN and/CC everything/NN ./.,Ice and rain and everything. /
b,B,Sure/UH ./.,Sure. /
"fo_o_fw_""_by_bc",A,"But/CC ,/, I/PRP tell/VBP you/PRP what/WP ,/,","{C But, } I tell you what, /"
%,A,"if/IN you/PRP get/VBP to/TO watch/VB some/DT of/IN these/DT ,/,","if you get to watch some of these, <noise> - /"
h,A,"now/RB I/PRP do/VBP n't/RB know/VB how/WRB it/PRP will/MD be/VB this/DT year/NN ,/, you/PRP know/VBP ,/,","{D now } I don't know how it will be this year, {D you know, } /"
sd,A,"but/CC ,/, I/PRP mean/VBP ,/, these/DT games/NNS go/VB right/RB down/RP to/IN the/DT wire/NN ./.","{C but, } {E I mean, } these games </noise> go right down to the wire. /"
b,B,Uh-huh/UH ./.,Uh-huh. /
sd,A,"It/PRP was/VBD like/IN I/PRP was/VBD sitting/VBG on/IN the/DT edge/NN of/IN my/PRP$ chair/NN ,/, you/PRP know/VBP ,/, going/VBG oh/UH ,/, no/UH ,/, no/UH ./.","It was like I was sitting on the edge of my chair, {D you know, } going {F oh, } no, no. /"
%,A,"And/CC one/CD ,/, uh/UH ,/,","{C And } one, {F uh, } <lipsmack> - /"
sd,A,I/PRP ca/MD n't/RB remember/VB ./.,I can't remember. /
%,A,"It/PRP was/VBD about/RB ,/, uh/UH ,/,","It was about, {F uh, } - /"
sd,A,"it/PRP was/VBD right/RB close/RB to/IN when/WRB we/PRP was/VBD going/VBG to/TO find/VB out/RP if/IN we/PRP was/VBD going/VBG to/TO get/VB to/TO be/VB in/IN the/DT playoffs/NNS ,/,","it was right close to when we was going to find out if we was going to get to be in the playoffs,"
b,B,Uh-huh/UH ./.,Uh-huh. /
+,A,or/CC not/RB ./.,or not <noise>. /
sd,A,"So/UH ,/, we/PRP 're/VBP watching/VBG the/DT game/NN ./.","{C So, } we're watching the game. /"
^h,A,All/UH right/UH ./.,All right. /
sd,A,The/DT other/JJ team/NN got/VBD the/DT ball/NN,The other team got the ball /
sd,A,"and/CC we/PRP had/VBD like/UH ,/, no/UH ,/, we/PRP got/VBD the/DT ball/NN back/RB ./.","{C and } [ we had + {D like, } {D no, } we got ] the ball back. /"
sd,A,That/DT 's/BES the/DT way/NN it/PRP was/VBD ./.,That's the way it was. /
sd,A,"And/CC they/PRP had/VBD to/TO kick/VB ./. And/CC ,/, uh/UH ,/, to/TO know/VB whether/IN we/PRP were/VBD going/VBG to/TO win/VB the/DT game/NN or/CC lose/VB a/DT game/NN because/IN they/PRP got/VBD one/CD point/NN ahead/RB of/IN us/PRP ./.","{C And } they had to kick. [ And, + ] {F uh, } to know whether we were going to win the game or lose a game because they got one point ahead of us. /"
b,B,Uh-huh/UH ./.,Uh-huh. /
sd,A,"So/RB we/PRP had/VBD to/TO sit/VB there/RB ,/, you/PRP know/VBP ,/,","{C So } we had to sit there, {D you know, } /"
sd,A,"and/CC they/PRP cut/VBD the/DT show/NN off/RP and/CC shorin/VBG ,/, started/VBD showing/VBG us/PRP another/DT football/NN game/NN ./.","{C and } they cut the show off and [ shorin-, + started showing ] us another football game. /"
sd,A,We/PRP did/VBD not/RB get/VB to/TO see/VB the/DT end/NN of/IN the/DT game/NN ./.,We did not get to see the end of the game. /
sd,A,You/PRP talk/VBP about/IN people/NNS calling/VBG in/RP ./.,You talk about people calling in. /
ba,B,"Oh/UH ,/, my/UH gosh/UH ./.","{F Oh, } my gosh. /"
sd,A,It/PRP was/VBD wild/JJ ./.,It was wild. /
sd,A,"I/PRP mean/VBP ,/, here/RB everybody/NN is/VBZ sitting/VBG on/IN the/DT edge/NN of/IN their/PRP$ chair/NN ,/,","{E I mean, } here everybody is sitting on the edge of their chair,"
ba,B,"Sure/UH ,/,","Sure, /"
+,A,"you/PRP know/VBP ,/,","{D you know, } /"
^2,B,and/CC then/RB they/PRP changed/VBD the/DT game/NN ./.,{C and } then they changed the game. /
sd,A,"and/CC they/PRP changed/VBD it/PRP and/CC gave/VBD us/PRP another/DT game/NN in/IN the/DT middle/NN of/IN another/DT ,/, you/PRP know/VBP ,/, one/NN that/WDT was/VBD going/VBG on/RP ./.","{C and } they changed it and gave us another game in the middle of another, {D you know, } one that was going on. /"
ba,B,Right/UH ./.,Right. /
sd,A,Cut/VB us/PRP off/RP right/RB there/RB the/DT last/JJ few/JJ seconds/NNS ./.,Cut us off right there the last few seconds. /
sd,A,"The/DT station/NN finally/RB ,/, you/PRP know/VBP how/WRB they/PRP 'll/MD put/VB the/DT little/JJ message/NN down/IN at/IN the/DT bottom/NN ./.","The station finally, {A you know how they'll put the little message down at the bottom. }"
b,B,Right/UH ./.,Right. /
+,A,"Started/VBD telling/VBG everybody/NN that/IN they/PRP were/VBD not/RB the/DT ones/NNS that/WDT had/VBD cut/VBN that/IN off/RP ,/, that/IN it/PRP was/VBD the/DT national/JJ ,/,","Started telling everybody that they were not the ones that <laughter> had cut that off, that it was the national,"
b,B,Right/UH ./.,Right. /
+,A,"you/PRP know/VBP ,/,","{D you know, } -/"
"fo_o_fw_""_by_bc",B,It/PRP was/VBD the/DT network/NN ./.,It was the network. /
b,A,Uh-huh/UH ./.,Uh-huh. /
sv,A,"An-/CC ,/, because/IN it/PRP was/VBD funny/JJ ./.","[ {C An-, } + {C because } ] it was funny. /"
sd,A,I/PRP mean/VBP everybody/NN was/VBD furious/JJ ./.,{E I mean } everybody was furious. /
sd,A,"I/PRP was/VBD so/RB mad/JJ I/PRP got/VBD up/RP and/CC went/VBD and/CC called/VBD ,/, you/PRP know/VBP ,/,","I was so mad I got up and went and called, <noise> <laughter> {D you know, } /"
sd,A,I/PRP could/MD n't/RB believe/VB that/DT ./.,I couldn't believe that. /
sd,A,"But/CC ,/, almost/RB every/DT game/NN that/IN I/PRP watched/VBD it/PRP would/MD come/VB right/RB down/IN to/TO the/DT end/NN ,/,","{C But, } almost </noise> every game that I watched it would come right <noise> down to the end, /"
sd,A,"we/PRP would/MD be/VB ahead/RB ,/, you/PRP know/VBP ,/,","we would be ahead, {D you know, } /"
sd,A,"but/CC then/RB at/IN the/DT ver/JJ ,/, in/IN the/DT fourth/JJ quarter/NN they/PRP 'd/MD let/VB them/PRP get/VB up/RP there/RB either/DT with/IN them/PRP or/CC ,/, you/PRP know/VBP ,/, right/RB ahead/RB of/IN them/PRP ./.","{C but then } </noise> [ at the ver-, + in the fourth quarter ] they'd let them get up there either with them or, {D you know, } right ahead of them. /"
b,B,Right/UH ./.,Right. /
sd,A,And/CC it/PRP 'd/MD come/VB right/RB down/IN to/IN the/DT end/NN,{C And } it'd come right down to the end /
sd,A,and/CC either/RB we/PRP made/VBD it/PRP or/CC we/PRP did/VBD n't/RB ./.,{C and } either we made it or we didn't. /
sd,A,"Oh/UH ,/, and/CC it/PRP was/VBD ,/, it/PRP was/VBD something/NN else/RB ./.","{F Oh, } {C and } [ it was, + it was ] something else. /"
sd,A,"I/PRP said/VBD this/DT is/VBZ the/DT most/JJS ,/,","I said this is the most, - /"
sv,A,if/IN we/PRP had/VBD a/DT quarterback/NN this/DT year/NN we/PRP would/MD have/VB went/VBN to/IN the/DT Super/NNP Bowl/NNP ./.,if we had a quarterback this year we would have went to the Super Bowl. /
b,B,Yeah/UH ./.,Yeah. /
sv,A,"There/EX 's/BES no/DT question/NN about/IN it/PRP ,/, because/IN everybody/NN was/VBD playing/VBG good/JJ together/RB except/IN the/DT quarterbacks/NNS ./.","There's no question about it, because everybody was playing good together except the quarterbacks. /"
sv,A,And/CC the/DT quarterbacks/NNS just/RB did/VBD n't/RB do/VB anything/NN ./.,{C And } the quarterbacks just didn't do anything. /
b,B,Yeah/UH ./.,Yeah. /
sd,B,"Well/UH ,/, MUMBLEx/XX that/DT 's/BES the/DT ,/, that/DT 's/BES the/DT guy/NN that/WDT counts/VBZ ./.","{D Well, } (( )) [ that's the, + that's the ] guy that counts <laughter>. /"
aa,A,Yes/UH ./.,<Laughter> Yes. /
sv,A,"But/CC ,/, maybe/RB we/PRP ,/, maybe/RB we/PRP 'll/MD get/VB your/PRP$ guy/NN ./.","{C But, } [ maybe we, + maybe we'll ] get your guy. /"
sv,B,"Oh/UH ,/, I/PRP ,/,","{F Oh, } [ I, +"
x,A,./.,<Laughter>.
+,B,I/PRP do/VBP n't/RB think/VB Jim/NNP Kelly/NNP is/VBZ about/RB to/TO be/VB swayed/VBN away/RP from/IN the/DT Bills/NNPS any/DT time/NN ./.,I ] don't think Jim Kelly is about to be swayed away from the Bills any time. /
