act_tag,speaker,pos,text
"fo_o_fw_""_by_bc",A,"Okay/UH ,/,","Okay, /"
ad,A,you/PRP want/VBP to/TO tell/VB me/PRP first/LS how/WRB you/PRP feel/VBP about/IN --/:,you want to tell me first how you feel about --
sv,B,Well/UH --/:,{D Well } --
+,A,"--/: the/DT proposal/NN ,/,","-- the proposal, /"
+,B,"--/: um/UH ,/, I/PRP ,/, I/PRP just/RB think/VBP the/DT way/NN that/WDT things/NNS are/VBP going/VBG that/IN ,/, um/UH ,/, it/PRP would/MD be/VB good/JJ for/IN young/JJ people/NNS to/TO go/VB ahead/RB and/CC have/VB ,/, um/UH ,/, dedicate/VB themselves/PRP to/IN at/IN least/JJS something/NN ./.","-- {F um, } [ I, + I ] just think the way that things are going that, {F um, } it would be good for young people to go ahead and [ have, + {F um, } dedicate ] themselves to at least something. /"
b,A,Uh-huh/UH ./.,Uh-huh. /
sv,B,"I/PRP know/VBP ,/, like/IN the/DT Mormon/NNP religion/NN ,/, you/PRP know/VBP ,/, they/PRP require/VBP two/CD years/NNS of/IN service/NN ,/, uh/UH ,/, missionary/NN service/NN --/:","I know, {D like } the Mormon religion, {D you know, } they require two years of [ service, + {F uh, } missionary service ] -- /"
sd,A,The/DT boys/NNS --/:,The boys -- /
aa,B,"--/: right/UH ,/,","-- right, /"
sd,B,the/DT boys/NNS --/:,the boys -- /
sd,A,"--/: not/RB the/DT girls/NNS ,/, MUMBLEx/XX the/DT boys/NNS ./.","-- not the girls, (( )) the boys. /"
b,B,"--/: yeah/UH ,/,","-- yeah, /"
sv,B,"and/CC ,/, um/UH ,/, so/RB ,/, but/CC I/PRP think/VBP it/PRP would/MD be/VB good/JJ for/IN all/DT young/JJ people/NNS --/:","{C and, } {F um, } {C so, } {C but } I think it would be good for all young people --"
b,A,Uh-huh/UH ./.,Uh-huh. /
+,B,"--/: you/PRP know/VBP ,/, to/TO be/VB able/JJ to/TO ,/, to/TO do/VB something/NN like/IN that/DT --/:","-- {D you know, } to be able [ to, + to ] do something like that --"
b,A,Uh-huh/UH ./.,Uh-huh. /
+,B,"--/: um/UH ,/, so/IN that/IN ,/, um/UH ,/, you/PRP know/VBP ,/, I/PRP do/VBP n't/RB know/VB ,/, I/PRP just/RB feel/VBP it/PRP would/MD be/VB good/JJ for/IN them/PRP to/TO do/VB that/DT ./.","-- {F um, } so that, {F um, } {D you know, } {A I don't know, } I just feel it would be good for them to do that. /"
aa,A,Uh-huh/UH ./.,Uh-huh. /
sv,A,"I/PRP ,/, I/PRP thought/VBD it/PRP would/MD be/VB good/JJ ,/, too/RB ,/,","[ I, + I ] thought it would be good, too, /"
sv,A,but/CC I/PRP did/VBD not/RB think/VB it/PRP would/MD be/VB good/JJ that/IN they/PRP all/DT do/VBP something/NN like/IN the/DT Peace/NNP Corps/NNP --/:,{C but } I did not think it would be good that they all do something like the Peace Corps --
b,B,Yeah/UH ./.,Yeah. /
+,A,"--/: because/IN not/RB all/DT young/JJ people/NNS would/MD have/VB ,/, uh/UH ,/, what/WP it/PRP takes/VBZ to/TO go/VB like/IN that/DT --/:","-- because not all young people would have, {F uh, } what it takes to go like that --"
b,B,Uh-huh/UH ./.,Uh-huh. /
+,A,"--/: because/IN I/PRP think/VBP it/PRP takes/VBZ a/DT certain/JJ person/NN to/TO ,/, to/TO be/VB able/JJ to/TO do/VB something/NN like/IN that/DT ,/,","-- because I think it takes a certain person [ to, + to ] be able to do something like that, /"
sv,A,but/CC there/EX 's/BES a/DT lot/NN of/IN other/JJ public/JJ service/NN things/NNS --/:,{C but } there's a lot of other public service things --
b,B,"Oh/UH ,/, sure/UH ./.","{F Oh, } sure. /"
+,A,--/: that/WDT could/MD be/VB done/VBN ./.,-- that could be done. /
b,B,"Oh/UH ,/, yeah/UH ,/,","{F Oh, } yeah, /"
sv,B,"and/CC ,/, and/CC even/RB ,/, even/RB in/IN our/PRP$ home/NN towns/NNS there/EX 's/BES a/DT lot/NN of/IN --/:","[ {C and, } + {C and } ] [ even, + even ] in our home towns there's a lot of --"
b,A,Uh-huh/UH ./.,Uh-huh. /
+,B,"--/: um/UH ,/, public/JJ service/NN things/NNS that/WDT they/PRP could/MD do/VB --/:","-- {F um, } public service things that they could do --"
b,A,Right/UH ./.,Right. /
+,B,"--/: uh/UH ,/, you/PRP know/VBP ,/, drug/NN rehabilitation/NN and/CC --/:","-- {F uh, } {D you know, } drug rehabilitation [ and + --"
b,A,Right/UH ./.,Right. /
+,B,"--/: and/CC alcohol/NN and/CC ,/, and/CC just/RB ,/, uh/UH ,/, helping/VBG old/JJ people/NNS ,/, and/CC ,/, um/UH ,/, uh/UH ,/, you/PRP know/VBP ,/, helping/VBG cripple/JJ ,/, just/RB helping/VBG somebody/NN else/RB --/:","-- and ] alcohol [ and, + and ] just, {F uh, } helping old people, and, {F um, } {F uh, } {D you know, } helping cripple, just helping somebody else -- /"
b,A,"Yes/UH ,/,","Yes, /"
b,A,yeah/UH ./.,yeah. /
sv,B,"--/: and/CC I/PRP think/VBP that/DT art/NN of/IN giving/NN is/VBZ something/NN that/WDT ,/, um/UH ,/, we/PRP do/VBP n't/RB have/VB very/RB much/RB any/DT more/JJR ./.","-- {C and } I think that art of giving is something that, {F um, } we don't have very much any more. /"
b,A,Uh-huh/UH ./.,Uh-huh. /
b,A,"Yeah/UH ,/,","Yeah, /"
sv,A,I/PRP think/VBP it/PRP would/MD be/VB that/DT ./.,I think it would be that. /
qy,A,"When/WRB they/PRP say/VBP this/DT proposal/NN ,/, is/VBZ this/DT something/NN that/WDT they/PRP 're/VBP just/RB suggesting/VBG ,/,","When they say this proposal, is this something that they're just suggesting, /"
qy,A,"or/CC are/VBP they/PRP actually/RB ,/,","{C or } are they actually, - /"
qw,A,"why/WRB ,/, why/WRB ,/, why/WRB did/VBD they/PRP call/VB it/PRP a/DT proposal/NN ,/,","[ [ why, + why, ] + why ] did they call it a proposal, /"
%,A,"that/DT ,/,","that, -/"
sd,B,"Oh/UH ,/, I/PRP think/VBP they/PRP just/RB gave/VBD it/PRP a/DT title/NN --/:","{F Oh, } I think they just gave it a title -- /"
b,A,Uh-huh/UH ./.,Uh-huh. /
sd,B,"--/: but/CC is/VBZ this/DT not/RB something/NN that/WDT 's/BES ,/, um/UH ,/, in/IN legislation/NN or/CC --/:","-- {C but } is this not something that's, {F um, } in legislation or --"
b,A,Uh-huh/UH ./.,Uh-huh. /
+,B,--/: in/IN work/NN some/DT --/:,-- in work some -- -/
sd,A,That/DT 's/BES what/WP I/PRP wondered/VBD ./.,That's what I wondered. /
b,B,"--/: yeah/UH ,/,","-- yeah, /"
nn,B,"no/UH ,/, no/UH ,/,","[ no, + no, ] /"
sd,B,"it/PRP 's/BES not/RB ,/,","it's not, /"
sd,B,"it/PRP 's/BES just/RB a/DT ,/, just/RB a/DT topic/NN ,/,","it's [ just a, + just a ] topic, /"
sv,A,It/PRP 'd/MD be/VB good/JJ character/NN builder/NN ./.,It'd be good character builder. /
aa,B,"I/PRP think/VBP so/RB ,/, too/RB ./.","I think so, too. /"
aa,B,"I/PRP think/VBP so/RB ,/, too/RB ./.","I think so, too. /"
sv,B,"Um/UH ,/, because/IN there/EX 's/BES so/RB many/JJ ,/, um/UH ,/, kids/NNS who/WP have/VBP ,/, uh/UH ,/, you/PRP know/VBP ,/, so/RB much/JJ money/NN and/CC so/RB much/JJ free/JJ time/NN and/CC ,/, uh/UH ,/, nothing/NN to/TO do/VB ,/, um/UH ,/, and/CC nothing/NN to/TO give/VB their/PRP$ time/NN to/IN ./.","{F Um, } {C because } there's so many, {F um, } kids who have, {F uh, } {D you know, } so much money and so much free time and, {F uh, } nothing to do, {F um, } and nothing to give their time to. /"
b,A,Uh-huh/UH ./.,Uh-huh. /
sv,B,"Um/UH ,/, they/PRP do/VBP n't/RB even/RB have/VB a/DT direction/NN to/TO give/VB their/PRP$ ,/, their/PRP$ time/NN to/IN ,/,","{F Um, } they don't even have a direction to give [ their, + their ] time to, /"
sv,B,so/RB I/PRP think/VBP --/:,{C so } I think --
b,A,Right/UH ./.,Right. /
+,B,"--/: it/PRP would/MD be/VB really/RB good/JJ for/IN people/NNS to/TO ,/, um/UH ,/, to/TO be/VB able/JJ to/TO give/VB their/PRP$ time/NN in/IN ,/, in/IN ,/, uh/UH ,/, some/DT kind/NN of/IN public/JJ service/NN ,/, uh/UH ,/, even/RB in/IN our/PRP$ government/NN ,/, you/PRP know/VBP ,/, as/IN ,/, uh/UH ,/, aids/NNS to/IN ,/, uh/UH ,/, you/PRP know/VBP ,/, Congress/NNP ,/, uh/UH ,/, people/NNS --/:","-- it would be really good for people [ to, + {F um, } to ] be able to give their time [ in, + in, ] {F uh, } some kind of public service, {F uh, } even in our government, {D you know, } as, {F uh, } aids to, {F uh, } {D you know, } Congress, {F uh, } people -- /"
b,A,Uh-huh/UH ./.,Uh-huh. /
%,B,"--/: so/RB ,/, um/UH ,/, yeah/UH ,/,","-- {C so, } {F um, } yeah, /"
sv,B,"it/PRP would/MD be/VB ,/, it/PRP 'd/MD be/VB really/RB good/JJ --/:","[ it would be, + it'd be ] really good --"
b,A,Uh-huh/UH ./.,Uh-huh. /
+,B,--/: I/PRP think/VBP ./.,-- I think. /
sd,A,"Well/UH ,/, people/NNS that/WDT are/VBP ,/, um/UH ,/, have/VBP received/VBN sentences/NNS in/IN jail/NN ,/, they/PRP have/VBP ,/, uh/UH ,/, some/DT of/IN them/PRP are/VBP going/VBG out/RB and/CC doing/VBG ,/, uh/UH ,/, they/PRP have/VBP to/TO go/VB out/RB and/CC do/VB public/JJ service/NN --/:","{D Well, } people that [ are, + {F um, } have ] received sentences in jail, [ they have, {F uh, } some of them are going out and doing, + {F uh, } they have to ] go out and do public service --"
b,B,Uh-huh/UH ./.,Uh-huh. /
+,A,--/: activities/NNS --/:,-- activities --
b,B,Right/UH ./.,Right. /
+,A,"--/: which/WDT to/IN me/PRP is/VBZ ,/, is/VBZ good/JJ ./.","-- which to me [ is, + is ] good. /"
aa,B,"Oh/UH ,/, yeah/UH ,/,","{F Oh, } yeah, /"
aa,B,"oh/UH yeah/UH ,/,","{F oh } yeah, /"
sv,B,I/PRP agree/VBP with/IN you/PRP ./.,I agree with you. /
sv,B,"This/DT is/VBZ something/NN that/WDT ,/, um/UH ,/, like/IN you/PRP say/VBP ,/, is/VBZ it/PRP 's/BES character/NN building/VBG --/:","This is something that, {F um, } {A like you say, } is it's character building --"
b,A,Uh-huh/UH ./.,Uh-huh. /
+,B,"--/: um/UH ,/, you/PRP know/VBP ,/, learning/VBG how/WRB to/TO ,/, to/TO give/VB to/IN others/NNS ,/, and/CC being/VBG less/RBR selfish/JJ","-- {F um, } {D you know, } learning how [ to, + to ] give to others, and being less selfish /"
%,B,"and/CC ,/,","{C and, } -/"
sv,A,"Well/UH ,/, I/PRP think/VBP sometimes/RB it/PRP gives/VBZ you/PRP a/DT better/JJR picture/NN of/IN what/WP some/DT of/IN the/DT other/JJ people/NNS live/VBP like/IN ,/, you/PRP know/VBP ,/, what/WP --/:","{D Well, } I think sometimes it gives you a better picture of what some of the other people live like, {D you know, } [ what + --"
b,B,Uh-huh/UH ./.,Uh-huh. /
+,A,--/: what/WP some/DT of/IN the/DT other/JJ parts/NNS of/IN the/DT world/NN are/VBP like/IN or/CC --/:,-- what ] some of the other parts of the world are like or --
b,B,Right/UH ./.,Right. /
+,A,--/: even/RB other/JJ parts/NNS of/IN the/DT neighborhood/NN --/:,-- even other parts of the neighborhood --
b,B,"Uh-huh/UH ,/,","Uh-huh, /"
b,B,"uh-huh/UH ,/,","uh-huh, /"
b,B,yeah/UH ./.,yeah. /
+,A,"--/: some/DT of/IN the/DT people/NNS ,/, how/WRB they/PRP live/VBP","-- some of the people, how they live /"
%,A,"or/CC ,/,","{C or, } -/"
aa,B,"Oh/UH ,/, I/PRP agree/VBP with/IN you/PRP ,/,","{F Oh, } I agree with you, /"
aa,B,"I/PRP agree/VBP with/IN you/PRP ,/,","I agree with you, /"
sv,B,"and/CC I/PRP think/VBP ,/, uh/UH ,/, young/JJ people/NNS are/VBP so/RB ,/, um/UH ,/, uh/UH ,/, focused/JJ just/RB on/IN themselves/PRP and/CC their/PRP$ activities/NNS ,/, and/CC whose/WP$ going/VBG out/RP with/IN whom/WP ,/, et/FW cetera/FW --/:","{C and } I think, {F uh, } young people are so, {F um, } {F uh, } focused just on themselves and their activities, and whose going out with whom, et cetera --"
b,A,Uh-huh/UH ./.,Uh-huh. /
+,B,"--/: that/IN ,/, uh/UH ,/, you/PRP know/VBP ,/, to/TO get/VB a/DT taste/NN of/IN what/WP the/DT real/JJ world/NN is/VBZ actually/RB about/IN --/:","-- that, {F uh, } {D you know, } to get a taste of what the real world is actually about --"
b,A,Uh-huh/UH ./.,Uh-huh. /
+,B,--/: doing/VBG that/DT public/JJ service/NN would/MD be/VB great/JJ ./.,-- doing that public service would be great. /
b,A,Uh-huh/UH ./.,Uh-huh. /
b,B,Yeah/UH ./.,Yeah. /
b,A,"Yeah/UH ,/,","Yeah, /"
sv,A,"because/IN that/DT 's/BES one/CD thing/NN that/WDT 's/BES hard/JJ ,/, with/IN young/JJ people/NNS ,/, you/PRP ,/, you/PRP ca/MD n't/RB tell/VB them/PRP how/WRB things/NNS are/VBP --/:","{C because } that's one thing that's hard, with young people, [ you, + you ] can't tell them how things are -- /"
b,B,Right/UH ./.,Right. /
sv,A,--/: they/PRP have/VBP to/TO see/VB for/IN themselves/PRP --/:,-- they have to see for themselves -- /
b,B,Uh-huh/UH ./.,Uh-huh. /
sv,A,"--/: now/RB of/IN course/NN this/DT might/MD be/VB after/IN they/PRP 've/VBP gone/VBN through/IN their/PRP$ teen/NN years/NNS ,/,","-- now of course this might be after they've gone through their teen years, /"
sv,A,I/PRP do/VBP n't/RB know/VB what/WP their/PRP$ thought/NN is/VBZ on/IN what/WDT age/NN that/WDT this/DT should/MD be/VB done/VBN ./.,I don't know what their thought is on what age that this should be done. /
b,B,"Oh/UH ,/, yeah/UH ,/,","{F Oh, } yeah, /"
sv,B,"I/PRP would/MD think/VB so/RB ,/, like/IN right/RB after/IN ,/, um/UH ,/, high/JJ school/NN --/:","I would think so, like right after, {F um, } high school --"
b,A,Uh-huh/UH ./.,Uh-huh. /
+,B,"--/: you/PRP know/VBP ,/, even/RB if/IN it/PRP was/VBD the/DT ,/, the/DT ,/, their/PRP$ ,/, um/UH ,/, that/DT summer/NN right/RB after/IN high/JJ school/NN --/:","-- {D you know, } even if it was [ [ [ the, + the, ] + their, ] + {F um, } that ] summer right after high school --"
b,A,Uh-huh/UH ./.,Uh-huh. /
+,B,"--/: you/PRP know/VBP ,/, three/CD months/NNS ,/,","-- {D you know, } three months, /"
sv,A,Of/IN course/NN they/PRP 've/VBP already/RB gone/VBN through/IN the/DT period/NN of/IN time/NN where/WRB they/PRP need/VBP more/JJR direction/NN --/:,Of course they've already gone through the period of time where they need more direction --
b,B,Uh-huh/UH ./.,Uh-huh. /
+,A,"--/: you/PRP know/VBP ,/, they/PRP ,/, their/PRP$ teenage/JJ years/NNS and/CC that/IN they/PRP really/RB sometimes/RB need/VBP a/DT little/RB better/JJR direction/NN to/TO go/VB --/:","-- {D you know, } [ they, + their ] teenage years and that they really sometimes need a little better direction to go --"
b,B,"Uh-huh/UH ,/,","Uh-huh, /"
b,B,uh-huh/UH ./.,uh-huh. /
+,A,"--/: and/CC something/NN ,/,","-- and something, /"
sv,A,"course/NN now/RB Peace/NNP Corps/NNP ,/, that/DT could/MD n't/RB be/VB done/VBN of/IN course/NN ,/, until/IN they/PRP were/VBD done/VBN with/IN school/NN --/:","course now Peace Corps, that couldn't be done of course, until they were done with school --"
b,B,"Right/UH ,/,","Right, /"
b,B,"right/UH ,/,","right, /"
sv,B,"You/PRP know/VBP ,/, something/NN that/WDT out/IN ,/, that/WDT was/VBD outside/IN of/IN ,/, uh/UH ,/, outside/IN of/IN school/NN --/:","{D You know, } something [ that out, + that was ] [ outside of, + {F uh, } outside of ] school -- /"
b,A,Uh-huh/UH ./.,Uh-huh. /
"fo_o_fw_""_by_bc",B,"--/: yeah/UH ,/,","-- yeah, /"
"fo_o_fw_""_by_bc",B,"but/CC ,/, yeah/UH ,/,","{C but, } yeah, /"
sv,B,"you/PRP know/VBP ,/, right/RB ,/, right/RB after/IN you/PRP graduate/VBP from/IN ,/, um/UH ,/, high/JJ school/NN ,/, because/IN a/DT lot/NN of/IN people/NNS are/VBP just/RB ,/, um/UH ,/, uh/UH ,/, Well/UH gee/UH whiz/UH ,/, what/WP do/VBP I/PRP do/VB now/RB --/:","{D you know, } [ right, + right ] after you graduate from, {F um, } high school, because a lot of people are just, {F um, } {F uh, } {D Well } gee whiz, what do I do now --"
b,A,Uh-huh/UH ./.,Uh-huh. /
+,B,"--/: if/IN they/PRP 're/VBP not/RB focused/JJ on/IN going/VBG to/IN college/NN ,/,","-- if they're not focused on going to college, /"
sv,B,"and/CC ,/, uh/UH ,/, you/PRP know/VBP ,/, having/VBG that/DT ,/, that/DT ,/, uh/UH ,/, gung/UH ho/UH plan/NN --/:","{C and, } {F uh, } {D you know, } having [ that, + that, ] {F uh, } gung ho plan --"
b,A,Uh-huh/UH ./.,Uh-huh. /
+,B,"--/: uh/UH ,/, that/DT 's/BES ,/, you/PRP know/VBP ,/, setting/VBG their/PRP$ life/NN goals/NNS ./.","-- {F uh, } that's, {D you know, } setting their life goals. /"
sv,A,Kind/RB of/RB an/DT in-between/JJ --/:,Kind of an in-between --
b,B,Uh-huh/UH ./.,Uh-huh. /
+,A,--/: time/NN ./.,-- time. /
b,B,"Uh-huh/UH ,/,","Uh-huh, /"
b,B,"yeah/UH ,/,","yeah, /"
sv,B,"so/RB to/IN me/PRP ,/, see/VB that/DT would/MD be/VB the/DT ,/, the/DT ,/, uh/UH ,/, the/DT greatest/JJS time/NN for/IN ,/, um/UH ,/, you/PRP know/VBP ,/, teenagers/NNS to/TO ,/, to/TO do/VB that/DT ,/, would/MD be/VB right/RB after/IN they/PRP graduated/VBD from/IN high/JJ school/NN ./.","{C so } to me, {D see } that would be [ [ the, + the, ] + {F uh, } the ] greatest time for, {F um, } {D you know, } teenagers [ to, + to ] do that, would be right after they graduated from high school. /"
b,A,Uh-huh/UH ./.,Uh-huh. /
sv,B,But/CC as/IN for/IN its/PRP$ being/NN required/JJ --/:,{C But } as for its being required <laughter> --
b,A,Yeah/UH ./.,Yeah. /
+,B,"--/: you/PRP know/VBP ,/, we/PRP 're/VBP just/RB not/RB ,/, we/PRP 're/VBP not/RB based/VBN on/IN ,/, on/IN that/DT ,/, uh/UH --/:","-- {D you know, } [ we're just not, + we're not ] based [ on, + on ] that, {F uh } --"
b,A,Huh-uh/UH ./.,Huh-uh. /
+,B,--/: type/NN of/IN a/DT system/NN ./. Um/UH ./.,-- type of a system. {F Um. } /
aa,A,"No/UH ,/,","No, /"
sv,A,"and/CC like/IN I/PRP said/VBD ,/, not/RB ,/, now/RB all/DT young/JJ people/NNS should/MD be/VB able/JJ to/TO do/VB something/NN ,/,","{C and } like I said, [ not, + now ] all young people should be able to do something, /"
sv,A,but/CC --/:,{C but } --
b,B,Uh-huh/UH ./.,Uh-huh. /
+,A,"--/: not/RB all/DT certainly/RB would/MD be/VB geared/VBN to/IN ,/, even/RB the/DT ,/, the/DT Mormon/NNP boys/NNS that/WDT go/VBP out/RB ,/, not/RB all/DT of/IN them/PRP go/VBP ,/,","-- not all certainly would be geared to, even [ the, + the ] Mormon boys that go out, not all of them go, /"
sv,A,I/PRP mean/VBP --/:,{E I mean } --
b,B,Right/UH ./.,Right. /
+,A,"--/: it/PRP 's/BES disaster/NN if/IN they/PRP do/VBP n't/RB go/VB ,/,","-- it's disaster if they don't go, /"
sv,A,but/CC --/:,[ {C but } + --
b,B,"Oh/UH ,/, right/UH ./.","{F Oh, } right. /"
+,A,"--/: but/CC some/DT of/IN them/PRP are/VBP not/RB ,/,","-- {C but } ] some of them are not, - /"
sv,A,they/PRP 're/VBP just/RB not/RB made/VBN to/TO do/VB that/DT type/NN of/IN thing/NN --/:,they're just not made to do that type of thing -- /
b,B,"Uh-huh/UH ,/,","Uh-huh, /"
b,B,uh-huh/UH ./.,uh-huh. /
sv,A,--/: and/CC they/PRP just/RB are/VBP n't/RB able/JJ to/TO do/VB it/PRP ./.,-- {C and } they just aren't able to do it. /
b,B,"Yeah/UH ,/,","Yeah, /"
b,B,"yeah/UH ,/,","yeah, /"
b,B,"so/RB ,/, um/UH ,/, yeah/UH ,/,","{C so, } {F um, } yeah, /"
sv,B,it/PRP 'd/MD be/VB good/JJ,it'd be good /
sv,B,"but/CC like/IN I/PRP said/VBD ,/, requiring/VBG it/PRP would/MD be/VB ,/, uh/UH ,/,","{C but } like I said, requiring it would be, {F uh, } -/"
