act_tag,speaker,pos,text
"fo_o_fw_""_by_bc",A,"Okay/UH ,/,","Okay, /"
sd,A,I/PRP guess/VBP its/PRP$ recording/NN ./.,I guess its recording. /
qw,A,"Um/UH ,/, what/WDT kind/NN of/IN hobbies/NNS do/VBP you/PRP have/VB ?/.","{F Um, } what kind of hobbies do you have? /"
qy,A,Do/VBP you/PRP sing/VB or/CC knit/VB or/CC anything/NN ?/.,Do you sing or knit or anything? /
sd,B,"Well/UH ,/, I/PRP ,/, um/UH ,/, I/PRP do/VBP cross-stitch/NN","{D Well, } [ I, + {F um, } I ] do cross-stitch /"
sd,B,and/CC I/PRP enjoy/VBP reading/VBG and/CC playing/VBG softball/NN ./.,{C and } I enjoy reading and playing softball. /
bk,A,Okay/UH ./.,Okay. /
sd,A,"I/PRP ,/, uh/UH ,/, I/PRP started/VBD knitting/VBG awhile/RB ago/RB ,/,","[ I, + {F uh, } I ] started knitting awhile ago, /"
%,A,I/PRP knitted/VBD,I knitted - /
sd,A,"I/PRP did/VBD n't/RB know/VB ,/, even/RB know/VB what/WP the/DT stitch/NN is/VBZ called/VBN ./.","I didn't [ know, + even know ] what the stitch is called. /"
sd,A,"I/PRP just/RB had/VBD this/DT ,/, uh/UH ,/, uh/UH ,/, piece/NN of/IN yarn/NN","I just had this, {F uh, } {F uh, } piece of yarn /"
sd,A,and/CC I/PRP wanted/VBD to/TO start/VB something/NN,{C and } I wanted to start something /
sd,A,so/RB I/PRP remembered/VBD something/NN I/PRP learned/VBD I/PRP think/VBP when/WRB I/PRP was/VBD five/CD years/NNS old/JJ,{C so } I remembered something I learned I think when I was five years old /
sd,A,"./. So/RB I/PRP kept/VBD doing/VBG that/DT ,/,","[ <laughter>. + ] {C So } I kept doing that, /"
sd,A,and/CC now/RB I/PRP have/VBP a/DT little/JJ blanket/NN,{C and } now I have a little blanket /
sd,A,but/CC that/DT 's/BES all/DT I/PRP 've/VBP done/VBN ./.,{C but } that's all I've done. /
b,B,"Oh/UH ,/, really/UH ./.","{F Oh, } really. /"
b,A,Uh/UH ./.,{F Uh. } /
sd,B,"Well/UH ,/, I/PRP know/VBP that/IN I/PRP learned/VBD how/WRB to/TO knit/VB one/CD time/NN and/CC ,/, um/UH ,/, made/VBD a/DT few/JJ things/NNS","{D Well, } I know that I learned how to knit one time and, {F um, } made a few things /"
sd,B,but/CC I/PRP have/VBP n't/RB done/VBN it/PRP in/IN so/RB long/RB that/IN I/PRP probably/RB would/MD n't/RB remember/VB how/WRB ./.,{C but } I haven't done it in so long that I probably wouldn't remember how <laughter>. /
qy,A,Do/VBP you/PRP make/VBP sweaters/NNS and/CC things/NNS or/CC just/RB blankets/NNS ?/.,Do you make sweaters and things or just blankets? /
sd,B,"Well/UH ,/, if/IN I/PRP remember/VBP I/PRP think/VBP we/PRP made/VBD some/DT ,/, like/IN Christmas/NNP stockings/NNS ,/,","{D Well, } if I remember I think we made some, {D like } Christmas stockings, /"
sd,B,"you/PRP could/MD make/VB the/DT ,/, like/IN the/DT granny/NN squares/NNS or/CC whatever/WDT ,/,","you could make [ the, + {D like } the ] granny squares or whatever,"
b,A,Uh-huh/UH ./.,Uh-huh. /
+,B,and/CC sew/VB them/PRP together/RB and/CC make/VB Christmas/NNP stockings/NNS and/CC maybe/RB some/DT slippers/NNS or/CC something/NN like/IN that/DT ./.,and sew them together and make Christmas stockings and maybe some slippers or something like that. /
b,A,Oh/UH ./.,Oh. /
ba,A,I/PRP see/VBP ./.,I see. /
sd,B,Nothing/NN as/RB big/JJ as/IN a/DT blanket/NN ./.,Nothing as big as a blanket. /
b,A,Huh/UH ./.,{F Huh. } /
sd,B,I/PRP know/VBP that/IN my/PRP$ husband/NN 's/POS grandmother/NN does/VBZ a/DT lot/NN of/IN that/DT ./.,I know that my husband's grandmother does a lot of that. /
b,A,Uh-huh/UH ./.,Uh-huh. /
sd,B,And/CC she/PRP makes/VBZ a/DT lot/NN of/IN afghans/NNS and/CC all/PDT that/DT kind/NN of/IN stuff/NN,{C And } she makes a lot of afghans and all that kind of stuff /
%,B,"but/CC ,/,","{C but, } -/"
sd,A,I/PRP probably/RB wo/MD n't/RB make/VB anything/NN beyond/IN this/DT blanket/NN ./.,I probably won't make anything beyond this blanket <laughter>. /
x,B,,<Laughter>.
h,A,I/PRP do/VBP n't/RB know/VB why/WRB ./.,I don't know why. /
sv,A,It/PRP 's/BES just/RB too/RB time/NN consuming/VBG ./.,It's just too time consuming. /
b,B,"Yeah/UH ,/,","Yeah, /"
qy,B,do/VBP you/PRP have/VB any/DT other/JJ hobbies/NNS ?/.,do you have any other hobbies? /
sd,A,"Um/UH ,/, I/PRP like/VBP to/TO sing/VB ./.","{F Um, } I like to sing. /"
sd,A,I/PRP 've/VBP been/VBN trying/VBG to/TO get/VB some/DT wedding/NN gigs/NNS and/CC things/NNS like/IN that/DT ./.,I've been trying to get some wedding gigs and things like that. /
ba,B,"Oh/UH ,/, well/UH that/DT 's/BES good/JJ ./.","{F Oh, } {D well } that's good. /"
sd,A,"Um/UH ,/, right/RB now/RB my/PRP$ actual/JJ job/NN is/VBZ a/DT news/NN reporter/NN ./.","{F Um, } right now my actual job is a news reporter. /"
sd,A,"But/CC ,/, uh/UH ,/, if/IN I/PRP could/MD do/VB anything/NN I/PRP wanted/VBD to/TO do/VB ,/, it/PRP would/MD be/VB to/TO sing/VB professionally/RB ./.","{C But, } {F uh, } if I could do anything I wanted to do, it would be to sing professionally. /"
%,A,"But/CC um/UH ,/,","{C But } {F um, } -/"
qy,B,So/RB are/VBP you/PRP on/IN the/DT T/NN V/NN then/RB ?/.,{C So } are you on the T V then? /
ny,A,"Yes/UH ,/,","Yes, /"
b,A,uh-huh/UH ./.,uh-huh. /
b,B,Oh/UH ./.,Oh. /
%,A,"I/PRP 'm/VBP in/IN ,/, uh/UH ,/,","I'm in, {F uh, } - /"
sd,A,I/PRP work/VBP for/IN channel/NN six/CD in/IN Waco/NNP ./.,I work for channel six in Waco. /
bk,B,"Oh/UH ,/, okay/UH ./.","{F Oh, } okay. /"
sd,A,And/CC so/RB I/PRP do/VBP little/JJ news/NN reports/NNS and/CC things/NNS ./.,{C And so } I do little news reports and things. /
sd,A,"It/PRP 's/BES not/RB as/RB exciting/JJ as/IN it/PRP ,/,","It's not as exciting as it <laughter>,"
x,B,,<Laughter>.
+,A,as/IN it/PRP sounds/VBZ ./.,as it sounds. /
%,A,"But/CC ,/, um/UH ,/,","{C But, } {F um, } -/"
qy,B,So/RB you/PRP do/VBP n't/RB have/VB too/RB much/JJ time/NN for/IN hobbies/NNS ?/.,{C So } you don't have too much time for hobbies? /
nn,A,"No/UH ,/,","No, /"
sd,A,"not/RB much/JJ ,/,","not much, /"
sd,A,"um/UH ,/, my/PRP$ day/NN is/VBZ usually/RB pretty/RB full/JJ ./.","{F um, } my day is usually pretty full. /"
b,B,Yeah/UH ./.,Yeah. /
sd,A,"My/PRP$ schedule/NN is/VBZ like/IN from/IN nine/CD to/IN five/CD thirty/CD ,/,","My schedule is like from nine to five thirty, /"
sd,A,"but/CC I/PRP could/MD be/VB at/IN work/NN from/IN anytime/RB ,/, you/PRP know/VBP ,/, from/IN nine/CD until/IN nine/CD at/IN night/NN or/CC ten/CD or/CC whatever/WDT ,/,","{C but } I could be at work from anytime, {D you know, } from nine until nine at night or ten or whatever, /"
sd,A,"so/RB it/PRP 's/BES hard/JJ to/TO make/VB plans/NNS much/RB less/JJR ,/, you/PRP know/VBP ,/, have/VBP a/DT hobby/NN ./.","{C so } it's hard to make plans much less, {D you know, } have a hobby. /"
b,B,Yeah/UH,Yeah /
x,B,./.,<laughter>.
qw,A,so/RB ./. What/WP do/VBP you/PRP do/VB ?/.,{C so. } What do you do? /
b,B,Um/UH ./.,{F Um. } /
sd,A,Normally/RB ./.,Normally. /
sd,B,I/PRP 'm/VBP a/DT housewife/NN ./.,I'm a housewife. /
bk,A,"Oh/UH ,/, okay/UH ./.","{F Oh, } okay. /"
sd,B,"So/RB ,/, unless/IN the/DT kids/NNS are/VBP asleep/RB I/PRP do/VBP n't/RB get/VB ,/, usually/RB get/VB much/JJ done/VBN either/RB ./.","{C So, } unless the kids are asleep I don't [ get, + usually get ] much done either <laughter>. /"
b,A,Uh-huh/UH,Uh-huh /
x,A,./.,<throat_clearing>.
sd,B,"But/CC I/PRP 've/VBP made/VBN a/DT ,/, um/UH ,/, few/JJ things/NNS ,/, cross-stitch/NN things/NNS ./.","{C But } I've made a, {F um, } few things, cross-stitch things. /"
sd,B,I/PRP really/RB enjoy/VBP doing/VBG that/DT ./.,I really enjoy doing that. /
b,A,Uh-huh/UH ./.,Uh-huh. /
sd,B,"And/CC um/UH ,/, I/PRP made/VBD ,/, uh/UH ,/, like/UH stockings/NNS for/IN both/DT my/PRP$ children/NNS and/CC a/DT Christmas/NNP tree/NN shirt/NN and/CC that/DT ,/,","{C And } {F um, } I made, {F uh, } {D like } stockings for both my children and a Christmas tree shirt and that,"
b,A,Oh/UH ./.,Oh. /
+,B,"type/NN of/IN thing/NN ,/,","type of thing, /"
sd,B,and/CC it/PRP just/RB takes/VBZ a/DT long/JJ time/NN to/TO get/VB it/PRP done/VBD,{C and } it just takes a long time to get it done /
sd,B,"but/CC ,/, you/PRP know/VBP ,/, once/RB you/PRP 've/VBP done/VBN something/NN like/IN that/DT it/PRP kind/NN of/IN makes/VBZ you/PRP feel/VBP good/JJ ,/, to/TO ,/,","{C but, } {D you know, } once you've done something like that it kind of makes you feel good, [ to, +"
b,A,Right/UH ./.,Right. /
+,B,to/TO see/VB it/PRP ./.,to ] see it. /
sd,A,"I/PRP show/VBD ,/, I/PRP showed/VBD mine/PRP to/IN my/PRP$ boyfriend/NN","[ I show-, + I showed ] mine to my boyfriend /"
sd,A,"and/CC he/PRP was/VBD like/IN ,/, you/PRP did/VBD n't/RB make/VB that/DT ./.","{C and } he was like, you didn't make that. /"
bh,B,Really/UH ?/. ./.,Really? <laughter>. /
ny,A,"Oh/UH ,/, yeah/UH ,/,","{F Oh, } yeah, /"
sd,A,"it/PRP looks/VBZ ,/, uh/UH ,/, halfway/RB decent/JJ","it looks, {F uh, } halfway decent /"
sd,A,"actually/UH ,/, first/JJ thing/NN I/PRP did/VBD","{D actually, } <laughter> first thing I did /"
sd,B,I/PRP guess/VBP you/PRP can/MD make/VB baby/NN blankets/NNS that/WDT would/MD n't/RB take/VB as/IN long/JJ ./.,I guess you can make baby blankets that wouldn't take as long <noise>. /
qw,A,How/WRB many/JJ children/NNS do/VBP you/PRP have/VB ?/.,How many children do you have? /
sd,B,Two/CD ./.,Two. /
bk,A,"Oh/UH ,/, okay/UH ./.","{F Oh, } okay. /"
sd,A,I/PRP hear/VBP them/PRP in/IN the/DT background/NN there/RB ./.,I hear them in the background (( there )) . /
b,B,Yeah/UH,Yeah /
x,B,./.,<laughter>.
b,A,"All/RB right/JJ ,/,","All right, /"
sv,A,that/DT 's/BES a/DT hobby/NN in/IN itself/PRP ./.,that's a hobby in itself. /
ar,B,Not/RB quite/RB ./.,Not (( quite )) <laughter>. /
sv,A,A/DT job/NN in/IN itself/PRP ./.,<Laughter> A job in itself. /
aa,B,"It/PRP 's/BES a/DT fulltime/NN job/NN ,/,","It's a fulltime job, /"
%,B,yeah/UH ./.,yeah. /
sd,A,"Right/UH now/UH I/PRP was/VBD just/RB sitting/VBG here/RB watching/VBG T/NN V/NN ,/,","<Laughter> Right now I was just sitting here watching T V, /"
sd,A,I/PRP was/VBD getting/VBG ready/JJ to/TO fall/VB asleep/RB ./.,I was getting ready to fall asleep. /
qy,B,"So/RB ,/, um/UH ,/, have/VBP you/PRP sang/VBN at/IN any/DT weddings/NNS yet/RB ?/.","{C So, } {F um, } have you sang at any weddings yet? /"
ny,A,"Yeah/UH ,/,","Yeah, /"
sd,A,I/PRP sang/VBD at/IN one/CD last/JJ summer/NN ./.,I sang at one last summer. /
sd,A,"Um/UH ,/, it/PRP was/VBD my/PRP$ first/JJ wedding/NN ./.","{F Um, } it was my first wedding. /"
sd,A,"I/PRP 've/VBP done/VBN ,/, um/UH ,/, little/JJ commercials/NNS and/CC background/NN singing/VBG","I've done, {F um, } little commercials and background singing /"
sd,A,"and/CC ,/, um/UH ,/, I/PRP sang/VBD all/DT through/IN college/NN and/CC things/NNS like/IN that/DT","{C and, } {F um, } I sang all through college and things like that /"
sd,A,"but/CC I/PRP really/RB have/VBP n't/RB done/VBN anything/NN really/UH ,/, professional/JJ per/FW se/FW ./.","{C but } I really haven't done anything really, professional per se. /"
b,B,Uh-huh/UH ./.,Uh-huh. /
sd,A,But/CC I/PRP did/VBD one/CD wedding/NN last/JJ year/NN,{C But } I did one wedding last year /
sd,A,"and/CC ,/, uh/UH ,/, I/PRP just/RB now/RB got/VBD some/DT cards/NNS together/RB ,/, kind/NN of/IN ,/, uh/UH ,/, business/NN cards/NNS that/WDT say/VBP ,/,","{C and, } {F uh, } I just now got some [ cards together, kind of, + {F uh, } business cards ] that say,"
b,B,Uh-huh/UH ./.,Uh-huh. /
+,A,"singer/NN ,/,","singer, /"
sd,A,"and/CC what/WP does/VBZ it/PRP say/VBP ,/, a/DT song/NN makes/VBZ beautiful/JJ wedding/NN or/CC something/NN ,/,","{C and } what does it say, a song makes beautiful wedding or something, /"
sd,A,"and/CC I/PRP 've/VBP been/VBN passing/VBG them/PRP out/IN to/IN different/JJ wedding/NN shops/NNS ,/,","{C and } I've been passing them out to different wedding shops, /"
sd,A,"I/PRP mean/VBP when/WRB someone/NN comes/VBZ in/RB ,/,","{E I mean } when someone comes in,"
sv,B,"Oh/UH ,/, that/DT 's/BES a/DT good/JJ place/NN ,/,","{F Oh, } that's a good place, /"
%,B,yeah/UH ./.,yeah. /
+,A,"you/PRP know/VBP ,/, for/IN a/DT wedding/NN ,/, for/IN a/DT wedding/NN dress/NN ,/,","{D you know, } [ for a wedding, + for a wedding ] dress,"
b,B,Uh-huh/UH ./.,Uh-huh. /
+,A,"and/CC they/PRP ,/, they/PRP might/MD ask/VB about/IN it/PRP ./.","[ and + ] [ they, + they ] might ask about it. /"
sd,A,"This/DT one/CD woman/NN even/RB wanted/VBD me/PRP to/TO bring/VB my/PRP$ tape/NN in/IN because/IN I/PRP have/VBP a/DT demo/NN tape/NN ,/, you/PRP know/VBP ,/, if/IN any/DT one/CD wants/VBZ to/TO listen/VB ./.","This one woman even wanted me to bring my tape in because I have a demo tape, {D you know, } if any one wants to listen. /"
b,B,Yeah/UH ./.,Yeah. /
sd,A,"And/CC ,/, uh/UH ,/, she/PRP wanted/VBD me/PRP to/TO bring/VB it/PRP in/IN ,/,","{C And, } {F uh, } she wanted me to bring it in, /"
sd,A,she/PRP 's/BES going/VBG to/TO play/VB it/PRP on/IN Saturday/NNP,she's going to play it on Saturday /
sd,A,"so/RB that/DT would/MD be/VB great/JJ ,/,","{C so } <laughter> that would be great,"
b,B,Yeah/UH,Yeah /
x,B,./.,<laughter>.
+,A,"if/IN someone/NN came/VBD and/CC heard/VBD it/PRP ,/, and/CC they/PRP were/VBD like/IN ,/, I/PRP want/VBP that/DT voice/NN ,/,","if someone came and heard it, and they were like, I want that voice, /"
sd,A,"but/CC ,/, ./.","{C but, } <breathing>."
ba,B,"Well/UH ,/, that/DT 's/BES good/JJ ./.","{D Well, } that's good. /"
+,A,"I/PRP have/VBP n't/RB got/VBN any/DT calls/NNS ,/, yet/RB","I haven't got any calls, yet /"
sd,A,but/CC I/PRP only/RB just/RB put/VBP them/PRP out/RP this/DT week/NN,{C but } I only just put them out this week /
b,B,Yeah/UH ./.,Yeah. /
sv,A,"and/CC it/PRP 's/BES the/DT wedding/NN season/NN ,/, I/PRP guess/VBP ./.","{C and } it's the wedding season, I guess. /"
aa,B,"Oh/UH ,/, that/DT 's/BES true/JJ ./.","{F Oh, } that's true. /"
b,A,Uh-huh/UH ./.,Uh-huh. /
qy,B,"Make/VB your/PRP$ hobby/NN into/IN a/DT business/NN ,/, that/DT would/MD be/VB pretty/RB good/JJ ,/, huh/UH ?/.","Make your hobby into a business, that would be pretty good, {F huh? } /"
ny,A,"Yeah/UH ,/,","Yeah, /"
sd,A,that/DT would/MD be/VB great/JJ ./.,that would be great. /
sd,A,Then/RB I/PRP could/MD be/VB getting/VBG paid/VBN for/IN something/NN I/PRP love/VBP to/TO do/VB ./.,Then I could be getting paid for something I love to do. /
b,B,Yeah/UH,Yeah /
x,B,./.,<laughter>.
sd,A,"Not/RB that/IN I/PRP do/VBP n't/RB like/VB reporting/NN ,/,","Not that I don't like reporting, /"
sd,A,"but/CC ,/, I/PRP 'd/MD love/VB it/PRP ./.","{C but, } I'd love it. /"
qy,B,"Did/VBD you/PRP have/VBP training/NN in/IN singing/NN when/WRB you/PRP were/VBD ,/,","Did you have training in singing when you were,"
x,A,,<Throat_clearing>.
+,B,younger/JJR then/RB,younger then /
%,B,"or/CC ,/,","{C or, } -/"
nn,A,"No/UH ,/,","No, /"
sd,A,"I/PRP 've/VBP never/RB ,/, I/PRP 've/VBP never/RB had/VBN ,/, uh/UH ,/, formal/JJ training/NN ./.","[ I've never, + I've never ] had, {F uh, } formal training. /"
sd,A,I/PRP 've/VBP just/RB been/VBN singing/VBG every/DT chance/NN I/PRP get/VBP ./.,I've just been singing every chance I get. /
sd,A,"I/PRP try/VBP ,/, you/PRP know/VBP ,/,","I try, {D you know, }"
qy,B,Choirs/NNS and/CC that/DT kind/NN of/IN stuff/NN ?/.,Choirs and that kind of stuff? /
+,A,in/IN school/NN,in school /
%,A,"and/CC ,/, yeah/UH ,/,","{C and, } yeah, /"
b^m,A,choirs/NNS,choirs /
na,A,"and/CC ,/, um/UH ,/, when/WRB I/PRP was/VBD at/IN U/NNP T/NNP ,/, I/PRP was/VBD in/IN a/DT group/NN called/VBN Ensemble/NNP One/CD oh/UH Nine/CD ,/, just/RB twelve/CD singers/NNS","{C and, } {F um, } when I was at U T, I was in a group called Ensemble One oh Nine, just twelve singers /"
sd,A,"and/CC we/PRP did/VBD ,/, uh/UH ,/, little/JJ conventions/NNS and/CC ,/, um/UH ,/, uh/UH ,/, like/IN dinner/NN parties/NNS and/CC things/NNS like/IN that/DT ./.","{C and } we did, {F uh, } little conventions and, {F um, } {F uh, } like dinner parties and things like that. /"
b,B,Huh/UH ./.,{F Huh. } /
sd,A,Sing/VB pop/NN music/NN ./.,Sing pop music. /
ba,B,"Well/UH ,/, that/DT 's/BES nice/JJ ./.","{D Well, } that's nice. /"
sd,A,"So/RB ,/, that/DT 's/BES what/WP got/VBD me/PRP really/RB ,/, really/RB interested/JJ in/IN it/PRP ./.","{C So, } that's what got me really, really interested in it. /"
b,B,Uh-huh/UH ./.,Uh-huh. /
sd,A,"So/RB I/PRP 'm/VBP trying/VBG to/TO be/VB sensible/JJ ,/, sensible/JJ ,/, too/RB ,/, at/IN the/DT same/JJ time/NN ./.","{C So } I'm trying to be [ sensible, + sensible, ] too, at the same time. /"
b,B,"Yeah/UH ,/,","Yeah, /"
^2,B,not/RB just/RB give/VB up/RP your/PRP$ job/NN and/CC jump/VB right/RB into/IN it/PRP ./.,not just give up your job and jump right into it <laughter>. /
aa,A,"Yeah/UH ,/,","Yeah, /"
aa,A,exactly/UH ./.,exactly. /
sd,A,My/PRP$ parents/NNS would/MD have/VB a/DT fit/NN probably/RB ./.,My parents would have a fit probably. /
x,B,,<Laughter>.
%,A,"But/CC ,/, uh/UH ,/, I/PRP think/VBP ,/,","{C But, } {F uh, } I think, - /"
sd,A,"I/PRP either/DT have/NN a/DT call/NN or/CC ,/,","I {C either } have a call {C or, } - /"
%,A,"yeah/UH ,/,","yeah, /"
sd,A,"I/PRP do/VBP have/VB a/DT call/NN ,/,","I do have a call, /"
ad,A,hold/VB on/IN one/CD second/NN ./.,hold on one second. /
aa,B,Uh-huh/UH,Uh-huh /
x,B,./.,<children_talking> <noise>. <<Long pause in conversation.>>
fp,A,Hello/UH ./.,Hello. /
ny,B,Yes/UH ./.,Yes. /
ny,A,"Yes/UH ,/,","Yes, /"
b,A,okay/UH,okay /
sd,A,"that/DT 's/BES my/PRP$ mother/NN on/IN the/DT other/JJ line/NN ,/,","that's my mother on the other line, /"
sd,A,"I/PRP need/VBP to/TO go/VB ,/,","I need to go, /"
b,B,Oh/UH ./.,Oh. /
sv,A,"but/CC ,/, um/UH ,/, I/PRP think/VBP we/PRP are/VBP suppose/VBP to/TO talk/VB for/IN ten/CD minutes/NNS","{C but, } {F um, } I think we are suppose to talk for ten minutes /"
qy,A,are/VBP we/PRP suppose/VBP to/TO hear/VB a/DT beep/NN or/CC anything/NN ?/.,are we suppose to hear a beep or anything? /
h,B,"I/PRP do/VBP n't/RB know/VB ,/,","I don't know, /"
sd,B,I/PRP 've/VBP only/RB done/VBN this/DT one/CD other/JJ time/NN,I've only done this one other time /
sd,B,and/CC I/PRP thought/VBD that/IN the/DT man/NN told/VBD me/PRP five/CD minutes/NNS ./.,{C and } I thought that the man told me five minutes. /
bk,A,"Oh/UH ,/, okay/UH ,/,","{F Oh, } okay, /"
sd,A,my/PRP$ mother/NN said/VBD ten/CD minutes/NNS,my mother said ten minutes /
h,A,"so/RB ,/, I/PRP do/VBP n't/RB know/VB ./.","{C so, } I don't know. /"
b,B,"Oh/UH ,/, okay/UH ./.","{F Oh, } okay. /"
b^m,A,"But/CC ,/, uh/UH ,/, okay/UH","{C But, } {F uh, } okay /"
fc,A,"well/UH ,/, it/PRP was/VBD nice/JJ talking/VBG to/IN you/PRP","{D well, } it was nice talking to you /"
fc,A,"and/CC ,/,","[ {C and, } +"
fc,B,"It/PRP was/VBD nice/JJ talking/NN to/IN you/PRP ,/, too/RB ,/,","It was nice talking to you, too, /"
fc,B,good/JJ luck/NN with/IN your/PRP$ singing/NN ./.,good luck with your singing. /
+,A,and/CC good/JJ luck/NN with/IN your/PRP$ hobbies/NNS ./.,{C and ] } good luck with your hobbies <laughter>. /
fc,B,"Okay/UH ,/,","Okay, /"
fc,B,bye/UH ./.,bye. /
fc,A,"Thanks/UH ,/,","Thanks, /"
fc,A,bye/UH ./.,bye. /
