act_tag,speaker,pos,text
"fo_o_fw_""_by_bc",A,"Okay/UH ,/, um/UH ,/,","Okay, {F um, } /"
^h,A,let/VB 's/PRP see/VB ./.,let's see. /
qo,A,How/WRB do/VBP you/PRP feel/VB about/IN credit/NN cards/NNS ?/.,How do you feel about credit cards? /
sd,B,"Personally/RB ,/, I/PRP do/VBP not/RB care/VB for/IN them/PRP ./. Uh/UH ,/, although/IN I/PRP find/VBP them/PRP a/DT necessity/NN in/IN business/NN and/CC so/RB forth/RB ,/,","<Laughter> Personally, I do not care for them. {F Uh, } although I find them a necessity in business and so forth, /"
sd,B,"I/PRP ,/, I/PRP try/VBP to/TO refrain/VB from/IN their/PRP$ use/NN as/RB much/RB as/IN possible/JJ ./. Um/UH ,/, for/IN a/DT number/NN of/IN reasons/NNS ,/, one/CD of/IN which/WDT is/VBZ the/DT ,/, you/PRP know/VBP ,/, extreme/JJ interest/NN rate/NN on/IN most/JJS of/IN them/PRP ./.","[ I, + I ] try to refrain from their use as much as possible. {F Um, } for a number of reasons, one of which is the, {D you know, } extreme interest rate on most of them. /"
b,A,Uh-huh/UH ./.,Uh-huh. /
sd,B,"The/DT one/NN I/PRP use/VBP ,/, uh/UH ,/, of/IN course/NN ,/, for/IN mostly/RB ,/, only/RB for/IN business/NN purposes/NNS is/VBZ ,/, uh/UH ,/, you/PRP know/VBP ,/, American/NNP Express/NNP ./.","The one I use, {F uh, } of course, [ for + mostly, only for ] business purposes is, {F uh, } {D you know, } American Express. /"
b,A,Right/UH ./.,Right. /
sd,B,"And/CC ,/, uh/UH ,/, I/PRP 'm/VBP not/RB I/PRP 'm/VBP not/RB terribly/RB in/IN favor/NN of/IN them/PRP ./.","{C And, } {F uh, } <breathing> [ I'm not + <breathing> I'm not ] terribly in favor of them. /"
sd,B,"Not/RB for/IN my/PRP$ own/JJ personal/NN ,/, uh/UH ,/, point/NN of/IN view/NN ./.","Not for my own personal, {F uh, } point of view. /"
b,A,Right/UH ./.,Right. /
sd,B,"Plus/IN it/PRP ,/, uh/UH ,/, has/VBZ ,/, you/PRP know/VBP ,/, from/IN an/DT economic/JJ point/NN of/IN view/NN it/PRP has/VBZ increased/VBN our/PRP$ debt/NN --/:","Plus [ it, {F uh, } has, + {D you know, } from an economic point of view it has ] increased our debt --"
b,A,Yeah/UH ./.,Yeah. /
+,B,--/: tremendously/RB --/:,-- tremendously --
b,A,Right/UH ./.,Right. /
+,B,"--/: to/IN the/DT tune/NN of/IN somewhere/RB on/IN the/DT order/NN of/IN five/CD to/IN ten/CD billion/CD ,/, I/PRP believe/VBP --/:","-- to the tune of somewhere on the order of five to ten billion, I believe -- /"
ba,A,Wow/UH ./.,Wow. /
sd,B,"--/: uh/UH ,/, at/IN least/JJS that/IN 's/BES one/CD number/NN for/IN this/DT range/NN of/IN numbers/NNS I/PRP have/VBP ,/, I/PRP have/VBP heard/VBN ./.","-- {F uh, } at least that's one number for this range of numbers [ I have, + I have ] heard. /"
b,A,Right/UH ./.,Right. /
qy,B,Do/VBP you/PRP use/VB them/PRP frequently/RB,Do you use them frequently /
%,B,"or/CC ,/,","{C or, } -/"
sd,A,"Well/UH ,/, we/PRP ,/, uh/UH ,/, me/PRP and/CC my/PRP$ wife/NN ,/, when/WRB ,/, when/WRB we/PRP have/VBP like/IN extra/JJ money/NN that/WDT we/PRP know/VBP we/PRP 're/VBP going/VBG to/TO have/VB ,/, and/CC we/PRP can/MD put/VB it/PRP in/IN our/PRP$ budget/NN ,/, yeah/UH ,/, we/PRP 'll/MD ,/, we/PRP 'll/MD use/VB it/PRP ./.","{D Well, } [ we, + {F uh, } me and my wife, ] [ when, + when ] we have {D like } extra money that we know we're going to have, and we can put it in our budget, yeah, [ we'll, + we'll ] use it. /"
sd,A,"But/CC like/IN last/JJ year/NN ,/, I/PRP think/VBP we/PRP paid/VBD ,/,","{C But } {D like } last year, I think we paid, - /"
sd,A,"I/PRP think/VBP it/PRP was/VBD like/IN twenty/CD something/NN cents/NNS interest/NN ,/,","I think it was like twenty something cents interest,"
x,B,./.,<Laughter>.
+,A,on/IN our/PRP$ Visa/NNP ./.,on our Visa. /
b,B,Uh-huh/UH ./.,Uh-huh. /
sd,A,"And/CC I/PRP think/VBP this/DT ,/, this/DT year/NN we/PRP ,/, uh/UH ,/, I/PRP think/VBP we/PRP used/VBD it/PRP for/IN Christmas/NNP ,/,","{C And } I think [ this, + this ] year [ we, + {F uh, } I think we ] used it for Christmas, /"
sd,A,and/CC we/PRP got/VBD caught/VBN just/RB a/DT few/JJ days/NNS on/IN our/PRP$ grace/NN period/NN ./.,{C and } we got caught just a few days on our grace period. /
sd,A,"And/CC ,/, uh/UH ,/, so/RB we/PRP 'll/MD pay/VB a/DT little/JJ interest/NN this/DT year/NN ,/, but/CC maybe/RB two/CD dollars/NNS ./.","[ {C And, } + {F uh, } {C so } ] we'll pay a little interest this year, but maybe two dollars. /"
sd,A,But/CC we/PRP do/VBP n't/RB like/VB to/TO do/VB that/DT at/IN all/DT ./.,{C But } we don't like to do that at all. /
b,B,Yes/UH ./.,Yes. /
sd,A,"And/CC ,/, you/PRP know/VBP ,/, we/PRP ,/, I/PRP think/VBP we/PRP feel/VBP about/RB the/DT same/JJ way/NN you/PRP do/VBP real/RB strongly/RB ./.","{C And, } {D you know, } [ we, + I think we ] feel about the same way you do real strongly. /"
sd,A,"We/PRP ,/, uh/UH ,/, we/PRP have/VBP several/JJ credit/NN cards/NNS ,/, though/RB ./.","[ We, + {F uh, } we ] have several credit cards, though. /"
sd,A,"We/PRP have/VBP a/DT gas/NN card/NN ,/, our/PRP$ Visa/NNP ,/, and/CC then/RB ,/, of/IN course/NN ,/, the/DT American/NNP Express/NNP ,/,","We have a gas card, our Visa, and then, of course, the American Express, /"
sd,A,and/CC I/PRP think/VBP we/PRP have/VBP a/DT couple/NN of/IN department/NN stores/NNS ./.,{C and } I think we have a couple of department stores. /
b,B,Uh-huh/UH ./.,Uh-huh. /
sd,A,"But/CC ,/, we/PRP use/VBP it/PRP the/DT same/JJ way/NN ,/,","{C But, } we use it the same way, /"
%,A,"and/CC ,/, uh/UH ,/,","{C and, } {F uh, } -/"
sd,B,"I/PRP find/VBP the/DT one/CD I/PRP use/VBP mostly/RB ,/, uh/UH ,/,","I find the one I use mostly, {F uh, } - /"
sd,B,"aside/IN from/IN the/DT American/NNP Express/NNP ,/, I/PRP do/VBP use/VB my/PRP$ Sears/NNP card/NN ./.","aside from the American Express, I do use my Sears card. /"
b,A,Uh-huh/UH ./.,Uh-huh. /
sd,B,"But/CC ,/, uh/UH ,/, I/PRP try/VBP ,/, a-/RB ,/, as/RB with/IN the/DT American/NNP Express/NNP ,/, I/PRP try/VBP to/TO pay/VB it/PRP ,/, you/PRP know/VBP ,/, as/IN it/PRP comes/VBZ in/IN ./.","{C But, } {F uh, } [ I try, + [ a-, + as ] with the American Express, I try ] to pay it, {D you know, } as it comes in. /"
b,A,Right/UH ./.,Right. /
b,A,Right/UH ./.,Right. /
%,B,"So/UH ,/, uh/UH ,/,","{D So, } {F uh, } -/"
sd,A,"It/PRP 's/BES ,/, it/PRP 's/BES not/RB uncommon/JJ for/IN us/PRP to/TO have/VB paid/VBN it/PRP before/IN we/PRP even/RB get/VB the/DT bill/NN ./.","[ It's, + it's ] not uncommon for us to have paid it before we even get the bill. /"
sd,A,That/DT 's/BES usually/RB how/WRB we/PRP do/VBP it/PRP ./.,That's usually how we do it. /
sd,B,"I/PRP know/VBP when/WRB I/PRP travel/VBP ,/, or/CC when/WRB I/PRP used/VBD to/TO travel/VB overseas/RB quite/RB a/DT bit/NN ,/, what/WP I/PRP would/MD do/VB on/IN my/PRP$ American/NNP Express/NNP card/NN is/VBZ before/IN I/PRP would/MD ,/, before/IN I/PRP left/VBD I/PRP would/MD mail/VB a/DT check/NN to/IN ,/, to/IN American/NNP Express/NNP --/:","I know [ when I travel, + {E or } when I used to travel overseas quite a bit, ] what I would do on my American Express card is [ before I would, + before I left ] I would mail a check [ to, + to ] American Express --"
b,A,Uh-huh/UH ./.,Uh-huh. /
+,B,"--/: and/CC ,/, you/PRP know/VBP ,/, have/VB some/DT idea/NN of/IN how/WRB much/RB was/VBD there/RB ,/, you/PRP know/VBP ,/, I/PRP 'd/VBD sent/VBD them/PRP ,/, you/PRP know/VBP ,/, several/JJ hundred/CD dollars/NNS ,/, or/CC whatever/WDT --/:","-- and, {D you know, } have some idea of how much was there, {D you know, } {A I'd sent them, {D you know, } several hundred dollars, or whatever --"
b,A,Uh-huh/UH ./.,Uh-huh. /
+,B,--/: I/PRP felt/VBD I/PRP would/MD spend/VB ./.,-- I felt I would spend. }
b,A,Yeah/UH ./.,Yeah. /
+,B,And/CC then/RB use/VB it/PRP then/RB ./.,And then use it then. /
b,A,Yeah/UH ./.,Yeah. /
sd,B,"But/CC ,/, uh/UH ,/, for/IN hotels/NNS and/CC ,/, and/CC so/RB forth/RB ./.","{C But, } {F uh, } for hotels [ and, + and ] so forth. /"
sd,B,"But/CC ,/, uh/UH ,/, but/CC I/PRP knew/VBD that/IN it/PRP was/VBD paid/VBN ./.","[ {C But, } + {F uh, } {C but } ] I knew that it was paid <laughter>. /"
sd,B,I/PRP knew/VBD --/:,[ I knew -- +
b,A,Right/UH ./.,Right. /
+,B,--/: I/PRP knew/VBD that/IN I/PRP had/VBD that/RB much/RB --/:,-- I knew ] that I had that much --
b,A,Yeah/UH ./.,Yeah. /
+,B,"--/: credit/NN ,/, going/VBG in/IN ./.","-- credit, going in. /"
sd,B,"Sometimes/RB ,/, you/PRP know/VBP ,/, sometimes/RB I/PRP would/MD go/VB over/RP ,/,","[ Sometimes, + {D you know, } sometimes ] I would go over, /"
sd,B,"but/CC it/PRP would/MD n't/RB ,/, you/PRP know/VBP ,/, it/PRP would/MD n't/RB hit/VB me/PRP in/IN a/DT big/JJ ,/, in/IN a/DT big/JJ way/NN because/IN --/:","{C but } [ it wouldn't, + {D you know, } it wouldn't ] hit me [ in a big, + in a big ] way because --"
b,A,Right/UH ./.,Right. /
+,B,"--/: I/PRP knew/VBD that/DT ,/, uh/UH ,/, I/PRP would/MD have/VB it/PRP covered/VBN in/IN that/DT respect/NN ./.","-- I knew that, {F uh, } I would have it covered in that respect. /"
b,A,Right/UH ./.,Right. /
ba,A,That/DT 's/BES good/JJ ./.,That's good. /
sd,A,"I/PRP 've/VBP ,/, I/PRP do/VBP n't/RB think/VB we/PRP 've/VBP gone/VBN that/RB far/RB MUMBLEx/XX ,/,","[ I've, + I don't think we've ] gone that far (( )) <laughter>,"
x,B,./.,<Laughter>.
+,A,"to/TO pay/VB it/PRP in/IN ad-/NN ,/, you/PRP know/VBP ,/, in/IN advance/NN before/IN we/PRP spend/VBP it/PRP ,/,","to pay it [ in ad-, + {D you know, } in advance ] before we spend it, /"
sv,A,"but/CC ,/, I/PRP guess/VBP if/IN you/PRP foresaw/VBD that/IN you/PRP were/VBD going/VBG to/TO have/VB to/TO use/VB it/PRP ,/, that/DT ,/, like/IN that/DT ,/,","{C but, } I guess if you foresaw that you were going to have to use it, [ that, + ] like that,"
sd,B,"Well/UH ,/, I/PRP found/VBD --/:","{D Well, } [ I found -- +"
+,A,that/DT may/MD be/VB good/JJ ./.,that ] may be good. /
+,B,"--/: I/PRP found/VBD in/IN ,/, um/UH ,/, in/IN traveling/VBG overseas/NN --/:","-- I found ] [ in, + {F um, } in ] traveling overseas --"
b,A,Uh-huh/UH ./.,Uh-huh. /
+,B,"--/: that/DT ,/, uh/UH ,/, often/RB it/PRP would/MD ,/, uh/UH ,/, it/PRP would/MD expedite/VB things/NNS to/TO have/VB an/DT American/NNP Express/NNP credit/NN card/NN --/:","-- that, {F uh, } often [ it would, + {F uh, } it would ] expedite things to have an American Express credit card --"
b,A,Oh/UH really/UH ./.,Oh really. /
+,B,--/: for/IN hotel/NN bills/NNS and/CC so/RB forth/RB ./.,-- for hotel bills and so forth. /
b,A,Yeah/UH ./.,Yeah. /
sd,B,"Plus/CC I/PRP would/MD ,/, uh/UH ,/, when/WRB they/PRP ,/, uh/UH ,/, would/MD send/VB the/DT bill/NN ,/, they/PRP would/MD automatically/RB convert/VB to/IN the/DT exchange/NN rate/NN ./.","Plus [ I would, + {F uh, } when they, {F uh, } would ] send the bill, they would automatically convert to the exchange rate. /"
b,A,"Right/UH ,/,","Right, /"
b,A,right/UH ./.,right. /
sd,B,"So/RB ,/, now/RB ,/, the/DT only/JJ time/NN that/WDT got/VBD to/TO be/VB a/DT problem/NN was/VBD ,/, if/IN the/DT exchange/NN rate/NN changed/VBD drastically/RB ./.","{C So, } now, the only time that got to be a problem was, if the exchange rate changed drastically. /"
b,A,Uh-huh/UH ./.,Uh-huh. /
sd,B,"Uh/UH ,/, for/IN example/NN ,/, I/PRP remember/VBP on/IN one/CD trip/NN to/IN France/NNP when/WRB I/PRP started/VBD planning/VBG the/DT trip/NN ,/, I/PRP think/VBP ,/, uh/UH ,/, a/DT dollar/NN was/VBD worth/JJ nine/CD or/CC ten/CD","{F Uh, } for example, I remember on one trip to France <breathing> when I started planning the trip, I think, {F uh, } a dollar was worth nine or ten /"
b,A,Uh-huh/UH ./.,Uh-huh. /
sd,B,"And/CC whe/WRB ,/, when/WRB I/PRP finally/RB got/VBD over/IN there/RB ,/, it/PRP had/VBD fallen/VBN ,/, uh/UH ,/, two/CD or/CC three/CD francs/NNS to/IN the/DT dollar/NN ./.","{C And } [ whe-, + when ] I finally got over there, it had fallen, {F uh, } two or three francs to the dollar. /"
%,B,"So/RB the/DT ,/,","{C So } the <laughter>, -/"
ba,A,Wow/UH ./.,Wow <laughter>. /
sd,B,"So/RB ,/, I/PRP got/VBD caught/VBN a/DT little/RB short/JJ --/:","{C So, } I got caught a little short --"
ba,A,Wow/UH ./.,Wow. /
+,B,"--/: in/IN that/DT regard/NN ,/,","-- in that regard, /"
sd,B,"but/CC ,/, uh/UH --/:","{C but, } {F uh } --"
b,A,Yeah/UH ./.,Yeah. /
+,B,"--/: uh/UH ,/, I/PRP ,/, I/PRP was/VBD anticipating/VBG ,/, you/PRP know/VBP ,/, my/PRP$ room/NN would/MD cost/VB ,/, uh/UH ,/, let/VB 's/PRP say/VB","-- {F uh, } [ I, + I ] was anticipating, {D you know, } my room would cost, {F uh, } let's say - /"
sd,B,"if/IN it/PRP were/VBD ,/, say/VB sixty/CD or/CC seventy/CD francs/NNS a/DT night/NN --/:","if it were, say sixty or seventy francs a night --"
b,A,Right/UH ./.,Right. /
+,B,"--/: that/WDT would/MD mean/VB it/PRP would/MD be/VB about/RB ten/CD dollars/NNS or/CC so/RB ,/, or/CC maybe/RB twenty/CD dolls-/NNS ,/,","-- that would mean it would be about ten dollars or so, or maybe twenty dolls-, /"
sd,B,maybe/RB it/PRP would/MD be/VB more/JJR than/IN that/DT ./.,maybe it would be more than that. /
sd,B,It/PRP was/VBD more/JJR than/IN ./.,It was more than. /
sd,B,It/PRP would/MD average/VB out/IN to/IN thirty-five/CD or/CC forty/CD dollars/NNS a/DT night/NN --/:,It would average out to thirty-five or forty dollars a night --
b,A,Right/UH ./.,Right. /
+,B,--/: which/WDT is/VBZ a/DT reasonable/JJ rate/NN ./.,-- which is a reasonable rate. /
b,A,Right/UH ./.,Right. /
sd,B,But/CC then/RB when/WRB I/PRP got/VBD back/RB and/CC I/PRP was/VBD working/VBG for/IN the/DT government/NN at/IN the/DT time/NN --/:,{C But } then <laughter> when I got back and I was working for the government at the time -- -/
b,A,Uh-huh/UH ./.,Uh-huh. /
sd,B,"--/: of/IN course/NN the/DT government/NN was/VBD several/JJ months/NNS behind/IN in/IN ,/,","-- of course the government was several months behind [ in,"
b,A,"Right/UH ,/,","Right, /"
b,A,yeah/UH ./.,yeah. /
+,B,"their/PRP$ ,/, on/IN its/PRP$ per/FW diem/FW for/IN exchange/NN rate/NN ./.","their, + on its ] per diem for exchange rate. /"
b,A,Right/UH ./.,Right. /
sd,B,"So/RB there/EX 's/BES a/DT little/JJ consternation/NN ,/, you/PRP know/VBP ,/, in/IN trying/VBG to/TO get/VB them/PRP to/TO compensate/VB ,/,","{C So } there's a little consternation, {D you know, } in trying to get them to compensate,"
b,A,Yeah/UH ./.,Yeah. /
+,B,for/IN the/DT difference/NN in/IN the/DT exchange/NN rate/NN ./.,for the difference in the exchange rate. /
aa,A,Right/UH ./.,Right. /
aa,A,Yeah/UH,Yeah /
%,A,"especially/RB ,/,","especially, -/"
sd,B,That/DT was/VBD the/DT only/JJ time/NN I/PRP really/RB got/VBD caught/VBN short/JJ ./.,<Laughter> That was the only time I really got caught short. /
sd,B,"And/CC I/PRP ,/,","[ {C And } I, +"
b,A,Yeah/UH ./.,Yeah. /
+,B,"But/CC as/IN I/PRP said/VBD ,/, most/RBS ,/, most/RBS of/IN all/DT I/PRP try/VBP not/RB to/TO use/VB them/PRP ,/, uh/UH ,/, to/IN any/DT ,/, you/PRP know/VBP ,/, lavishly/RB ,/, in/IN that/DT regard/NN ./.","{C But } as I ] said, [ most, + most ] of all I try not to use them, {F uh, } [ to any, + ] {D you know, } lavishly, in that regard. /"
b,A,"Yeah/UH ,/,","Yeah, /"
ba,A,"well/UH tha-/DT ,/, that/DT 's/BES good/JJ ./.","{D well } [ tha-, + that's ] good. /"
qw,B,"Well/UH ,/, from/IN where/WRB are/VBP you/PRP calling/VBG ?/.","{D Well, } from where are you calling? /"
sd,A,"Oh/UH ,/, from/IN the/DT Dallas/NNP area/NN ./.","{F Oh, } from the Dallas area. /"
bf,B,"So/UH you/PRP 're/VBP from/IN Dal-/NNP ,/,","{D So } you're from Dal-, /"
bk,B,"okay/UH ,/,","okay, /"
sd,B,I/PRP 'm/VBP from/IN Maryland/NNP ./.,I'm from Maryland. /
bh,A,Oh/UH really/UH ./.,{F Oh } really. /
ny,B,Yeah/UH ./.,Yeah <laughter>. /
ba,A,Wow/UH ./.,Wow. /
qy,A,Do/VBP you/PRP work/VB for/IN T/NNP I/NNP ?/.,Do you work for T I? /
nn,B,No/UH ./.,No. /
sd,B,I/PRP work/VBP for/IN G/NNP T/NNP E/NNP ./.,I work for G T E. /
bh,A,"Well/UH ,/, really/UH ./.","{D Well, } really. /"
ny,B,Yes/UH ./.,Yes. /
qy^d,A,Um/UH ./. I/PRP wonder/VBP how/WRB T/NNP I/NNP got/VBD G/NNP T/NNP E/NNP involved/VBD ./.,{F Um. } I wonder how T I got G T E involved. /
sd,B,"Well/UH ,/, I/PRP know/VBP Jack/NNP Godfrey/NNP ./.","{D Well, } I know Jack Godfrey. /"
bk,A,"Oh/UH ,/, okay/UH ./.","{F Oh, } okay. /"
sd,B,I/PRP know/VBP him/PRP very/RB well/UH ./.,I know him very well. /
sd,B,"I/PRP 've/VBP known/VBN Jack/NNP for/IN a/DT long/JJ time/NN ,/,","I've known Jack for a long time, /"
sd,B,and/CC I/PRP 'm/VBP also/RB in/IN the/DT speech/NN business/NN ./.,{C and } I'm also in the speech business. /
bk,A,"Oh/UH ,/, okay/UH ./.","{F Oh, } okay. /"
sd,B,"So/RB ,/, when/WRB I/PRP heard/VBD that/IN Jack/NNP was/VBD going/VBG to/TO do/VB this/DT ,/, I/PRP called/VBD him/PRP and/CC asked/VBD for/IN an/DT application/NN where/WRB I/PRP could/MD participate/VB --/:","{C So, } when I heard that Jack was going to do this, I called him and asked for an <meow> application where I could participate --"
b,A,"Yeah/UH ,/,","Yeah, /"
b,A,yeah/UH ./.,yeah. /
+,B,--/: in/IN this/DT ./.,-- in this. /
sd,B,"And/CC ,/, so/RB that/DT 's/BES how/WRB I/PRP got/VBD involved/JJ ./.","{C And, so } that's how I got <meow> involved. /"
b,A,Yeah/UH ./.,Yeah. /
sv,A,"You/PRP have/VBP a/DT very/RB ,/, um/UH ,/, very/RB ,/,","You have a [ very, + {F um, } very, ] - /"
t1,A,what/WP 's/BES the/DT word/NN ./.,what's the word. /
sv,A,"Your/PRP$ ,/, your/PRP$ speech/NN is/VBZ very/RB exact/JJ ./.","[ Your, + your ] speech is very exact. /"
ft,B,Oh/UH ./. Thank/VBP you/PRP very/RB much/RB ./.,{F Oh. } Thank you very much <laughter>. /
sd,B,"But/CC ,/, as/IN Jack/NNP said/VBD ,/, I/PRP 'm/VBP one/CD of/IN the/DT ,/, the/DT old/JJ hands/NNS in/IN the/DT speech/NN business/NN ./.","{C But, } as Jack said, I'm one of [ the, + the ] old hands in the speech business. /"
bh,A,Oh/UH really/UH ./.,{F Oh } really. /
ny,B,"Yeah/UH ,/,","Yeah, /"
ny,B,"uh/UH ./. Yes/UH ,/,","{F uh. } Yes, /"
sd,B,"I/PRP ,/, I/PRP 've/VBP been/VBN doing/VBG it/PRP for/IN twenty/CD some/DT odd/JJ years/NNS ./.","[ I, + I've ] been doing it for twenty some odd years. /"
ba,A,Wow/UH ./.,Wow. /
sd,B,"And/CC so/RB ,/, uh/UH ,/, I/PRP was/VBD very/RB much/RB interested/VBN ,/, uh/UH ,/, in/IN getting/VBG involved/VBN in/IN ,/, uh/UH ,/, switchboard/NN ./.","{C And so, } {F uh, } I was very much interested, {F uh, } in getting involved in, {F uh, } switchboard. /"
b,A,Yeah/UH ./.,Yeah. /
qy^d,B,"So/RB ,/, uh/UH ,/, you/PRP work/VBP for/IN T/NNP I/NNP ?/.","{C So, } {F uh, } you work for T I? /"
na,A,Right/UH ./.,Right. /
sd,A,I/PRP work/VBP in/IN MUMBLEx/XX ./.,I work in (( )) . /
bh,B,"Oh/UH ,/, really/UH ?/.","{F Oh, } really? /"
ny,A,Yeah/UH ./.,Yeah. /
sd,B,I/PRP guess/VBP we/PRP 're/VBP supposed/VBN to/TO do/VB this/DT part/NN of/IN it/PRP before/IN we/PRP started/VBD the/DT recording/NN ./.,I guess we're supposed to do this part of it before we started the recording <laughter>. /
aa,A,Yeah/UH ./.,Yeah <laughter>. /
sd,A,"I/PRP think/VBP we/PRP talked/VBD for/IN a/DT good/JJ eight/CD minutes/NNS about/IN the/DT subject/NN ,/,","I think we talked for a good eight minutes about the subject, /"
sd,A,"so/RB ,/, I/PRP think/VBP you/PRP get/VBP ten/CD ,/,","{C so, } I think you get ten, /"
sv,A,so/RB I/PRP think/VBP we/PRP 're/VBP okay/JJ ./.,{C so } I think we're okay. /
aa,B,Alright/UH ./.,Alright. /
aa,B,"Okay/UH ,/,","Okay, /"
aa,B,fine/UH ./.,fine. /
fc,B,"Well/UH ,/, you/PRP have/VBP a/DT good/JJ evening/NN ./.","{D Well, } you have a good evening. /"
fc,A,"Well/UH ,/, you/PRP too/RB ./.","{D Well, } you too. /"
fc,B,It/PRP 's/HVS been/VBN pleasant/JJ talking/VBG to/IN you/PRP ./.,It's been pleasant talking to you. /
fc,A,Same/JJ here/RB ./.,Same here. /
fc,B,Take/VB care/NN ./.,Take care. /
fc,B,Good/JJ night/NN ./.,Good night. /
fc,A,Bye/UH ./.,Bye. /
