act_tag,speaker,pos,text
"fo_o_fw_""_by_bc",A,"Okay/UH ,/,","Okay, /"
qo,A,what/WDT kind/NN of/IN hobbies/NNS do/VBP you/PRP have/VB ?/.,what kind of hobbies do you have? /
sd,B,"Um/UH ,/, mostly/RB what/WP I/PRP do/VBP ,/,","{F Um, } mostly what I do, - /"
sd,B,"I/PRP do/VBP do/VB some/DT crafts/NNS like/IN it/PRP mentioned/VBD in/IN the/DT thing/NN ,/,","I [ do + do ] some crafts like it mentioned in the thing, /"
sd,B,"and/CC then/RB I/PRP ,/, I/PRP read/VBP a/DT lot/NN ./.","{C and then } [ I, + I ] read a lot. /"
b,A,Uh-huh/UH ./.,Uh-huh. /
sd,A,"I/PRP like/VBP to/TO read/VB ,/, too/RB ./.","I like to read, too <laughter>. /"
sd,A,"I/PRP was/VBD trying/VBG to/TO think/VB of/IN some/DT while/NN ,/, while/IN it/PRP was/VBD ,/, uh/UH ,/, talking/VBG about/IN it/PRP ,/,","I was trying to think of some [ while, + while ] it was, {F uh, } talking about it, /"
%,A,"and/CC then/RB I/PRP ,/,","{C and then } I, - /"
sd,A,"it/PRP took/VBD so/RB long/RB for/IN someone/NN to/TO answer/VB ,/,","it took so long for someone to answer, /"
sd,A,I/PRP started/VBD reading/VBG the/DT --/:,I started reading the --
b,B,Oh/UH ./.,Oh. /
+,A,"--/: newspaper/NN ,/, and/CC kind/RB of/RB forgot/VBD about/IN it/PRP ./.","-- newspaper, and kind of forgot about it <laughter>. /"
x,B,./.,<Laughter>.
b,A,"But/CC ,/, uh/UH ,/, yeah/UH ,/,","{C But, } {F uh, } yeah, /"
sd,A,"I/PRP 'd/MD say/VB reading/NN is/VBZ probably/RB one/CD of/IN my/PRP$ biggest/JJS ones/NNS ,/, because/IN it/PRP 's/BES the/DT type/NN of/IN thing/NN that/WDT you/PRP can/MD ,/, you/PRP can/MD do/VB a/DT little/JJ bit/NN at/IN a/DT time/NN ,/, whereas/IN ,/, I/PRP would/MD love/VB to/TO do/VB crafts/NNS and/CC stuff/NN if/IN I/PRP just/RB had/VBD the/DT time/NN to/TO do/VB it/PRP --/:","I'd say reading is probably one of my biggest ones, because it's the type of thing that [ you can, + you can ] do a little bit at a time, whereas, I would love to do crafts and stuff if I just had the time to do it --"
b,B,Uh-huh/UH ./.,Uh-huh. /
+,A,--/: or/CC if/IN I/PRP had/VBD the/DT space/NN ./.,-- or if I had the space. /
sd,A,"I/PRP live/VBP in/IN a/DT pretty/RB small/JJ apartment/NN ,/,","I live in a pretty small apartment, /"
sd,A,"and/CC ,/, uh/UH ,/, I/PRP would/MD have/VB to/TO ,/, you/PRP know/VBP ,/, put/VB stuff/NN away/RB ./.","{C and, } {F uh, } I would have to, {D you know, } put stuff away. /"
sd,A,"I/PRP have/VBP two/CD cats/NNS ,/,","I have two cats, /"
sd,A,so/RB I/PRP could/MD n't/RB really/RB leave/VB it/PRP out/IN if/IN I/PRP was/VBD working/VBG on/IN something/NN ./.,{C so } I couldn't really leave it out if I was working on something. /
b,B,Uh-huh/UH ./.,Uh-huh. /
sv,A,Reading/NN is/VBZ a/DT little/JJ bit/NN easier/JJR to/TO work/VB around/IN ./.,Reading is a little bit easier to work around. /
aa,B,"Yeah/UH ,/,","Yeah, /"
sv,B,you/PRP can/MD pick/VB it/PRP up/RB and/CC take/VB it/PRP wherever/WRB you/PRP go/VBP ./.,you can pick it up and take it wherever you go.
aa,A,That/DT 's/BES right/JJ ./.,That's right. /
+,B,MUMBLEx/XX any/DT MUMBLEx/XX space/NN ./.,(( )) any (( )) space. /
sd,B,I/PRP get/VBP too/RB involved/JJ in/IN reading/NN sometimes/RB that/IN I/PRP neglect/VBP what/WP I/PRP should/MD be/VB doing/VBG ./.,I get too involved in reading sometimes that I neglect what I should be doing. /
aa,A,"That/DT 's/BES true/JJ ,/,","That's true, /"
sd,A,I/PRP do/VBP the/DT same/JJ thing/NN ./.,I do the same thing <laughter>. /
sv,B,You/PRP get/VBP so/RB involved/JJ in/IN what/WP you/PRP 're/VBP reading/VBG ./.,<Laughter> You get so involved in what you're reading. /
qo,A,What/WDT types/NNS of/IN crafts/NNS do/VBP you/PRP do/VB ?/.,What types of crafts do you do? /
sd,B,"I/PRP do/VBP a/DT little/JJ bit/NN of/IN woodworking/NN ,/,","I do a little bit of woodworking, /"
sd,B,"well/UH ,/, I/PRP used/VBD to/TO ./.","{D well, } I used to. /"
sd,B,I/PRP do/VBP n't/RB have/VB the/DT equipment/NN here/RB ./.,I don't have the equipment here. /
sd,B,We/PRP moved/VBD to/IN Dallas/NNP about/RB a/DT year/NN ago/RB --/:,We moved to Dallas about a year ago -- /
b,A,Uh-huh/UH ./.,Uh-huh. /
sd,B,--/: and/CC my/PRP$ dad/NN had/VBD a/DT lot/NN of/IN woodworking/NN equipment/NN --/:,-- {C and } my dad had a lot of woodworking equipment -- /
b,A,Uh-huh/UH ./.,Uh-huh. /
sd,B,"--/: and/CC I/PRP did/VBD some/DT of/IN that/DT ./. Um/UH ,/,","-- {C and } I did some of that. {F Um, } /"
sd,B,"here/RB I/PRP 've/VBP mostly/RB done/VBN things/NNS that/WDT I/PRP can/MD do/VB strictly/RB by/IN hand/NN ,/, um/UH ,/, sewing/NN and/CC quilting/NN and/CC ,/, um/UH ,/,","here I've mostly done things that I can do strictly by hand, {F um, } sewing and quilting and, {F um, } - /"
t1,B,what/WP else/RB have/VBP I/PRP done/VBN ?/.,<<pause>> what else have I done <laughter>? /
sd,B,Things/NNS to/TO hang/VB on/IN the/DT wall/NN ./.,Things to hang on the wall. /
b,A,Uh-huh/UH ./.,Uh-huh. /
sd,B,"Mostly/RB just/RB stuff/NN that/WDT I/PRP can/MD ,/, you/PRP know/VBP ,/, use/VB right/RB around/IN the/DT house/NN --/:","Mostly just stuff that I can, {D you know, } use right around the house --"
b,A,Uh-huh/UH ./.,Uh-huh. /
+,B,--/: or/CC give/VB away/RB as/IN gifts/NNS ./.,-- or give away as gifts. /
b,A,Right/UH ./.,Right. /
sd,B,"I/PRP 've/VBP been/VBN making/VBG a/DT lot/NN of/IN quilts/NNS ,/, well/UH ,/, not/RB a/DT lot/NN ,/, but/CC several/JJ quilts/NNS lately/RB ./.","I've been making a lot of quilts, {D well, } not a lot, but several quilts lately. /"
b,A,Uh-huh/UH ./.,Uh-huh. /
%,B,So/RB ./.,{D So. } -/
sd,A,"I/PRP enjoy/VBP ,/, uh/UH ,/, sewing/NN and/CC needlework/NN also/RB ./.","I enjoy, {F uh, } sewing and needlework also. /"
sd,A,"I/PRP 've/VBP ,/, I/PRP 've/VBP ,/, uh/UH ,/, made/VBN some/DT small/JJ things/NNS ,/, cross/NN stitch/NN things/NNS ./.","[ I've, + I've, ] {F uh, } made some small things, cross stitch things. /"
sd,A,"And/CC ,/, um/UH --/:","{C And, } {F um } --"
b,B,Uh-huh/UH ./.,Uh-huh. /
+,A,"--/: back/RB when/WRB I/PRP was/VBD in/IN high/JJ school/NN ,/, I/PRP worked/VBD at/IN a/DT needlework/NN shop/NN ,/,","-- back when I was in high school, I worked at a needlework shop, /"
sd,A,"and/CC I/PRP ,/, I/PRP used/VBD to/TO do/VB the/DT latch/NN hook/NN rugs/NNS and/CC needlepoint/NN and/CC things/NNS like/IN that/DT ,/,","{C and } [ I, + I ] used to do the latch hook rugs and needlepoint and things like that, /"
sd,A,"and/CC I/PRP ,/, I/PRP still/RB remember/VBP how/WRB to/TO do/VB it/PRP ./.","{C and } [ I, + I ] still remember how to do it. /"
sd,A,It/PRP 's/HVS just/RB been/VBN so/RB long/JJ since/IN I/PRP 've/VBP actually/RB sat/VBN down/RB and/CC taken/VBN the/DT time/NN to/TO do/VB something/NN like/IN that/DT ./.,It's just been so long since I've actually sat down and taken the time to do something like that. /
sd,A,But/CC I/PRP have/VBP recently/RB done/VBN some/DT cross/NN stitch/NN ./.,{C But } I have recently done some cross stitch. /
b,B,Uh-huh/UH ./.,Uh-huh. /
sd,A,And/CC I/PRP enjoy/VBP doing/VBG that/DT ./.,{C And } I enjoy doing that. /
sv,A,"It/PRP 's/BES just/RB the/DT same/JJ old/JJ thing/NN ,/,","It's just the same old thing, /"
sv,A,it/PRP 's/BES just/RB getting/VBG the/DT time/NN to/TO do/VB it/PRP ./.,it's just getting the time to do it <laughter>. /
aa,B,Yeah/UH ./.,Yeah. /
sd,B,"I/PRP 've/VBP done/VBN some/DT cross/JJ ,/, um/UH ,/, cross/JJ stitch/NN ,/,","I've done some [ cross, + {F um, } cross ] stitch, /"
sd,B,"but/CC I/PRP never/RB count/VBP right/RB ,/,","{C but } I never count right, /"
sd,B,and/CC I/PRP always/RB have/VBP to/TO either/RB take/VB it/PRP out/RB or/CC have/VBP my/PRP$ picture/NN slightly/RB off/GW centered/^JJ --/:,{C and } I always have to either take it out or have my picture slightly off centered --
b,A,Uh-huh/UH ./.,Uh-huh <laughter>. /
+,B,"--/: or/CC ,/, or/CC something/NN ./.","-- [ or, + or ] something. /"
sd,B,It/PRP never/RB has/VBZ worked/VBN out/RP completely/RB ./.,It never has worked out completely. /
b,A,"Yeah/UH ,/,","Yeah, /"
sv,A,it/PRP takes/VBZ a/DT lot/NN of/IN concentration/NN ./.,it takes a lot of concentration. /
sd,A,"I/PRP mean/VBP ,/, it/PRP was/VBD the/DT type/NN of/IN thing/NN ,/,","{E I mean, } it was the type of thing, /"
sd,A,"I/PRP was/VBD ,/, I/PRP was/VBD making/VBG some/DT little/JJ things/NNS for/IN Christmas/NNP ,/,","[ I was, + I was ] making some little things for Christmas, /"
sd,A,"and/CC I/PRP also/RB made/VBD a/DT little/JJ thing/NN for/IN a/DT baby/NN gift/NN ,/,","{C and } I also made a little thing for a baby gift, /"
sd,A,"and/CC ,/, uh/UH ,/, I/PRP thought/VBD ,/, Oh/UH ,/, I/PRP can/MD do/VB this/DT while/IN I/PRP watch/VBP T/NN V/NN ./.","{C and, } {F uh, } I thought, {F Oh, } I can do this while I watch T V. /"
sd,A,Wrong/JJ ./.,Wrong <laughter>. /
b,B,Right/UH ./.,<Laughter> Right. /
ar,A,"No/UH ,/,","No, /"
sv,A,you/PRP must/MD pay/VB all/DT attention/NN to/IN what/WP you/PRP 're/VBP doing/VBG ./.,you must pay all attention to what you're doing. /
sv,A,"It/PRP 's/BES ,/, it/PRP is/VBZ a/DT lot/NN more/RBR difficult/JJ than/IN it/PRP seems/VBZ like/IN it/PRP would/MD be/VB ./.","[ It's, + it is ] a lot more difficult than it seems like it would be. /"
sd,A,"It/PRP took/VBD me/PRP ,/, uh/UH ,/, quite/PDT a/DT bit/NN of/IN time/NN ./.","It took me, {F uh, } quite a bit of time. /"
sd,A,"I/PRP though/VBD ,/, Oh/UH ,/, this/DT wo/MD n't/RB take/VB long/RB at/IN all/DT ./.","I though, {F Oh, } this won't take long at all. /"
sd,A,But/CC --/:,{C But } --
b,B,Uh-huh/UH ./.,Uh-huh. /
+,A,--/: I/PRP was/VBD wrong/JJ ./.,-- I was wrong. /
sd,A,"It/PRP took/VBD ,/, it/PRP took/VBD a/DT while/NN to/TO do/VB ./.","[ It took, + it took ] a while to do. /"
sd,A,"But/CC ,/, it/PRP was/VBD fun/JJ ,/,","{C But, } it was fun, /"
sd,A,I/PRP enjoyed/VBD it/PRP ./.,I enjoyed it. /
b,B,Yeah/UH ./.,Yeah. /
sd,B,"The/DT first/JJ project/NN I/PRP started/VBD out/RP one/CD was/VBD a/DT big/JJ one/NN ,/,","The first project I started out one was a big one, /"
sd,B,"it/PRP was/VBD ,/, uh/UH ,/, it/PRP was/VBD of/IN a/DT lady/NN","[ it was, + {F uh, } it was ] of a lady /"
sd,B,"and/CC she/PRP was/VBD kneeling/VBG ,/,","{C and } she was kneeling, /"
sd,B,and/CC it/PRP was/VBD about/RB fifteen/CD by/IN twenty/CD maybe/RB ./.,{C and } it was about fifteen by twenty maybe. /
ba,A,Oh/UH my/UH gosh/UH ./.,{F Oh } my gosh. /
%,B,"And/CC I/PRP ,/,","{C And } I, - /"
sd,B,it/PRP was/VBD just/RB too/RB much/JJ to/TO start/VB with/IN ./.,it was just too much to start with. /
sd,B,"And/CC I/PRP still/RB have/VBP n't/RB finished/VBN it/PRP ,/, because/IN I/PRP ,/, I/PRP stopped/VBD ,/,","{C And } I still haven't finished it, because [ I, + I ] stopped, /"
sd,B,and/CC I/PRP thought/VBD I/PRP better/RB do/VBP some/DT simple/JJ things/NNS and/CC work/VBP up/RP to/IN this/DT --/:,{C and } I thought I better do some simple things and work up to this --
b,A,Uh-huh/UH ./.,Uh-huh. /
+,B,--/: because/IN it/PRP was/VBD just/RB so/RB difficult/JJ --/:,-- because it was just so difficult --
b,A,Yeah/UH ./.,Yeah. /
+,B,--/: to/TO get/VB it/PRP done/VBN ./.,-- to get it done. /
sd,B,"And/CC there/EX were/VBD so/RB many/JJ different/JJ shadings/NNS and/CC colors/NNS ,/,","{C And } there were so many different shadings and colors, /"
sd,B,"and/CC ,/, and/CC ,/, it/PRP was/VBD just/RB too/RB much/JJ to/TO begin/VB with/IN ./.","[ {C and, } + {C and, } ] it was just too much to begin with. /"
sd,B,And/CC I/PRP think/VBP kind/RB of/RB discouraged/VBD me/PRP from/IN doing/VBG much/RB more/JJR with/IN it/PRP ./.,{C And } I think kind of discouraged me from doing much more <laughter> with it. /
b,A,Yeah/UH ./.,Yeah. /
ba,A,That/DT 's/BES pretty/RB understandable/JJ ./.,That's pretty understandable. /
sd,B,"And/CC I/PRP 've/VBP done/VBN some/DT of/IN the/DT crewel/NN and/CC the/DT ,/, um/UH --/:","{C And } I've done some of the crewel and [ the, + ] {F um } --"
b,A,Uh-huh/UH ./.,Uh-huh. /
+,B,--/: something/NN similar/JJ to/IN that/DT,-- something similar to that /
sd,B,but/CC it/PRP does/VBZ n't/RB have/VB the/DT specific/JJ stitches/NNS ./.,{C but } it doesn't have the specific stitches. /
sd,B,"Anyway/RB ,/, it/PRP 's/BES a/DT little/JJ bit/NN more/RBR loose/JJ ,/, and/CC not/RB quite/RB as/IN structured/JJ ,/,","Anyway, it's a little bit more loose, and not quite as structured, /"
sd,B,and/CC I/PRP like/VBP that/DT a/DT little/JJ bit/NN better/RBR --/:,{C and } I like that a little bit better --
b,A,Uh-huh/UH ./.,Uh-huh. /
+,B,--/: the/DT variety/NN of/IN stitches/NNS and/CC stuff/NN in/IN that/DT ./.,-- the variety of stitches and stuff in that. /
sd,B,More/RBR like/IN embroidery/NN or/CC something/NN ./.,More like embroidery or something. -/
sd,A,I/PRP 'm/VBP trying/VBG to/TO think/VB of/IN anything/NN else/RB I/PRP do/VBP as/IN a/DT hobby/NN ./. Um/UH ./. I/PRP do/VBP n't/RB even/RB watch/VB T/NN V/NN very/RB much/RB ./.,<<Pause>> I'm trying to think of anything else I do as a hobby. {F Um. } I don't even watch T V very much. /
sd,A,"I/PRP was/VBD tonight/NN ,/,","I was tonight, /"
%,A,"but/CC ,/,","{C but } <laughter>, -/"
b,B,Yeah/UH ./.,Yeah. /
sd,B,I/PRP was/VBD reading/VBG when/WRB you/PRP called/VBD ./.,I was reading when you called. /
b,A,Yeah/UH ./.,Yeah. /
qo,B,"How/WRB about/IN movies/NNS ,/,","How about movies, /"
qy,B,do/VBP you/PRP like/VB to/TO go/VB to/IN movies/NNS ?/.,do you like to go to movies? /
ny,A,Yeah/UH,Yeah /
sd,A,"I/PRP do/VBP ,/, I/PRP do/VBP like/VB to/TO go/VB to/IN movies/NNS ,/,","[ I do, + I do ] like to go to movies, /"
sd,A,"and/CC I/PRP have/VBP a/DT V/NN C/NN R/NN ,/,","{C and } I have a V C R, /"
sd,A,"so/RB I/PRP like/VBP to/TO rent/VB movies/NNS ,/,","{C so } I like to rent movies, /"
sd,A,"and/CC ,/, um/UH ,/, I/PRP have/VBP ,/, right/RB now/RB I/PRP have/VBP the/DT movie/NN channel/NN ,/,","{C and, } {F um, } [ I have, + right now I have ] the movie channel, /"
sd,A,"so/RB I/PRP 've/VBP recorded/VBN quite/PDT a/DT few/JJ movies/NNS off/IN of/IN that/DT ./. Um/UH ,/,","{C so } I've recorded quite a few movies off of that. {F Um, } /"
sd,A,"just/RB ,/, I/PRP 've/VBP kind/RB of/RB got/VBN a/DT collection/NN going/VBG of/IN tapes/NNS now/RB ,/,","just, I've kind of got a collection going of tapes now, /"
sd,A,"and/CC whenever/WRB I/PRP go/VBP visit/VB my/PRP$ parents/NNS ,/, they/PRP 're/VBP always/RB saying/VBG ,/, Well/UH ,/, bring/VB some/DT of/IN your/PRP$ tapes/NNS ./.","{C and } whenever I go visit my parents, they're always saying, {D Well, } bring some of your tapes <laughter>. /"
x,B,./.,<Laughter>.
sd,A,They/PRP always/RB borrow/VBP a/DT few/JJ of/IN them/PRP ./.,They always borrow a few of them. /
sd,A,"I/PRP was/VBD over/IN there/RB ,/,","I was over there, /"
sd,A,they/PRP live/VBP in/IN Duncanville/NNP --/:,they live in Duncanville -- /
b,B,Uh-huh/UH ./.,Uh-huh. /
sd,A,"--/: and/CC I/PRP was/VBD over/IN there/RB at/IN Easter/NNP ,/,","-- {C and } I was over there at Easter, /"
sd,A,"and/CC they/PRP said/VBD ,/, Bring/VB some/DT tapes/NNS with/IN you/PRP ./.","{C and } they said, Bring some tapes with you. /"
sd,A,So/RB they/PRP are/VBP always/RB borrowing/VBG my/PRP$ tapes/NNS ./.,{C So } they are always borrowing my tapes. /
b,B,Yeah/UH ./.,Yeah. /
%,A,"But/CC ,/, uh/UH ,/,","{C But, } {F uh, } -/"
%,B,"Well/UH we/PRP ,/,","{D Well } we, -/"
sd,A,"I/PRP like/VBP to/TO ,/, I/PRP like/VBP to/TO do/VB ,/, uh/UH ,/, stuff/NN with/IN plants/NNS ./.","[ I like to, + I like to ] do, {F uh, } stuff with plants. /"
sd,A,"I/PRP like/VBP ,/, um/UH ,/, I/PRP have/VBP a/DT lot/NN of/IN plants/NNS in/IN my/PRP$ apartment/NN ,/,","[ I like, + {F um, } I have ] a lot of plants in my apartment, /"
sd,A,"and/CC I/PRP 've/VBP got/VBN a/DT pretty/RB small/JJ porch/NN ,/,","{C and } I've got a pretty small porch, /"
%,A,"but/CC it/PRP 's/BES ,/, it/PRP 's/BES ,/, uh/UH ,/,","{C but } [ it's, + it's, ] {F uh, } - /"
sd,A,"I/PRP 've/VBP got/VBN a/DT few/JJ planters/NNS out/IN there/RB that/IN I/PRP ,/, I/PRP 'll/MD ,/, uh/UH ,/, you/PRP know/VBP ,/,","I've got a few planters out there that [ I, + I'll, ] {F uh, } {D you know, } - /"
sd,A,"in/IN the/DT winter/NN time/NN I/PRP usually/RB plant/VBP some/DT pansies/NNS in/IN there/RB ,/,","in the winter time I usually plant some pansies in there, /"
sd,A,"and/CC then/RB in/IN the/DT summer/NN I/PRP 'll/MD plant/VB petunias/NNS ,/,","{C and then } in the summer I'll plant petunias, /"
sd,A,or/CC something/NN that/WDT 's/BES colorful/JJ,{C or } something that's colorful /
sd,A,"and/CC like/UH ,/, that/DT blooms/VBZ a/DT lot/NN ./.","{C and } {D like, } that blooms a lot. /"
sd,A,But/CC --/:,{C But } --
b,B,Uh-huh/UH ./.,Uh-huh. /
+,A,--/: have/VBP n't/RB done/VBN that/RB yet/RB ./.,-- haven't done that yet. /
sd,A,"I/PRP kept/VBD thinking/VBG that/IN it/PRP was/VBD going/VBG to/TO get/VB cold/JJ one/CD more/RBR time/NN ,/,","I kept thinking that it was going to get cold one more time, /"
sd,A,but/CC I/PRP think/VBP we/PRP 're/VBP probably/RB past/IN that/DT now/RB ./.,{C but } I think we're probably past that now. /
sd,A,I/PRP probably/RB should/MD go/VB buy/VB some/DT ./.,I probably should go buy some. /
b,B,Yeah/UH ./.,Yeah. /
sd,A,"I/PRP guess/VBP if/IN I/PRP had/VBD a/DT house/NN I/PRP might/MD enjoy/VB gardening/NN ,/, some/RB ./.","I guess if I had a house I might enjoy gardening, some. /"
sd,A,I/PRP 'm/VBP not/RB real/RB crazy/JJ about/IN pulling/VBG weeds/NNS and/CC things/NNS like/IN that/DT ./.,I'm not real crazy about pulling weeds and things like that. /
b,B,"Yeah/UH ,/,","Yeah, /"
sv,B,it/PRP 's/BES the/DT hard/JJ work/NN ./.,it's the hard work. /
aa,A,"Yeah/UH ,/,","Yeah, /"
sd,A,"I/PRP like/VBP the/DT planting/NN ,/, and/CC watering/NN is/VBZ okay/JJ ./.","I like the planting, and watering is okay. /"
sv,B,"It/PRP 's/BES so/RB nice/JJ though/RB when/WRB you/PRP have/VBP a/DT nice/JJ yard/NN full/JJ of/IN flowers/NNS ,/,","It's so nice though when you have a nice yard full of flowers, /"
sv,B,"it/PRP 's/BES so/RB beau/JJ ,/,","it's so beau-, - /"
sd,B,"I/PRP mean/VBP ,/, we/PRP do/VBP n't/RB ./.","{E I mean, } we don't. /"
sd,B,We/PRP live/VBP in/IN an/DT apartment/NN also/RB ./.,We live in an apartment also. /
b,A,Uh-huh/UH ./.,Uh-huh. /
sd,B,"I/PRP 've/VBP got/VBN a/DT few/JJ plants/NNS here/RB ,/,","I've got a few plants here, /"
sd,B,but/CC I/PRP 'm/VBP not/RB really/RB knowledgeable/JJ ./.,{C but } I'm not really knowledgeable. /
sd,B,I/PRP feel/VBP real/RB good/JJ if/IN I/PRP water/VBP them/PRP,I feel real good if I water them /
sd,B,and/CC they/PRP continue/VBP to/TO grow/VB ./.,{C and } they continue to grow. /
sd,B,"You/PRP know/VBP ,/, I/PRP feel/VBP like/IN ,/, Oh/UH ,/, I/PRP 've/VBP accomplished/VBN something/NN ./.","{D You know, } I feel like, {F Oh, } I've accomplished something. /"
b,A,Uh-huh/UH ./.,Uh-huh. /
sd,B,"So/RB I/PRP enjoy/VBP it/PRP ,/,","{C So } I enjoy it, /"
sd,B,but/CC I/PRP 'm/VBP just/RB not/RB experienced/JJ enough/RB with/IN,{C but } I'm just not experienced enough with /
b,A,Yeah/UH ./.,Yeah. /
sd,A,I/PRP do/VBP n't/RB know/VB too/RB much/RB about/IN it/PRP either/RB ./.,I don't know too much about it either. /
sd,A,"Mine/PRP 's/BES pretty/RB limited/JJ to/IN my/PRP$ little/JJ ,/, uh/UH ,/, porch/NN plants/NNS ./.","Mine's pretty limited to my little, {F uh, } porch plants <laughter>. /"
sd,A,"And/CC then/RB the/DT ones/NNS in/IN my/PRP$ apartment/NN ,/, half/NN of/IN which/WDT do/VBP n't/RB look/VB real/RB healthy/JJ ,/,","{C And then } the ones in my apartment, half of which don't look real healthy, /"
sd,A,but/CC I/PRP do/VBP n't/RB always/RB get/VB direct/JJ sun/NN except/IN in/IN certain/JJ spots/NNS ./.,{C but } I don't always get direct sun except in certain spots. /
b,B,"Oh/UH ,/, yeah/UH ./.","{F Oh, } yeah. /"
sd,A,And/CC so/RB that/DT 's/BES probably/RB my/PRP$ problem/NN there/RB ./.,{C And so } that's probably my problem there. /
%,A,"But/CC ,/,","{C But, } -/"
qy,B,"Have/VBP you/PRP tried/VBN any/DT ,/, growing/VBG any/DT ,/, um/UH ,/, like/UH fruits/NNS and/CC vegetables/NNS or/CC anything/NN ?/.","Have you tried [ any, + growing any, ] {F um, } {D like } fruits and vegetables or anything? /"
qy,B,"I/PRP guess/VBP vegetables/NNS are/VBP in/RB ,/, insi-/RB ,/, like/UH in/IN pots/NNS and/CC stuff/NN ?/.","I guess vegetables are [ [ in, + insi-, ] + {D like } in ] pots and stuff? /"
nn,A,"No/UH ,/,","No, /"
sd,A,"I/PRP never/RB have/VBP tried/VBN that/DT ,/, just/RB because/IN I/PRP do/VBP n't/RB have/VB that/RB much/JJ space/NN on/IN this/DT little/JJ porch/NN here/RB in/IN this/DT apartment/NN --/:","I never have tried that, just because I don't have that much space on this little porch here in this apartment --"
b,B,Uh-huh/UH ./.,Uh-huh. /
+,A,--/: or/CC this/DT little/JJ balcony/NN ./.,-- or this little balcony. /
sd,A,"And/CC my/PRP$ other/JJ two/CD pots/NNS are/VBP ,/,","{C And } my other two pots are, - /"
sd,A,"they/PRP 're/VBP kind/RB of/RB ,/, they/PRP 're/VBP pretty/RB big/JJ ,/,","[ they're kind of, + they're ] pretty big, /"
sd,A,"and/CC I/PRP have/VBP enough/JJ plants/NNS in/IN them/PRP that/IN it/PRP takes/VBZ up/RP a/DT lot/NN of/IN my/PRP$ porch/NN area/NN ,/,","{C and } I have enough plants in them that it takes up a lot of my porch area, /"
sd,A,"so/RB between/IN that/DT and/CC the/DT chairs/NNS and/CC the/DT barbecue/NN grill/NN and/CC the/DT fireplace/NN wood/NN ,/,","{C so } between that and the chairs and the barbecue grill and the fireplace wood,"
x,B,./.,<Laughter>.
+,A,there/EX 's/BES no/DT room/NN for/IN much/RB else/RB ./.,there's no room for much else. /
sd,A,"But/CC my/PRP$ dad/NN ,/, uh/UH ,/, my/PRP$ dad/NN used/VBD to/TO grow/VB tomatoes/NNS and/CC things/NNS at/IN the/DT house/NN ./.","{C But } [ my dad, + {F uh, } my dad ] used to grow tomatoes and things at the house. /"
sd,A,"And/CC I/PRP 'd/MD ,/, I/PRP think/VBP when/WRB I/PRP was/VBD real/RB little/JJ I/PRP probably/RB had/VBD a/DT finger/NN in/IN on/IN that/DT every/DT time/NN he/PRP did/VBD it/PRP --/:","{C And } [ I'd, + I ] think when I was real little I probably had a finger in on that every time he did it --"
b,B,Uh-huh/UH ./.,Uh-huh. /
+,A,--/: and/CC had/VBD to/TO be/VB out/IN there/RB and/CC watch/VB and/CC that/DT type/NN of/IN stuff/NN ./.,-- and had to be out there and watch and that type of stuff. /
sd,A,But/CC I/PRP 've/VBP never/RB really/RB tried/VBN anything/NN like/IN that/DT since/IN then/RB ./.,{C But } I've never really tried anything like that since then. /
sd,B,"Well/UH ,/, I/PRP considered/VBD it/PRP last/JJ year/NN","{D Well, } I considered it last year /"
sd,B,"and/CC this/DT year/NN both/DT ,/,","{C and } this year both, - /"
sd,B,but/CC I/PRP have/VBP n't/RB done/VBN anything/NN about/IN it/PRP ./.,{C but } I haven't done anything about it. /
b,A,Uh-huh/UH ./.,Uh-huh. /
sv,B,So/RB ./. I/PRP think/VBP it/PRP would/MD be/VB nice/JJ to/TO just/RB go/VB out/RB and/CC pick/VB some/DT tomatoes/NNS off/IN the/DT porch/NN ./.,{C So. } I think it would be nice to just go out and pick some tomatoes off the porch. /
sd,B,"We/PRP get/VBP lots/NNS of/IN sunlight/NN here/RB ,/,","We get lots of sunlight here, /"
sd,B,and/CC the/DT porch/NN is/VBZ screened/VBN in/RP,{C and } the porch is screened in /
sd,B,and/CC it/PRP 's/BES pretty/RB large/JJ ./.,{C and } it's pretty large. /
ba,A,"Oh/UH ,/, wow/UH ./.","{F Oh, } wow. /"
%,B,"So/RB ,/, um/UH ,/, I/PRP think/VBP if/IN I/PRP just/RB would/MD be/VB ,/,","{C So, } {F um, } I think if I just would be, - /"
sd,B,"if/IN I/PRP 'd/MD do/VB something/NN ,/, be/VB motivated/JJ enough/RB to/TO do/VB something/NN ,/, I/PRP think/VBP it/PRP would/MD work/VB out/RP well/RB ./.","if I'd do something, be motivated enough to do something, I think it would work out well. /"
b,A,Uh-huh/UH ./.,Uh-huh. /
sd,B,"But/CC ,/, but/CC there/RB goes/VBZ that/DT motivation/NN thing/NN again/RB ./.","[ {C But, } + {C but } ] there goes that motivation thing again <laughter>. /"
aa,A,Right/UH ./.,Right. /
sd,A,"Well/UH ,/, I/PRP enjoy/VBP playing/VBG with/IN my/PRP$ cats/NNS ./.","{D Well, } I enjoy playing with my cats. /"
qy^d,A,"I/PRP do/VBP n't/RB know/VB if/IN you/PRP 'd/MD call/VB that/DT a/DT hobby/NN ,/,","I don't know if you'd call that a hobby, /"
sd,A,"but/CC I/PRP have/VBP two/CD cats/NNS ,/,","{C but } I have two cats, /"
sd,A,"and/CC I/PRP gave/VBD them/PRP a/DT bath/NN tonight/NN ,/,","{C and } I gave them a bath tonight, /"
sd,A,so/RB they/PRP 're/VBP a/DT little/JJ bit/NN angry/JJ at/IN me/PRP ./.,{C so } they're a little bit angry at me <laughter>. /
qy,B,MUMBLEx/XX ./. Can/MD you/PRP --/:,<Laughter> (( )) . [ Can you + --
sd,A,They/PRP did/VBD n't/RB like/IN it/PRP too/RB much/RB ./.,They didn't like it too much. /
+,B,--/: can/MD you/PRP put/VB them/PRP right/RB in/IN the/DT water/NN ?/.,-- can you ] put them right in the water? /
ny,A,"Yeah/UH ,/,","Yeah, /"
ny,A,oh/UH yeah/UH --/:,{F oh } yeah -- /
ba,B,"Oh/UH ,/, that/DT 's/BES good/JJ ,/,","{F Oh, } that's good, /"
sd,A,"--/: right/RB in/IN the/DT tub/NN ,/,","-- right in the tub, /"
sd,A,"and/CC it/PRP helps/VBZ because/IN it/PRP 's/BES the/DT time/NN of/IN the/DT year/NN that/WDT they/PRP 're/VBP shedding/VBG a/DT lot/NN ,/, and/CC cleaning/VBG cat/NN fur/NN off/IN the/DT couch/NN and/CC off/IN the/DT floor/NN is/VBZ not/RB a/DT hobby/NN of/IN mine/PRP ./.","{C and } it helps because its the time of the year that they're shedding a lot, and cleaning cat fur off the couch and off the floor is not a hobby of mine. /"
sd,A,"So/RB I/PRP thought/VBD ,/,","{C So } I thought,"
x,B,./.,<Laughter>.
+,A,"this/DT 'll/MD help/VB ,/, you/PRP know/VBP ,/, help/VB them/PRP shed/VB ,/,","this'll [ help, + {D you know, } help ] them shed, /"
sd,A,"and/CC sure/RB enough/RB ,/, boy/UH the/DT fur/NN just/RB came/VBD off/RP like/IN crazy/JJ once/IN I/PRP got/VBD them/PRP --/:","{C and } sure enough, boy the fur just came off like crazy once I got them --"
b,B,"Oh/UH ,/, yeah/UH ./.","{F Oh, } yeah. /"
+,A,--/: in/IN the/DT tub/NN ./.,-- in the tub. /
sd,A,"So/RB ,/, they/PRP 're/VBP pretty/RB content/JJ now/RB ,/,","{C So, } they're pretty content now, /"
sd,A,but/CC they/PRP were/VBD mad/JJ at/IN me/PRP for/IN quite/PDT a/DT while/NN ./.,{C but } they were mad at me for quite a while. /
sd,A,"They/PRP went/VBD and/CC hid/VBD after/IN they/PRP ,/, after/IN they/PRP got/VBD dried/VBN off/RP ./.","They went and hid [ after they, + after they ] got dried off. /"
qy,B,"Sulked/VBD for/IN a/DT while/NN ,/, huh/UH ./.","Sulked for a while, {F huh } <laughter>. /"
ny,A,Yeah/UH ./.,Yeah. /
sd,B,"Well/UH ,/, I/PRP like/VBP animals/NNS ,/,","{D Well, } I like animals, /"
sd,B,but/CC we/PRP do/VBP n't/RB have/VB any/DT yet/RB ./.,{C but } we don't have any yet. /
sd,B,We/PRP have/VBP a/DT nine/CD month/NN old/JJ with/IN another/DT on/IN the/DT way/NN --/:,We have a nine month old with another on the way -- /
b,A,Uh-huh/UH ./.,Uh-huh. /
sd,B,"--/: and/CC we/PRP thought/VBD ,/, well/UH maybe/RB when/WRB they/PRP 're/VBP a/DT little/JJ bit/NN bigger/JJR --/:","-- {C and } we thought, {D well } maybe when they're a little bit bigger --"
b,A,Yeah/UH ./.,Yeah. /
+,B,"--/: then/RB we/PRP 'll/MD ,/,","-- then we'll, - /"
sd,B,or/CC get/VB into/IN a/DT house/NN with/IN a/DT little/JJ more/JJR space/NN ./.,{C or } get into a house with a little more space. /
sd,B,"I/PRP 'd/MD love/VB to/TO have/VB ,/, have/VB some/DT animals/NNS ./.","I'd love to [ have, + have ] some animals. /"
b,A,Uh-huh/UH ./.,Uh-huh. /
sd,B,But/CC I/PRP like/VBP dogs/NNS,{C But } I like dogs /
sd,B,and/CC my/PRP$ husband/NN likes/VBZ cats/NNS ./.,{C and } my husband likes cats. /
sd,B,So/RB we/PRP have/VBP n't/RB reached/VBN a/DT real/JJ agreement/NN on/IN that/DT yet/RB ./.,{C So } we haven't reached a real agreement on that yet. /
sd,B,"If/IN we/PRP get/VBP a/DT place/NN where/WRB we/PRP can/MD have/VB both/DT ,/, it/PRP 'll/MD be/VB great/JJ ,/,","If we get a place where we can have both, it'll be great, /"
%,B,"but/CC until/IN then/RB ,/,","{C but } until then, -/"
b,A,"Yeah/UH ,/,","Yeah, /"
sd,A,"I/PRP like/VBP both/DT ,/,","I like both, /"
sv,A,"but/CC since/IN I/PRP 'm/VBP in/IN an/DT apartment/NN ,/, I/PRP just/RB ,/, I/PRP do/VBP n't/RB think/VB an/DT apartment/NN is/VBZ big/JJ enough/RB for/IN a/DT dog/NN ./.","{C but } since I'm in an apartment, [ I just, + I ] don't think an apartment is big enough for a dog. /"
sv,A,"Dogs/NNS ,/, to/IN me/PRP ,/, dogs/NNS need/VBP a/DT yard/NN ,/, even/RB little/JJ dogs/NNS ./.","[ Dogs, + to me, dogs ] need a yard, even little dogs. /"
b,B,Uh-huh/UH ./.,Uh-huh. /
sv,A,They/PRP just/RB need/VBP a/DT yard/NN ./.,They just need a yard. /
sv,A,Cats/NNS can/MD deal/VB with/IN being/VBG inside/RB all/PDT the/DT time/NN just/RB fine/RB ./.,Cats can deal with being inside all the time just fine. /
sv,A,"But/CC I/PRP just/RB think/VBP dogs/NNS need/VBP ,/, need/VBP to/TO be/VB outside/RB ,/, though/RB ./.","{C But } I just think dogs [ need, + need ] to be outside, though. /"
%,A,"So/RB ,/,","{C So, } -/"
aa,B,I/PRP agree/VBP with/IN you/PRP ./.,I agree with you. /
%,B,"I/PRP ,/,","I, - /"
sd,B,"if/IN we/PRP were/VBD going/VBG to/TO get/VB anything/NN now/RB it/PRP would/MD definitely/RB be/VB a/DT cat/NN ,/, or/CC even/RB a/DT bird/NN or/CC a/DT fish/NN tank/NN or/CC something/NN ,/, you/PRP know/VBP ./.","if we were going to get anything now it would definitely be a cat, or even a bird or a fish tank or [ something, + {D you know } <laughter>."
b,A,"Yeah/UH ,/,","Yeah, /"
ba,A,now/RB that/DT 's/BES an/DT idea/NN --/:,now that's an idea <laughter> -- /
+,B,Something/NN small/JJ --/:,Something ] small -- /
%,A,--/: with/IN the/DT small/JJ babies/NNS ./.,-- with the small babies. -/
sd,B,"--/: that/WDT she/PRP can/MD watch/VB ,/, but/CC wo/MD n't/RB take/VB too/RB much/JJ care/NN ./.","-- that she can watch, but won't take too much care. /"
b,A,"Yeah/UH ,/,","Yeah, /"
%,A,"because/IN ,/, you/PRP kind/RB of/RB ,/,","{C because, } you kind of, - /"
sv,A,"even/RB ,/, even/RB a/DT cat/NN ,/, you/PRP never/RB know/VBP when/WRB they/PRP might/MD bite/VB or/CC scratch/VB or/CC something/NN ./.","[ even, + even ] a cat, you never know when they might bite or scratch or something. /"
b,B,Uh-huh/UH ./.,Uh-huh. /
sv,A,"They/PRP 're/VBP not/RB as/RB likely/JJ to/IN as/IN a/DT dog/NN might/MD ,/, I/PRP guess/VBP ./.","There not as likely to as a dog might, I guess. /"
sd,A,"But/CC with/IN little/JJ ones/NNS ,/, I/PRP 'd/MD be/VB kind/RB of/RB scared/JJ ,/, to/TO get/VB anything/NN that/WDT has/VBZ teeth/NNS or/CC claws/NNS ./.","{C But } with little ones, I'd be kind of scared <laughter>, to get anything that has teeth or claws. /"
sv,B,"Especially/RB when/WRB they/PRP 're/VBP not/RB quite/RB to/IN the/DT age/NN of/IN understanding/VBG that/IN they/PRP 're/VBP hurting/VBG ,/, you/PRP know/VBP ,/,","Especially when they're not quite to the age of understanding that they're hurting, {D you know, } /"
%,B,that/IN,that - /
sv,B,they/PRP grab/VBP hold/VB with/IN both/DT hands/NNS and/CC then/RB just/RB jerk/VB ./.,they grab hold with both hands and then just jerk. /
b,A,Oh/UH yeah/UH ./.,{F Oh } yeah. /
sd,B,"And/CC if/IN I/PRP was/VBD a/DT cat/NN or/CC dog/NN ,/, I/PRP 'd/MD respond/VB probably/RB by/IN biting/VBG or/CC something/NN ./.","{C And } if I was a cat or dog, I'd respond probably by biting or something. /"
h,B,I/PRP do/VBP n't/RB know/VB ./.,I don't know. /
b,A,"Oh/UH ,/, yeah/UH ./.","{F Oh, } yeah <laughter>. /"
sd,B,That/DT 'd/MD be/VB my/PRP$ self/GW defense/^NN ./.,That'd be my self defense. /
fc,B,"But/CC ,/,","{C But, }"
fc,A,Uh-huh/UH ./.,Uh-huh <<pause>>. /
+,B,"Well/UH ,/, I/PRP think/VBP we/PRP probably/RB reached/VBD our/PRP$ time/NN limit/NN ./.","{D Well, } I think we probably reached our time limit. /"
fc,A,"Yeah/UH ,/,","Yeah, /"
fc,A,probably/RB,probably /
fc,A,"so/RB ,/, and/CC I/PRP 'm/VBP out/IN of/IN ,/, out/IN of/IN good/JJ ideas/NNS for/IN a/DT hobby/NN anyway/RB ./.","[ {C so, } + {C and } ] I'm [ out of, + out of ] good ideas for a hobby <laughter> anyway. /"
fc,B,"Oh/UH ,/, okay/UH ./.","<Laughter> {F Oh, } okay. /"
fc,A,Well/UH it/PRP was/VBD good/JJ talking/VBG to/IN you/PRP ./.,{D Well } it was good talking to you. /
fc,B,Thank/VB you/PRP for/IN calling/VBG ./.,Thank you for calling. /
fc,A,All/RB right/JJ ./.,All right. /
fc,A,Bye-bye/UH ./.,Bye-bye. /
fc,B,Bye-bye/UH ./.,Bye-bye. /
