act_tag,speaker,pos,text
qy,A,Do/VBP you/PRP have/VB any/DT children/NNS ?/.,Do you have any children? /
ny,B,"Yeah/UH ,/,","Yeah, /"
sd,B,"I/PRP have/VBP two/CD ,/, two/CD boys/NNS ,/, twelve/CD and/CC sixteen/CD ./.","I have [ two, + two ] boys, twelve and sixteen. /"
b^m,A,Twelve/CD and/CC sixteen/CD ./.,Twelve and sixteen. /
b,B,"Uh-huh/UH ,/,","Uh-huh, /"
qo,B,how/WRB about/IN you/PRP ?/.,how about you? /
sd,A,"Well/UH ,/, I/PRP have/VBP three/CD ,/,","{D Well, } I have three, /"
sd,A,"and/CC ,/, uh/UH ,/, they/PRP 're/VBP five/CD and/CC three/CD and/CC nineteen/CD months/NNS ./.","{C and, } {F uh, } they're five and three and nineteen months. /"
b,B,Oh/UH ./.,Oh. /
sv,A,So/RB we/PRP kind/RB of/RB got/VBD different/JJ ball/NN game/NN,{C So } we kind of got different ball game /
%,A,"but/CC ,/, uh/UH ./.","{C but, } {F uh. } -/"
b,B,Right/UH ./.,Right <laughter>. /
%,A,"What/WP ,/, uh/UH ,/,","<Throat_clearing> What, {F uh, } - /"
qy,A,"do/VBP you/PRP feel/VB like/IN you/PRP have/VBP any/DT time/NN ,/,","do you feel like you have any time,"
x,B,./.,<Laughter>.
+,A,to/TO spend/VB with/IN them/PRP ?/.,to spend with them? /
%,B,Well/UH ./.,{D Well. } -/
sv,A,They/PRP 're/VBP probably/RB at/IN an/DT age/NN where/WRB they/PRP do/VBP n't/RB want/VB to/TO spend/VB any/DT time/NN with/IN their/PRP$ parents/NNS ./.,They're probably at an age where they don't want to spend any time with their parents. /
ba,B,That/DT 's/BES true/JJ ./.,That's true <laughter>. /
x,A,./.,<Laughter>.
sv,B,"You/PRP actually/UH ,/, of/IN course/NN ,/, spend/VBP less/JJR time/NN with/IN them/PRP when/WRB they/PRP get/VBP older/JJR ,/,","You {D actually, } of course, spend less time with them when they get older, /"
sv,B,"but/CC it/PRP 's/BES ,/, of/IN course/NN ,/, still/RB really/RB important/JJ ./.","{C but } it's, of course, still really important. /"
b,A,Right/UH ./.,Right. /
sd,B,"I/PRP have/VBP a/DT kind/RB of/RB a/DT fortunate/JJ situation/NN ,/, I/PRP think/VBP ,/, right/RB now/RB with/IN my/PRP$ sixteen/CD year/NN old/NN ./.","I have a kind of a fortunate situation, I think, right now with my sixteen year old. /"
sd,B,"Um/UH ,/, I/PRP work/VBP two/CD nights/NNS a/DT week/NN at/IN a/DT ,/,","{F Um, } I work two nights a week at a, - /"
sd,B,I/PRP 'm/VBP a/DT librarian/NN --/:,I'm a librarian -- /
b,A,"Oh/UH ,/, uh-huh/UH ./.","{F Oh, } uh-huh. /"
sd,B,--/: and/CC I/PRP work/VBP two/CD nights/NNS a/DT week/NN at/IN the/DT Senior/NNP High/NNP School/NNP library/NN ./.,-- {C and } I work two nights a week at the Senior High School library. /
sd,B,"They/PRP keep/VBP it/PRP open/JJ ,/, you/PRP know/VBP ,/, for/IN kids/NNS to/TO do/VB their/PRP$ work/NN --/:","They keep it open, {D you know, } for kids to do their work -- /"
b,A,Right/UH ./.,Right. /
sd,B,"--/: and/CC he/PRP ,/, um/UH ,/, and/CC then/RB they/PRP ,/, the/DT school/NN district/NN hires/VBZ an/DT aide/NN ,/, you/PRP know/VBP ,/, to/TO work/VB --/:","-- [ {C and } he, + {F um, } {C and then } [ they, + the school district ] ] hires an aide, {D you know, } to work --"
b,A,Sure/UH ./.,Sure. /
+,B,--/: for/IN me/PRP ./.,-- for me. /
sd,B,"Well/UH ,/, my/PRP$ son/NN is/VBZ my/PRP$ aide/NN ./.","{D Well, } my son is my aide. /"
ba,A,"Oh/UH ,/, well/UH ,/, that/DT 's/BES nice/JJ ./.","{F Oh, } {D well, } that's nice. /"
sd,B,"So/RB ,/, two/CD nights/NNS a/DT week/NN for/IN four/CD hours/NNS we/PRP 're/VBP stuck/VBN together/RB --/:","<Laughter> {C So, } two nights a week for four hours we're stuck together -- /"
b,A,You/PRP 're/VBP stuck/VBN together/RB ./.,You're stuck together. /
sd,B,--/: and/CC there/EX 's/BES usually/RB not/RB very/RB much/JJ business/NN ./.,-- {C and } there's usually not very much business. /
b,A,No/UH ./.,No. /
sd,B,"I/PRP mean/VBP ,/, some/DT nights/NNS it/PRP 's/BES just/RB real/RB ,/, real/RB quiet/JJ ./.","{E I mean, } some nights it's just [ real, + real ] quiet. /"
%,B,So/RB ./.,{C So. } -/
sd,A,I/PRP would/MD suspect/VB your/PRP$ nights/NNS would/MD be/VB pretty/RB quiet/JJ for/IN the/DT most/JJS part/NN ./.,I would suspect your nights would be pretty quiet for the most part. /
sd,B,"So/RB we/PRP ,/, I/PRP have/VBP sort/RB of/RB a/DT captive/JJ audience/NN ,/,","{C So } [ we, + I ] have sort of a captive audience, /"
sd,B,"so/RB I/PRP really/RB do/VBP spend/VB probably/RB more/JJR time/NN with/IN him/PRP than/IN ,/, than/IN most/JJS ,/, you/PRP know/VBP ./.","{C so } I really do spend probably more time with him [ than, + than ] most, {D you know. } /"
b,A,Right/UH ./.,Right. /
sd,B,"But/CC ,/, uh/UH ,/, of/IN course/NN I/PRP 'm/VBP away/RB from/IN my/PRP$ other/JJ son/NN those/DT hours/NNS ,/, too/RB ./.","{C But, } {F uh, } of course I'm away from my other son those hours, too. /"
sd,B,But/CC his/PRP$ dad/NN 's/BES at/IN home/NN --/:,{C But } his dad's at home --
^2,A,And/CC so/RB that/DT --/:,{C And so } that --
+,B,--/: pretty/RB much/RB that/DT time/NN ./.,-- pretty much that time. /
+,A,"--/: kind/RB of/RB gives/VBZ him/PRP ,/, uh/UH ,/, time/NN with/IN his/PRP$ dad/NN ,/, then/RB ./.","-- kind of gives him, {F uh, } time with his dad, then. /"
b,B,"Yeah/UH ,/,","Yeah, /"
ba,B,"that/DT 's/BES true/JJ ,/,","that's true, /"
b,B,yeah/UH ./.,yeah. /
sd,A,Gives/VBZ him/PRP a/DT little/JJ bit/NN of/IN that/DT individual/JJ time/NN ./.,Gives him a little bit of that individual time. /
sv,B,"But/CC ,/, but/CC it/PRP is/VBZ hard/JJ ,/, once/IN they/PRP get/VBP that/DT age/NN ,/,","[ {C But, } + {C but } ] it is hard, once they get that age, - /"
sv,B,"I/PRP mean/VBP ,/, their/PRP$ friends/NNS are/VBP the/DT most/RBS important/JJ thing/NN there/EX is/VBZ ./.","{E I mean, } their friends are the most important thing there is. /"
b,A,"Right/UH ,/,","Right, /"
sv,A,"and/CC they/PRP want/VBP to/TO be/VB able/JJ to/TO spend/VB ,/, uh/UH ./.","{C and } they want to be able to spend, {F uh. } -/"
ba,B,That/DT 's/BES right/JJ ./.,That's right. /
sd,A,"Well/UH ,/, I/PRP 've/VBP even/RB noticed/VBN that/IN with/IN my/PRP$ five/CD year/NN old/NN ./. She/PRP started/VBD kindergarten/NN this/DT year/NN ,/,","{D Well, } I've even noticed that with my five year old. She started kindergarten this year, /"
sd,A,and/CC --/:,{C and } --
b,B,Uh-huh/UH ./.,Uh-huh. /
+,A,"--/: every/DT day/NN that/WDT she/PRP 's/BES not/RB at/IN school/NN ,/, uh/UH ,/, she/PRP thinks/VBZ we/PRP need/VBP to/TO have/VB someone/NN over/IN and/CC play/VB --/:","-- every day that she's not at school, {F uh, } she thinks we need to have someone over and play -- /"
b,B,Uh-huh/UH ./.,Uh-huh <laughter>. /
%,A,--/: and/CC that/DT kind/NN of/IN --/:,-- <Laughter> {C and } that kind of -- -/
b,B,"Yeah/UH ,/,","Yeah, /"
sd,B,it/PRP 's/BES kind/RB of/RB hard/JJ ./.,it's kind of hard. /
aa,A,"--/: yeah/UH ,/,","-- yeah, /"
sd,A,"it/PRP 's/BES hard/JJ ,/,","it's hard, /"
sd,A,"I/PRP think/VBP ,/, uh/UH ,/, I/PRP find/VBP myself/PRP getting/VBG my/PRP$ little/JJ projects/NNS going/VBG and/CC not/RB taking/VBG the/DT time/NN that/WDT I/PRP should/MD ./.","I think, {F uh, } I find myself getting my little projects going and not taking the time that I should <laughter>. /"
b,B,Yeah/UH ./.,Yeah. /
sd,A,"I/PRP 'm/VBP more/RBR worried/JJ about/IN ,/, Oh/UH ,/,","I'm more worried about, {F Oh, } - /"
sd,A,"I/PRP did/VBD n't/RB this/DT done/VBN ,/,","I didn't this done, - /"
sd,A,"I/PRP did/VBD n't/RB get/VB ,/,","I didn't get, - /"
sd,A,the/DT kitchen/NN needs/VBZ to/TO be/VB cleaned/VBN --/:,the kitchen needs to be cleaned -- /
b,B,Uh-huh/UH ./.,Uh-huh. /
sd,A,"--/: this/DT needs/VBZ to/TO be/VB done/VBN ,/,","-- this needs to be done, /"
sd,A,and/CC --/:,[ {C and } -- +
b,B,Uh-huh/UH ./.,Uh-huh. /
+,A,"--/: and/CC I/PRP need/VBP to/TO re/VB ,/, remind/VB myself/PRP to/TO slow/VB down/RP","-- {C and } ] I need to [ re-, + remind ] myself to slow down /"
sd,A,and/CC --/:,{C and } --
b,B,Right/UH ./.,Right. /
+,A,--/: it/PRP 'll/MD still/RB be/VB there/RB tomorrow/NN ./.,-- it'll still be there tomorrow. /
b,B,"Yeah/UH ,/,","Yeah, /"
ba,B,that/DT 's/BES true/JJ ./.,that's true. /
sv,A,"But/CC that/DT 's/BES kind/RB of/RB hard/JJ to/TO do/VB ,/, you/PRP know/VBP ./.","{C But } that's kind of hard to do, {D you know. } /"
b,B,"Yes/UH ,/,","Yes, /"
sv,B,"it/PRP is/VBZ hard/JJ to/TO do/VB ,/,","it is hard to do, /"
b,B,"right/UH ,/,","right, /"
b,B,yeah/UH ./.,yeah. /
sv,A,You/PRP do/VBP n't/RB see/VB yourself/PRP getting/VBG ./.,You don't see yourself getting. -/
sv,B,"Well/UH ,/, if/IN you/PRP 're/VBP kind/NN of/IN a/DT person/NN that/WDT likes/VBZ things/NNS ,/, you/PRP know/VBP ,/, organized/JJ or/CC neat/JJ --/:","{D Well, } if you're kind of a person that likes things, {D you know, } organized or neat -- /"
b,A,Uh-huh/UH ./.,Uh-huh. /
%,B,"--/: or/CC ,/, you/PRP know/VBP --/:","-- {C or, } {D you know } -- /"
b,A,Right/UH ./.,Right. /
sv,B,"--/: then/RB I/PRP think/VBP it/PRP ,/, it/PRP is/VBZ hard/JJ ./.","-- then I think [ it, + it ] is hard. /"
%,B,"It/PRP 's/BES ,/, um/UH ,/,","It's, {F um, } - /"
sd,B,"I/PRP think/VBP one/CD of/IN the/DT nice/JJ things/NNS about/IN holidays/NNS is/VBZ that/IN ,/, you/PRP know/VBP ,/, it/PRP does/VBZ give/VB you/PRP the/DT opportunity/NN to/TO spend/VB more/JJR time/NN --/:","I think one of the nice things about holidays is that, {D you know, } it does give you the opportunity to spend more time --"
^2,A,Slow/VB down/RP a/DT little/JJ bit/NN ./.,Slow down a little bit. /
+,B,"--/: yeah/UH ,/, with/IN family/NN ./.","-- {D yeah, } with family. /"
sd,B,"We/PRP have/VBP ,/, we/PRP often/RB go/VBP to/IN Illinois/NNP --/:","[ We have, + we often go ] to Illinois --"
b,A,"Oh/UH ,/, uh-huh/UH ./.","{F Oh, } uh-huh. /"
+,B,"--/: for/IN Christmas/NNP ,/,","-- for Christmas, /"
sd,B,"and/CC we/PRP 're/VBP not/RB this/DT year/NN ,/,","{C and } we're not this year, /"
sd,B,"and/CC it/PRP 's/BES just/RB really/RB nice/JJ because/IN we/PRP can/MD do/VB ,/, you/PRP know/VBP ,/, the/DT things/NNS you/PRP want/VBP to/TO do/VB ./.","{C and } it's just really nice because we can do, {D you know, } the things you want to do. /"
qy^d,A,"You/PRP can/MD do/VB ,/, uh/UH ,/, more/JJR than/IN --/:","You can do, {F uh, } more [ than -- +"
ny,B,Yeah/UH ./.,Yeah. /
+,A,--/: than/IN when/WRB you/PRP travel/VBP ./.,-- than ] when you travel. /
ny,B,"Yeah/UH ,/,","Yeah, /"
sd,B,that/DT 's/BES right/JJ ./.,that's right. /
sd,A,"This/DT is/VBZ the/DT first/JJ year/NN we/PRP 're/VBP staying/VBG home/RB ,/, too/RB ,/,","This is the first year we're staying home, too, /"
sd,A,"and/CC ,/, uh/UH ,/, I/PRP think/VBP it/PRP 's/BES going/VBG to/TO be/VB real/RB quiet/JJ","{C and, } {F uh, } <throat_clearing> I think it's going to be real quiet /"
sd,A,"but/CC ,/, uh/UH ,/, that/DT 's/BES an/DT opportunity/NN to/TO get/VB out/RB the/DT games/NNS","{C but, } {F uh, } that's an opportunity to get out the games /"
%,A,"and/CC ,/,","{C and, } -/"
b,B,"Yeah/UH ,/,","Yeah, /"
b,B,right/UH ./.,right. /
sd,B,"See/UH ,/, we/PRP usually/RB do/VBP that/DT ,/,","{D See, } we usually do that, /"
sd,B,"my/PRP$ ,/, my/PRP$ kids/NNS even/RB have/VBP already/RB gotten/VBN out/RB ,/, um/UH ,/,","[ my, + my ] kids even have already gotten out, {F um, } - /"
sd,B,my/PRP$ twelve/CD year/NN old/NN got/VBD out/RB the/DT Legos/NNPS --/:,my twelve year old got out the Legos --
b,A,Right/UH ./.,Right. /
+,B,--/: which/WDT of/IN course/NN he/PRP has/VBZ n't/RB touched/VBN since/IN last/JJ summer/NN --/:,-- which of course he hasn't touched since last summer -- /
b^m,A,"Of/IN co-/NN ,/, of/IN course/NN ./.","[ Of co-, + of course. ] /"
sd,B,"--/: but/CC ,/, you/PRP know/VBP ,/, but/CC every/DT now/RB and/CC then/RB ,/, I/PRP mean/VBP ,/, he/PRP 's/HVS got/VBN a/DT lot/NN of/IN those/DT technic/NN ,/, those/DT hard/JJ kind/NN ,/,","-- [ {C but, } + {D you know, } {C but } ] every now and then, {E I mean, } he's got a lot of [ those technic, + those hard kind, ] /"
sd,B,"you/PRP know/VBP ,/, and/CC he/PRP wants/VBZ to/TO be/VB an/DT engineer/NN ,/,","{D you know, } {C and } he wants to be an engineer, /"
sd,B,so/RB he/PRP still/RB likes/VBZ --/:,{C so } he still likes --
b,A,"Oh/UH ,/, yeah/UH ./.","{F Oh, } yeah. /"
+,B,--/: all/PDT that/DT kind/NN of/IN building/NN stuff/NN,-- all that kind of building stuff /
sd,B,"and/CC ,/, um/UH ,/, we/PRP have/VBP the/DT train/NN ,/,","{C and, } {F um, } we have the train, /"
sd,B,"and/CC we/PRP have/VBP n't/RB had/VBN that/DT Lego/NNP train/NN together/RB for/IN years/NNS ,/,","{C and } we haven't had that Lego train together for years, /"
sd,B,"and/CC ,/, um/UH ,/, so/RB he/PRP sat/VBD down/RB ,/,","[ {C and, } + {F um, } {C so } ] he sat down, /"
sd,B,"and/CC I/PRP told/VBD him/PRP I/PRP really/RB wanted/VBD him/PRP to/TO build/VB the/DT train/NN ,/,","{C and } I told him I really wanted him to build the train, /"
sd,B,"and/CC we/PRP would/MD put/VB it/PRP under/IN the/DT tree/NN ,/, and/CC that/IN I/PRP would/MD keep/VB it/PRP together/RB ,/,","{C and } we would put it under the tree, and that I would keep it together, /"
sd,B,I/PRP would/MD n't/RB take/VB it/PRP apart/RB --/:,I wouldn't take it apart -- /
bf,A,Would/MD n't/RB take/VB it/PRP apart/RB after/IN that/DT ./.,Wouldn't take it apart after that. /
aa,B,"--/: yeah/UH ,/,","-- yeah, /"
sd,B,and/CC every/DT year/NN I/PRP 'd/MD have/VB the/DT Lego/NNP train/NN under/IN the/DT tree/NN ./.,{C and } every year I'd have the Lego train under the tree. /
ba,A,That/DT 'd/MD be/VB kind/RB of/RB fun/JJ ./.,That'd be kind of fun. /
sd,B,"And/CC ,/, um/UH ,/, so/RB he/PRP worked/VBD on/IN that/DT for/IN the/DT longest/JJS time/NN ,/, ever/RB since/IN school/NN was/VBD out/IN on/IN Friday/NNP ,/,","[ {C And, } + {F um, } {C so } ] he worked on that for the longest time, ever since school <laughter> was out on Friday, /"
sd,B,"and/CC ,/, um/UH ,/, then/RB his/PRP$ sixteen/CD year/NN old/JJ brother/NN started/VBD helping/VBG ,/, too/RB ,/, you/PRP know/VBP ./.","{C and, } {F um, } then his sixteen year old brother started helping, too, {D you know. } /"
x,A,./.,<Laughter>.
sd,B,"you/PRP know/VBP ,/, these/DT are/VBP kind/NN of/IN things/NNS like/UH during/IN the/DT normal/JJ rat/NN race/NN --/:","{D you know, } these are kind of things {D like } during the normal rat race -- -/"
b,A,"Right/UH ,/,","Right, /"
b^m,A,right/UH ./.,right. /
sd,B,--/: those/DT kinds/NNS of/IN things/NNS never/RB happen/VBP --/:,-- those kinds of things never happen -- /
aa,A,No/UH --/:,No -- /
%,B,--/: but/CC ./.,-- {C but. } -/
aa,A,--/: no/UH ./.,-- no. /
sv,A,"In/IN fact/NN in/IN ,/, I/PRP think/VBP if/IN people/NNS would/MD learn/VB to/TO turn/VB off/RP the/DT T/NN V/NN -s/NNS","In fact in, I think if people would learn to turn off the T V -s /"
%,A,and/CC --/:,{C and } -- -/
b,B,Uh-huh/UH ./.,Uh-huh. /
b,B,Yeah/UH ./.,Yeah. /
sv,A,--/: I/PRP think/VBP that/DT 's/BES a/DT lot/NN of/IN the/DT breakdown/NN of/IN the/DT communication/NN --/:,-- I think that's a lot of the breakdown of the communication --
aa,B,"Yes/UH ,/,","Yes, /"
b,B,yeah/UH ./.,yeah. /
+,A,--/: and/CC the/DT communication/NN --/:,-- {C and } the communication --
%,B,"Which/WDT is/VBZ ,/,","Which is, -/"
+,A,"--/: that/WDT would/MD take/VB place/NN in/IN a/DT family/NN ,/,","-- that would take place in a family, /"
sv,A,usually/RB people/NNS are/VBP not/RB sitting/VBG in/IN front/NN of/IN that/DT ./.,usually people are not sitting in front of that. /
b,B,"Uh-huh/UH ,/,","Uh-huh, /"
sd,B,"and/CC there/EX 's/BES always/RB a/DT few/JJ people/NNS in/IN the/DT family/NN that/WDT ,/, when/WRB they/PRP stare/VBP at/IN it/PRP ,/, you/PRP know/VBP ,/, they/PRP 're/VBP totally/RB turned/JJ off/RP to/IN everything/NN else/RB ./.","{C and } there's always a few people in the family that, when they stare at it, <laughter> {D you know, } they're totally turned off to everything else. /"
%,B,The/DT rest/NN of/IN ./.,The rest of. -/
b,A,"Yes/UH ,/,","Yes, /"
bh,A,"and/CC you/PRP ca/MD n't/RB communicate/VB while/IN you/PRP 're/VBP doing/VBG that/DT ,/, right/UH ?/.","{C and } you can't communicate while you're doing that, right? /"
aa,B,No/UH ./.,No <laughter>. /
ba,B,That/DT 's/BES right/JJ ./.,That's right. /
sd,A,"Whereas/IN ,/, uh/UH ,/, I/PRP 'm/VBP the/DT type/NN of/IN person/NN ,/, I/PRP could/MD not/RB sit/VB ,/, well/UH ,/,","Whereas, {F uh, } I'm the type of person, I could not sit, {D well, } /"
h,A,"I/PRP should/MD n't/RB say/VB I/PRP could/MD not/RB ,/,","I shouldn't say I could not, /"
sd,A,but/CC be/VB very/RB hard/JJ for/IN me/PRP to/TO sit/VB down/RB and/CC watch/VB a/DT program/NN all/PDT the/DT way/NN through/IN without/IN --/:,{C but } be very hard for me to sit down and watch a program all the way through without --
b,B,"Yeah/UH ,/,","Yeah, /"
b,B,"yeah/UH ,/,","yeah, /"
sd,B,me/PRP too/RB ./.,me too. /
+,A,--/: doing/VBG something/NN ./.,-- doing something. /
b,B,"Yeah/UH ,/,","<Laughter> Yeah, /"
^2,A,"Because/IN they/PRP talk/VBP so/RB much/JJ ,/,","Because they talk so much, /"
%,A,"is/VBZ n't/RB that/DT the/DT ,/,","isn't that the, -/"
sd,B,"they/PRP talk/VBP about/IN T/NN V/NN shows/NNS ,/,","they talk about T V shows, /"
%,B,"and/CC I/PRP ,/, huh/UH ,/,","{C and } I, {F huh, } - /"
sv,B,"you/PRP know/VBP ,/, how/WRB can/MD you/PRP watch/VBP that/DT ,/, you/PRP know/VBP --/:","{D you know, } how can you watch that, {D you know } -- /"
sv,A,"You/PRP 're/VBP kind/RB of/RB like/IN ,/, what/WP are/VBP you/PRP talking/VBG about/IN","You're kind of like, what are you talking about /"
%,A,"and/CC ,/, uh/UH ,/,","{C and, } {F uh, } -/"
^2,B,"--/: it/PRP 's/BES the/DT best/JJS show/NN on/RP ,/,","-- <Laughter> it's the best show on, - /"
h,B,I/PRP do/VBP n't/RB know/VB ./.,I don't know. /
qy,A,"You/PRP feel/VBP like/IN you/PRP 're/VBP a/DT little/JJ bit/NN out/IN of/IN it/PRP ,/, do/VBP n't/RB you/PRP ./.","You feel like you're a little bit out of it, don't you. /"
x,B,./.,<Laughter>.
sv,A,"They/PRP need/VBP to/TO have/VB a/DT highlight/NN in/IN the/DT newspaper/NN or/CC something/NN tell/VB us/PRP what/WP 's/BES ,/,","They need to have a highlight in the newspaper or something tell us what's, -/"
