act_tag,speaker,pos,text
ad,A,I/PRP 'll/MD let/VB you/PRP go/VB first/RB ./.,I'll let you go first. /
sd,B,"Well/UH I/PRP think/VBP ,/, I/PRP do/VBP n't/RB know/VB how/WRB your/PRP$ schools/NNS work/VBP back/RB there/RB","<TV> {D Well } I think, I don't know how your schools work back there /"
sd,B,but/CC we/PRP support/VBP our/PRP$ schools/NNS here/RB with/IN property/NN taxes/NNS ./.,{C but } we support our schools here with property taxes. /
b,A,Uh-huh/UH ./.,Uh-huh. /
sd,B,And/CC the/DT land/NN owners/NNS or/CC home/NN owners/NNS are/VBP the/DT ones/NNS that/WDT pay/VBP the/DT school/NN tax/NN ./.,{C And } the land owners or home owners are the ones that pay the school tax. /
sd,B,"So/RB if/IN you/PRP 're/VBP renting/VBG a/DT house/NN or/CC doing/VBG anything/NN else/RB ,/, you/PRP 're/VBP not/RB actually/RB contributing/VBG to/IN the/DT education/NN of/IN your/PRP$ children/NNS ./.","{C So } if you're renting a house or doing anything else, you're not actually contributing to the education of your children. /"
sv,B,"And/CC I/PRP think/VBP that/DT 's/BES wrong/JJ ,/,","{C And } I think that's wrong, /"
sv,B,I/PRP think/VBP everybody/NN should/MD contribute/VB to/IN the/DT education/NN of/IN their/PRP$ children/NNS even/RB if/IN they/PRP had/VBD to/TO raise/VB the/DT sales/NNS tax/NN by/IN one/CD percent/NN then/RB everybody/NN going/VBG through/IN the/DT state/NN would/MD be/VB supporting/VBG our/PRP$ education/NN system/NN ./.,I think everybody should contribute to the education of their children even if they had to raise the sales tax by one percent then everybody going through the state would be supporting our education system. /
sv,B,"So/RB ,/, as/IN it/PRP turns/VBZ out/RP ,/, we/PRP do/VBP n't/RB really/RB have/VB a/DT tremendous/JJ education/NN system/NN because/IN they/PRP do/VBP n't/RB have/VB the/DT money/NN they/PRP need/VBP to/TO run/VB it/PRP ./.","{C So, } as it turns out, we don't really have a tremendous education system because they don't have the money they need to run it. /"
b,A,"Yeah/UH ,/,","Yeah, /"
sd,A,"I/PRP ,/, uh/UH ,/, I/PRP spent/VBD a/DT couple/NN ,/, uh/UH ,/, years/NNS down/IN in/IN ,/, uh/UH ,/, Plano/NNP ,/, Texas/NNP ./.","[ I, + {F uh, } I ] spent a couple, {F uh, } years down in, {F uh, } Plano, Texas. /"
b,B,Uh-huh/UH ./.,Uh-huh. /
sd,A,"And/CC ,/, uh/UH ,/, I/PRP was/VBD one/CD of/IN the/DT home/NN owners/NNS down/IN there/RB that/WDT got/VBD taxed/VBN to/IN death/NN ,/,","{C And, } {F uh, } I was one of the home owners down there that got taxed to death,"
b,B,Yeah/UH ./.,Yeah. /
+,A,"for/IN the/DT ,/, uh/UH ,/, Plano/NNP ,/, uh/UH ,/, school/NN system/NN ./.","for the, {F uh, } Plano, {F uh, } school system. /"
b,B,Yeah/UH ./.,Yeah. /
sd,A,"And/CC ,/, uh/UH ,/, I/PRP ,/, f-/XX ,/, you/PRP know/VBP ,/, I/PRP know/VBP that/IN Texas/NNP does/VBZ n't/RB have/VB a/DT state/NN tax/NN ,/,","{C And, } {F uh, } [ I, f-, + {D you know, } I ] know that Texas doesn't have a state tax, /"
aa,B,"No/UH ,/,","No, /"
aa,B,huh-uh/UH ./.,huh-uh. /
sd,A,"and/CC so/RB all/PDT the/DT things/NNS come/VBP out/IN of/IN the/DT ,/, the/DT property/NN taxes/NNS ,/,","{C and so } all the things come out of [ the, + the ] property taxes, /"
b,B,Yeah/UH ./.,Yeah. /
sd,A,"and/CC I/PRP was/VBD ,/, uh/UH ,/, really/RB shocked/VBN at/IN the/DT amount/NN of/IN taxes/NNS I/PRP ended/VBD up/RP paying/VBG ./.","{C and } I was, {F uh, } really shocked at the amount of taxes I ended up paying. /"
sd,A,"I/PRP was/VBD ,/, I/PRP was/VBD better/JJR off/RP paying/VBG a/DT state/NN tax/NN mo-/XX ,/, back/RB in/IN Maryland/NNP ,/, where/WRB ,/, ,/,","[ I was, + I was ] better off paying a state tax [ mo-, + ] back in Maryland, where, <breathing> <laughter>, -/"
aa,B,"Yeah/UH ,/,","Yeah, /"
aa,B,yeah/UH,yeah /
sv,B,you/PRP would/MD be/VB ./.,you would be. /
sd,A,"than/IN I/PRP was/VBD ,/, uh/UH ,/, paying/VBG the/DT ,/, uh/UH ,/, property/NN tax/NN down/IN there/RB ./.","than I was, {F uh, } paying the, {F uh, } property tax down there. /"
sd,A,"Uh/UH ,/, what/WP they/PRP did/VBD in/IN Maryland/NNP to/TO get/VB around/IN that/DT is/VBZ they/PRP ,/, uh/UH ,/, they/PRP developed/VBD a/DT renters/NNS tax/NN solely/RB for/IN the/DT purpose/NN of/IN paying/VBG for/IN the/DT services/NNS ,/,","{F Uh, } what they did in Maryland to get around that is [ they, + {F uh, } they ] developed a renters tax solely for the purpose of paying for the services,"
b,B,Oh/UH ./.,Oh. /
+,A,"that/WDT the/DT renters/NNS were/VBD getting/VBG including/VBG the/DT ,/, uh/UH ,/, educational/JJ services/NNS ./.","that the renters were getting including the, {F uh, } educational services. /"
b,B,Yeah/UH ./.,Yeah. /
sd,A,"And/CC ,/, uh/UH ,/, the/DT tax/NN was/VBD administered/VBN by/IN ,/, uh/UH ,/, the/DT ,/, uh/UH ,/, rental/JJ company/NN that/WDT actually/RB was/VBD managing/VBG the/DT apartments/NNS","{C And, } {F uh, } the tax was administered by, {F uh, } the, {F uh, } rental company that actually was managing the apartments /"
sd,A,"so/RB when/WRB ,/,","{C so } [ when, +"
b,B,Oh/UH ./.,Oh. /
+,A,"uh/UH ,/, long/JJ ,/, long/JJ time/NN ago/RB ,/, when/WRB I/PRP used/VBD to/TO live/VB in/IN apartments/NNS ,/, I/PRP would/MD pay/VB a/DT rent/NN payment/NN every/DT month/NN and/CC a/DT tax/NN payment/NN every/DT month/NN ./.","{F uh, } long, long time ago, when ] I used to live in apartments, I would pay a rent payment every month and a tax payment every month. /"
ba,B,Gee/UH ./.,Gee. /
sd,A,"And/CC the/DT tax/NN payment/NN went/VBD to/TO pay/VB for/IN the/DT services/NNS that/WDT I/PRP was/VBD getting/VBG as/IN a/DT ,/, a/DT resident/NN of/IN that/DT particular/JJ county/NN ./.","{C And } the tax payment went to pay for the services that I was getting as [ a, + a ] resident of that particular county. /"
b,B,Yeah/UH ./.,Yeah. /
sd,A,"And/CC ,/, uh/UH ,/, that/DT 's/BES the/DT way/NN it/PRP worked/VBD ./.","{C And, } {F uh, } that's the way it worked. /"
sd,A,"Here/RB in/IN Maryland/NNP we/PRP have/VBP ,/, uh/UH ,/, a/DT certain/JJ portion/NN of/IN your/PRP$ ,/, your/PRP$ property/NN taxes/NNS ,/, uh/UH ,/, goes/VBZ to/IN education/NN ,/,","Here in Maryland [ we have, + ] {F uh, } a certain portion of [ your, + your ] property taxes, {F uh, } goes to education, /"
b,B,Yeah/UH ./.,Yeah. /
sd,A,"but/CC also/RB a/DT portion/NN of/IN the/DT state/NN tax/NN that/WDT you/PRP pay/VBP goes/VBZ back/RB into/IN the/DT county/NN that/WDT you/PRP live/VBP in/IN ,/, to/TO pay/VB for/IN the/DT educational/JJ system/NN ./.","{C but } also a portion of the state tax that you pay goes back into the county that you live in, to pay for the educational system. /"
ba,B,"Oh/UH ,/, well/UH that/DT 's/BES pretty/RB good/JJ ./.","{F Oh, } {D well that's pretty good. } /"
sv,A,"And/CC so/RB it/PRP ,/, it/PRP works/VBZ out/RP nice/RB ,/,","{C And so } [ it, + it ] works out nice, /"
sd,A,"it/PRP ,/, it/PRP ,/, it/PRP makes/VBZ it/PRP so/IN that/IN the/DT ,/, uh/UH ,/, whole/JJ county/NN now/RB ,/,","[ [ it, + it, ] + it ] makes it so that the, {F uh, } whole county now, - /"
sd,A,"I/PRP ,/, I/PRP know/VBP the/DT concept/NN of/IN counties/NNS in/IN Texas/NNP is/VBZ quite/PDT a/DT bit/NN different/JJ than/IN it/PRP is/VBZ here/RB in/IN Maryland/NNP ,/, uh/UH ,/,","[ I, + I ] know the concept of counties in Texas is quite a bit different than it is here in Maryland, {F uh, } /"
sd,A,"like/IN Collin/NNP County/NNP ,/, uh/UH ,/, would/MD only/RB equal/VB about/RB maybe/RB an/DT eighth/NN the/DT size/NN of/IN Baltimore/NNP County/NNP ,/, here/RB in/IN Maryland/NNP ./.","like Collin County, {F uh, } would only equal about maybe an eighth the size of Baltimore County, here in Maryland. /"
b,B,"Oh/UH ,/, yeah/UH ./.","{F Oh, } yeah. /"
sd,A,"I/PRP mean/VBP the/DT ,/, the/DT counties/NNS are/VBP much/RB larger/JJR ./.","{E I mean } [ the, + the ] counties are much larger. /"
b,B,Yeah/UH ./.,Yeah. /
sv,A,"You/PRP know/VBP ,/, in/IN the/DT ,/, the/DT whole/JJ state/NN of/IN Maryland/NNP I/PRP believe/VBP there/EX 's/BES only/RB like/UH ,/, uh/UH ,/, fifteen/CD counties/NNS ./.","{D You know, } in [ the, + the ] whole state of Maryland I believe there's only like, {F uh, } fifteen counties. /"
ba,B,Gee/UH whiz/UH ./.,Gee whiz. /
sv,A,"And/CC ,/, so/RB ,/, uh/UH ,/, you/PRP know/VBP each/DT county/NN has/VBZ their/PRP$ own/JJ school/NN system/NN an/^CC ,/, and/CC it/PRP works/VBZ out/RP real/RB nice/RB ./.","{C And, so, } {F uh, } {D you know } each county has their own school system [ {C an, } + {C and } ] it works out real nice. /"
qy,A,"Um/UH ,/, the/DT ,/, the/DT flip/JJ side/NN to/IN this/DT is/VBZ ,/, are/VBP we/PRP getting/VBG what/WP we/PRP 're/VBP paying/VBG for/IN ,/,","{F Um, } [ the, + the ] flip side to this is, are we getting what we're paying for, /"
b,B,Yeah/UH ./.,Yeah. /
sv,A,"and/CC I/PRP do/VBP n't/RB believe/VB so/RB ,/, um/UH ./.","{C and } I don't believe so, {F um. } /"
sd,A,A/DT lot/NN of/IN things/NNS have/VBP come/VBN to/IN head/NN recently/RB,A lot of things have come to head recently /
sd,A,"and/CC I/PRP heard/VBD a/DT report/NN because/IN ,/, of/IN ,/, uh/UH ,/, uh/UH ,/, the/DT emphasis/NN that/WDT the/DT President/NNP was/VBD putting/VBG on/IN education/NN ,/, you/PRP know/VBP ,/,","{C and } I heard a report because, of, {F uh, } {F uh, } the emphasis that the President was putting on education, {D you know, }"
b,B,Uh-huh/UH ./.,Uh-huh. /
+,A,"uh/UH ,/, him/PRP running/VBG as/IN our/PRP$ education/NN president/NN and/CC then/RB finally/RB a/DT couple/NN of/IN years/NNS later/RB getting/VBG around/RP to/IN doing/VBG something/NN ./.","{F uh, } him running as our education president and then finally a couple of years later getting around to doing something. /"
b,B,Yeah/UH ./.,Yeah. /
sd,A,"Um/UH ,/, they/PRP said/VBD since/IN they/PRP imposed/VBD the/DT federal/JJ regulations/NNS on/IN education/NN ,/,","{F Um, } they said since they imposed the federal regulations on education, /"
sd,A,"in/IN other/JJ words/NNS ,/, they/PRP came/VBD up/RP with/IN this/DT federalized/JJ system/NN where/WRB everyone/NN in/IN the/DT third/JJ grade/NN would/MD be/VB taught/VBN basically/RB the/DT same/JJ thing/NN ./.","in other words, they came up with this federalized system where everyone in the third grade would be taught basically the same thing. /"
b,B,Yeah/UH ./.,Yeah. /
sd,A,"And/CC ,/, then/RB ,/, at/IN the/DT end/NN of/IN ,/, uh/UH ,/, school/NN year/NN they/PRP would/MD be/VB tested/VBN","{C And, then, } at the end of, {F uh, } school year they would be tested /"
sd,A,and/CC then/RB they/PRP go/VBP into/IN the/DT fourth/JJ grade/NN,{C and then } they go into the fourth grade /
sd,A,and/CC everybody/NN in/IN the/DT fourth/JJ grade/NN 's/BES basically/RB taught/VBN the/DT same/JJ thing/NN ./.,{C and } everybody in the fourth grade's basically taught the same thing. /
b,B,Yeah/UH ./.,Yeah. /
sd,A,"So/RB when/WRB they/PRP came/VBD up/RP with/IN these/DT ,/, this/DT nationwide/JJ system/NN of/IN public/JJ schools/NNS ,/, uh/UH ,/, they/PRP gave/VBD some/DT figures/NNS out/RP","{C So } when they came up with [ these, + this ] nationwide system of public schools, {F uh, } they gave some figures out /"
sd,A,"and/CC since/IN it/PRP 's/POS inception/NN ,/, uh/UH ,/, they/PRP 've/VBP ,/, the/DT price/NN has/VBZ gone/VBN up/RP per/IN stu-/NN ,/, the/DT prices/NNS paid/VBN by/IN the/DT federal/JJ government/NN per/IN student/NN has/VBZ been/VBN thirty-three/CD percent/NN ./.","{C and } since it's inception, {F uh, } they've, [ the price has gone up per stu-, + the prices paid by the federal government per student ] has been thirty-three percent. /"
ba,B,Yow/UH ./.,Yow. /
sd,A,"And/CC so/RB they/PRP 're/VBP actually/RB spending/VBG thirty-three/CD percent/NN ,/,","{C And so } they're actually spending thirty-three percent, /"
sd,A,"and/CC that/DT 's/BES real/JJ dollars/NNS ,/, you/PRP know/VBP ,/,","{C and } that's real dollars, {D you know, }"
b,B,Yeah/UH ./.,Yeah. /
+,A,"adjusting/VBG it/PRP back/RB to/IN ,/, to/IN the/DT days/NNS ,/, you/PRP know/VBP ,/, when/WRB it/PRP started/VBD ,/, uh/UH ,/, probably/RB ,/, you/PRP know/VBP ,/, seventy/CD years/NNS ago/RB ./.","adjusting it back [ to, + to ] the days, {D you know, } when it started, {F uh, } probably, {D you know, } seventy years ago. /"
sd,A,And/CC what/WP they/PRP 've/VBP said/VBN is/VBZ that/IN we/PRP have/VBP n't/RB had/VBN a/DT thirty-three/CD percent/NN improvement/NN in/IN education/NN ./.,{C And } what they've said is that we haven't had a thirty-three percent improvement in education. /
b,B,"No/UH ,/,","No, /"
b,B,huh-uh/UH ./.,huh-uh. /
sd,A,We/PRP 've/VBP actually/RB gone/VBN backwards/RB ./.,We've actually gone backwards. /
sd,B,Well/UH they/PRP say/VBP that/IN Texas/NNP schools/NNS are/VBP some/DT of/IN the/DT lowest/JJS in/IN the/DT nation/NN ./.,{D Well } they say that Texas schools are some of the lowest in the nation. /
sd,B,That/DT our/PRP$ high/JJ school/NN graduates/NNS ca/MD n't/RB even/RB match/VB the/DT national/JJ average/NN ./.,That our high school graduates can't even match the national average. /
b,A,Yeah/UH ./.,Yeah. /
sv,B,"So/RB ,/, you/PRP know/VBP ,/, our/PRP$ school/NN system/NN down/IN here/RB is/VBZ no/GW where/^RB near/RB perfect/JJ","{C So, } {D you know, } our school system down here is no where near perfect /"
sd,B,but/CC they/PRP keep/VBP complaining/VBG they/PRP do/VBP n't/RB have/VB the/DT money/NN to/TO do/VB it/PRP ./.,{C but } they keep complaining they don't have the money to do it. /
b,A,"Yeah/UH ,/,","Yeah, /"
sd,A,"well/UH ,/, they/PRP ,/, they/PRP 've/VBP been/VBN having/VBG some/DT problems/NNS ,/, uh/UH ,/, even/RB here/RB in/IN ,/, uh/UH ,/, like/IN Baltimore/NNP City/NNP which/WDT is/VBZ ,/, a/DT ,/, a/DT ,/, pretty/RB good/JJ ci-/NN ,/, goo-/RB ,/, good/JJ sized/JJ city/NN ./.","{D well, } [ they, + they've ] been having some problems, {F uh, } even here in, {F uh, } {D like } Baltimore City which is, [ a, + a, ] [ pretty good ci-, + [ goo-, + good ] sized city. ] /"
b,B,Yeah/UH ./.,Yeah. /
sd,A,"Uh/UH ,/, they/PRP 've/VBP been/VBN putting/VBG a/DT lot/NN of/IN ,/, uh/UH ,/, stress/NN on/IN it/PRP","{F Uh, } they've been putting a lot of, {F uh, } stress on it /"
sd,A,"and/CC of/IN course/NN ,/, speaking/VBG of/IN stress/NN the/DT teachers/NNS are/VBP all/RB getting/VBG stressed/VBN out/RP from/IN trying/VBG to/TO ,/, you/PRP know/VBP ,/, do/VB everything/NN they/PRP 're/VBP supposed/VBN to/TO do/VB","{C and } of course, speaking of stress the teachers are all getting stressed out from trying to, {D you know, } do everything they're supposed to do /"
sd,A,"and/CC of/IN course/NN they/PRP 've/VBP ,/, uh/UH ,/, been/VBN cutting/VBG the/DT teachers/^NNS^POS salaries/NNS ,/,","{C and } of course they've, {F uh, } been cutting the teachers salaries,"
b,B,"Oh/UH ,/, yeah/UH ./.","{F Oh, } yeah. /"
+,A,because/IN they/PRP say/VBP we/PRP do/VBP n't/RB have/VB the/DT money/NN to/TO do/VB it/PRP,because they say we don't have the money to do it /
sd,A,"and/CC ,/,","{C and, }"
b,B,Yeah/UH ./.,Yeah. /
+,A,"all/PDT the/DT services/NNS are/VBP costing/VBG more/JJR money/NN and/CC ,/, and/CC everything/NN ,/, uh/UH ,/,","all the services are costing more money [ and, + and ] everything, {F uh, } /"
sv,A,"but/CC the-/DT ,/, uh/UH ,/, a/DT lot/NN of/IN emphas-/NN ,/, now/RB is/VBZ being/VBG put/VBN on/IN ,/, you/PRP know/VBP ,/, when/WRB children/NNS used/VBD to/TO be/VB taught/VBN ,/, you/PRP know/VBP ,/, like/IN ,/, uh/UH ,/, uh/UH ,/, each/DT child/NN is/VBZ individual/JJ ,/,","{C but } [ the-, + ] {F uh, } a lot of emphas-, now is being put on, {D you know, } when children used to be taught, {D you know, } like, {F uh, } {F uh, } each child is individual, /"
b,B,Yeah/UH ./.,Yeah. /
sv,A,"you/PRP know/VBP ,/, they/PRP 're/VBP not/RB all/PDT the/DT same/JJ","{D you know, } they're not all the same /"
sv,A,and/CC --/:,{C and } --
b,B,"Yeah/UH ,/,","Yeah, /"
^2,B,they/PRP need/VBP to/TO take/VB things/NNS at/IN their/PRP$ own/JJ speed/NN ./.,they need to take things at their own speed. /
+,A,"--/: some/DT students/NNS do/VBP horrible/RB until/IN like/IN eighth/JJ grade/NN ,/,","-- some students do horrible until {D like } eighth grade, /"
sv,A,"some/DT do/VBP horrible/RB ,/, you/PRP know/VBP ,/, until/IN they/PRP get/VBP to/IN like/IN tenth/JJ grade/NN ,/,","some do horrible, {D you know, } until they get to {D like } tenth grade, /"
b,B,Yeah/UH ./.,Yeah. /
sv,A,"and/CC then/RB all/DT of/IN a/DT sudden/JJ everything/NN clicks/VBZ in/RP ,/, you/PRP know/VBP ./.","{C and then } all of a sudden everything clicks in, {D you know. } /"
sv,A,"And/CC then/RB there/EX are/VBP some/DT students/NNS that/WDT ,/, you/PRP know/VBP ,/, read/VBP well/RB at/IN five/CD years/NNS old/JJ ,/,","{C And then } there are some students that, {D you know, } read well at five years old,"
b,B,Uh-huh/UH ./.,Uh-huh. /
+,A,"and/CC ,/, you/PRP know/VBP ,/, seem/VBP to/TO excel/VB ./.","and, {D you know, } seem to excel. /"
sd,A,"And/CC so/RB that/DT ,/, the/DT ,/, you/PRP know/VBP ,/, one/CD of/IN the/DT things/NNS I/PRP heard/VBD proposed/VBN on/IN ,/, uh/UH ,/, one/CD of/IN the/DT public/JJ radio/NN stations/NNS up/IN here/RB was/VBD that/IN we/PRP should/MD go/VB back/RB to/IN teaching/VBG children/NNS at/IN their/PRP$ own/JJ speed/NN ./. Some/DT ki-/XX ,/,","{C And so } [ [ that, + the, ] + {D you know, } one of the ] things I heard proposed on, {F uh, } one of the public radio stations up here was that we should go back to teaching children at their own speed. Some ki-, -/"
b,B,"Yeah/UH ,/,","Yeah, /"
b,A,Yeah/UH ./.,Yeah. /
sv,B,"they/PRP ca/MD n't/RB keep/VB force/NN feeding/VBG things/NNS to/IN each/DT other/JJ and/CC ,/,","they can't keep force feeding things to each other [ and, +"
sv,A,"And/CC ,/, and/CC ,/, uh/UH ,/,","[ [ {C And, } + {C and, } ] + {F uh, }"
+,B,"or/CC ,/, you/PRP know/VBP ,/, at/IN the/DT kids/NNS ./.","or, ] {D you know, } at the kids. /"
+,A,"and/CC on/IN top/NN of/IN that/DT they/PRP ,/, they/PRP make/VBP the/DT child/NN feel/VB inferior/JJ ,/,","{C and } ] on top of that [ they, + they ] make the child feel inferior,"
b,B,"Uh-huh/UH ,/,","Uh-huh, /"
^2,B,because/IN he/PRP ca/MD n't/RB do/VB it/PRP ./.,because he can't do it. /
+,A,because/IN he/PRP 's/BES not/RB as/RB good/JJ as/IN another/DT kid/NN his/PRP$ same/JJ age/NN ./.,because he's not as good as another kid his same age. /
sv,A,"I/PRP mean/VBP ,/, it/PRP 's/BES like/UH ,/, you/PRP know/VBP ,/, that/DT 's/BES ridiculous/JJ ./.","{E I mean, } [ it's + {D like, } {D you know, } that's ] ridiculous. /"
sv,B,"And/CC it/PRP 's/BES not/RB that/IN he/PRP ca/MD n't/RB do/VB it/PRP ,/,","{C And } it's not that he can't do it, /"
sv,B,"he/PRP just/RB ca/MD n't/RB do/VB it/PRP quite/RB as/RB fast/RB ,/,","he just can't do it quite as fast, /"
%,B,"or/CC ,/,","{C or, } -/"
b,A,"Yeah/UH ,/,","Yeah, /"
sd,A,"and/CC ,/, uh/UH ,/, you/PRP know/VBP ,/, I/PRP have/VBP ,/, uh/UH ,/, I/PRP ,/, I/PRP have/VBP five/CD children/NNS total/JJ ,/,","{C and, } {F uh, } {D you know, } [ I have, + {F uh, } [ I, + I ] have ] five children total, /"
b,B,Yeah/UH ./.,Yeah. /
sd,A,and/CC I/PRP 've/VBP got/VBN two/CD out/IN of/IN the/DT house/NN already/RB,{C and } I've got two out of the house already /
sd,A,"and/CC I/PRP ha/VBP ,/, I/PRP have/VBP two/CD that/WDT are/VBP in/IN ,/, uh/UH ,/, eighth/JJ grade/NN this/DT year/NN ./.","{C and } [ I ha-, + I have ] two that are in, {F uh, } eighth grade this year. /"
b,B,All/RB right/JJ ./.,All right. /
sd,A,"And/CC prior/IN to/IN their/PRP$ ,/, um/UH ,/,","{C And } prior to their, {F um, } - /"
sd,A,"when/WRB I/PRP ,/, when/WRB they/PRP were/VBD in/IN elementary/JJ school/NN they/PRP were/VBD identi/VBN ,/, identified/VBN as/IN being/VBG slow/JJ ./.","[ when I, + when they ] were in elementary school they were [ identi-, + identified ] as being slow. /"
b,B,Yeah/UH ./.,Yeah. /
sd,A,And/CC so/RB they/PRP put/VBP them/PRP into/IN special/JJ programs/NNS,{C And so } they put them into special programs /
sd,A,and/CC then/RB we/PRP actually/RB held/VBD them/PRP back/RB in/IN fourth/JJ grade/NN ./.,{C and then } we actually held them back in fourth grade. /
%,B,Um/UH ./.,{F Um. } /
sd,A,"And/CC it/PRP was/VBD n't/RB until/IN the/DT last/JJ two/CD years/NNS ,/, um/UH ,/,","{C And } it wasn't until the last two years, {F um, } /"
%,A,"last/JJ year/NN my/PRP$ ,/, uh/UH ,/,","last year my, {F uh, } - /"
sd,A,"they/PRP 're/VBP they/PRP 're/VBP a/DT set/NN of/IN twins/NNS ,/,","[ they're + they're ] a set of twins,"
b,B,Uh-huh/UH ./.,Uh-huh. /
+,A,"um/UH ,/, a/DT boy/NN and/CC a/DT girl/NN ./.","{F um, } a boy and a girl. /"
sd,A,"Last/JJ year/NN the/DT ,/, the/DT ,/, uh/UH ,/, boy/NN twin/NN started/VBD doing/VBG real/RB well/RB ./.","Last year [ the, + the, ] {F uh, } boy twin started doing real well. /"
b,B,All/RB right/JJ ./.,All right. /
sd,A,"And/CC it/PRP ,/, it/PRP ,/, everything/NN started/VBD to/TO click/VB in/RP for/IN him/PRP","{C And } [ [ it, + it, ] + everything ] started to click in for him /"
sd,A,and/CC he/PRP knew/VBD what/WP he/PRP needed/VBD to/TO do/VB ./.,{C and } he knew what he needed to do. /
sd,A,"Um/UH ,/, and/CC this/DT year/NN it/PRP ,/, it/PRP happened/VBD for/IN ,/, uh/UH ,/, for/IN the/DT daughter/NN ./.","{F Um, } {C and } this year [ it, + it ] happened [ for, + {F uh, } for ] the daughter. /"
b,B,"Um/UH ,/, all/RB right/JJ ./.","{F Um, } all right. /"
sd,A,"She/PRP just/RB has/VBZ been/VBN ,/,","She just has been,"
^2,B,Jumped/VBD on/RP out/IN there/RB ./.,Jumped on out there. /
+,A,really/RB doing/VBG great/RB this/DT year/NN,really doing great this year /
sd,A,and/CC she/PRP has/VBZ the/DT right/JJ attitude/NN towards/IN school/NN and/CC everything/NN ./.,{C and } she has the right attitude towards school and everything. /
ba,B,That/DT 's/BES good/JJ ./.,That's good. /
sv,A,And/CC I/PRP think/VBP it/PRP 's/BES just/RB a/DT matter/NN of/IN everybody/NN has/VBZ to/TO find/VB their/PRP$ own/JJ path/NN ./.,{C And } I think it's just a matter of everybody has to find their own path. /
sd,A,"I/PRP remember/VBP when/WRB I/PRP was/VBD in/IN school/NN ,/, I/PRP did/VBD horrible/RB up/IN until/IN about/RB ,/,","I remember when I was in school, I did horrible up until [ about, +"
b,B,"Yeah/UH ,/,","Yeah, /"
sd,B,"I/PRP did/VBD too/RB ,/, up/IN until/IN ninth/JJ or/CC tenth/JJ grade/NN ./.","I did too, up until ninth or tenth grade. /"
+,A,"yeah/UH ,/, about/RB the/DT seventh/JJ ,/, eighth/JJ grade/NN","{D yeah, } about ] the seventh, eighth grade /"
sd,A,"I/PRP ,/, I/PRP ,/, I/PRP started/VBD to/TO ,/, to/TO come/VB around/RB and/CC realize/VB","[ [ I, + I, ] + I ] started [ to, + to ] come around and realize /"
sd,A,"an/^CC ,/, and/CC basically/RB I/PRP got/VBD interested/JJ in/IN math/NN ,/,","[ {C an, } + {C and } ] basically I got interested in math,"
b,B,Yeah/UH ./.,Yeah. /
+,A,"and/CC ,/, uh/UH ,/, never/RB really/RB did/VBD well/RB in/IN english/NN","{C and, } {F uh, } never really did well in english /"
sv,A,"but/CC ,/, you/PRP know/VBP once/IN you/PRP got/VBD interested/VBN in/IN something/NN and/CC things/NNS started/VBD to/TO click/VB in/IN place/NN then/RB after/IN that/DT you/PRP take/VBP off/RP ./.","{C but, } {D you know } once you got interested in something and things started to click in place then after that you take off. /"
b,B,"Yeah/UH ,/,","Yeah, /"
sd,B,"and/CC see/UH when/WRB I/PRP was/VBD a/DT kid/NN growing/VBG up/RP and/CC going/VBG to/IN high/JJ school/NN if/IN I/PRP wanted/VBD to/TO take/VB a/DT little/JJ electronics/NNS course/NN ,/, I/PRP had/VBD a/DT electronics/NNS course/NN I/PRP could/MD take/VB ,/,","{C and } {D see } when I was a kid growing up and going to high school if I wanted to take a little electronics course, I had a electronics course I could take, /"
sd,B,"but/CC we/PRP lived/VBD out/IN in/IN the/DT country/NN ,/,","{C but } we lived out in the country, /"
b,A,Uh-huh/UH ./.,Uh-huh. /
sd,B,"and/CC we/PRP did/VBD n't/RB have/VB all/PDT that/DT fancy/JJ stuff/NN to/TO worry/VB about/IN ,/, you/PRP know/VBP ,/,","{C and } we didn't have all that fancy stuff to worry about, {D you know, } /"
sd,B,we/PRP had/VBD our/PRP$ auto/NN shop/NN out/IN there/RB and/CC our/PRP$ ag/NN shop/NN,we had our auto shop out there and our ag shop /
sd,B,"and/CC ,/,","[ {C and, } +"
b,A,Yeah/UH ./.,Yeah. /
+,B,"and/CC ,/, you/PRP know/VBP ,/, we/PRP had/VBD just/RB about/RB every/DT thing/NN that/WDT we/PRP needed/VBD","{C and, } ] {D you know, } we had just about every thing that we needed /"
sd,B,but/CC they/PRP do/VBP n't/RB have/VB it/PRP anymore/RB ./.,{C but } they don't have it anymore. /
sd,B,There/EX 's/BES a/DT lot/NN of/IN things/NNS that/WDT they/PRP do/VBP n't/RB do/VB in/IN school/NN anymore/RB ./.,There's a lot of things that they don't do in school anymore. /
sd,B,"M-/XX ,/, our/PRP$ oldest/JJS boy/NN goes/VBZ to/IN Lubbock/NNP High/NNP down/IN here/RB","[ M-, + our ] oldest boy goes to Lubbock High down here /"
sd,B,"and/CC they/PRP go/VBP to/IN school/NN four/CD and/CC half/NN days/NNS a/DT week/NN ,/,","{C and } they go to school four and half days a week, /"
sv,B,so/RB ./.,{C so. }
ba,A,Gee/UH ./.,Gee. /
+,B,That/DT 's/BES pretty/RB weird/JJ ./.,That's pretty weird. /
aa,A,Yeah/UH,Yeah /
sv,A,"it/PRP is/VBZ ,/, um/UH ,/,","it is, {F um, } /"
sd,A,"my/PRP$ children/NNS had/VBD a/DT ,/, uh/UH ,/, real/JJ culture/NN shock/NN ,/, uh/UH ,/, when/WRB we/PRP lived/VBD in/IN Plano/NNP ,/,","my children had a, {F uh, } real culture shock, {F uh, } when we lived in Plano, /"
qy^d,A,"I/PRP guess/VBP ,/, I/PRP do/VBP n't/RB know/VB if/IN you/PRP 've/VBP heard/VBN about/IN the/DT Plano/NNP school/NN district/NN ,/,","I guess, I don't know if you've heard about the Plano school district, /"
sd,A,but/CC ./.,{C but. }
nn,B,No/UH ./.,No. /
+,A,"they/PRP 're/VBP re-/RB ,/, uh/UH ,/, they/PRP really/RB stress/VBP academics/NNS there/RB ./.","[ they're re-, + {F uh, } they really stress ] academics there. /"
b,B,Uh-huh/UH ./.,Uh-huh. /
sd,A,"And/CC ,/, uh/UH ,/, God/UH ,/, if/IN your/PRP$ child/NN is/VBZ not/RB an/DT honor/NN student/NN ,/, well/UH then/RB ,/, you/PRP 're/VBP ,/, something/NN wrong/JJ with/IN you/PRP as/IN a/DT parent/NN ./.","{C And, } {F uh, } God, if your child is not an honor student, {D well } then, <laughter> you're, something wrong with you as a parent. /"
ba,B,Gee/UH ./.,Gee. /
sd,A,"And/CC tha-/DT ,/, that/DT 's/BES kind/RB of/RB the/DT way/NN they/PRP are/VBP there/RB ./.","{C And } [ tha-, + that's ] kind of the way they are there. /"
b,B,Yeah/UH ./.,Yeah. /
sd,A,"And/CC ,/, uh/UH ,/, when/WRB we/PRP moved/VBD back/RB to/IN Maryland/NNP ,/, um/UH ,/, I/PRP moved/VBD to/IN a/DT ,/, uh/UH ,/, a/DT ,/, Baltimore/NNP County/NNP which/WDT is/VBZ a/DT northern/JJ county/NN in/IN Maryland/NNP ,/,","{C And, } {F uh, } when we moved back to Maryland, {F um, } I moved to [ a, + {F uh, } a, ] Baltimore County which is a northern county in Maryland, /"
b,B,Uh-huh/UH ./.,Uh-huh. /
sd,A,"and/CC it/PRP 's/BES basically/RB a/DT rural/JJ county/NN ,/, once/IN you/PRP get/VBP above/IN about/RB the/DT half/NN way/NN point/NN ./.","{C and } it's basically a rural county, once you get above about the half way point. /"
b,B,Yeah/UH ./.,Yeah. /
sd,A,"And/CC we/PRP lived/VBD ,/, you/PRP know/VBP ,/, in/IN the/DT northern/JJ part/NN of/IN the/DT county/NN ./.","{C And } we lived, {D you know, } in the northern part of the county. /"
sd,A,"Uh/UH ,/, we/PRP went/VBD from/IN a/DT ,/, uh/UH ,/, middle/JJ school/NN in/IN Texas/NNP that/WDT served/VBD fifty-five/CD square/NN blocks/NNS to/IN a/DT ,/, uh/UH ,/, middle/JJ school/NN in/IN Maryland/NNP that/WDT served/VBD fifty-five/CD square/NN miles/NNS ./.","{F Uh, } we went from a, {F uh, } middle school in Texas that served fifty-five square blocks to a, {F uh, } middle school in Maryland that served fifty-five square miles. /"
b,B,Yeah/UH ./.,Yeah. /
sv,A,"And/CC it/PRP was/VBD just/RB a/DT complete/JJ culture/NN shock/NN ,/,","{C And } it was just a complete culture shock,"
ba,B,I/PRP can/MD imagine/VB ./.,<Laughter> I can imagine. /
+,A,"because/IN I/PRP mean/VBP ,/, they/PRP ,/, they/PRP 're/VBP riding/VBG on/IN the/DT bus/NN in/IN the/DT morning/NN with/IN ,/, uh/UH ,/, other/JJ kids/NNS that/WDT ,/, you/PRP know/VBP ,/, are/VBP a/GW sleep/^JJ because/IN they/PRP got/VBD up/RP at/IN three/CD o'clock/RB and/CC were/VBD doing/VBG chores/NNS","because I {E mean, } [ they, + they're ] riding on the bus in the morning with, {F uh, } other kids that, {D you know, } are a sleep because they got up at three o'clock and were doing chores /"
%,A,"and/CC ,/,","{C and, }"
b,B,Yeah/UH,Yeah /
sv,B,that/DT would/MD be/VB quite/PDT a/DT shock/NN ./.,that would be quite a shock. /
+,A,"they/PRP you/PRP know/VBP ,/,","they <laughter> {D you know, } - /"
%,A,"it/PRP 's/BES ,/,","it's, - /"
sd,A,"and/CC they/PRP had/VBD ,/, uh/UH ,/, ag/NN ,/,","{C and } they had, {F uh, } ag, /"
sd,A,"they/PRP had/VBD an/DT ag/NN course/NN ,/, uh/UH ,/,","they had an ag course, {F uh, } /"
sd,A,"I/PRP forget/VBP what/WP it/PRP was/VBD called/VBN ,/, uh/UH ,/,","I forget what it was called, {F uh, } /"
sd,A,"but/CC it/PRP goes/VBZ along/IN the/DT ,/, the/DT lines/NNS of/IN industrial/JJ arts/NNS ,/,","{C but } it goes along [ the, + the ] lines of industrial arts, /"
sd,A,"but/CC it/PRP 's/BES ,/, agricultural/JJ ./.","{C but } it's, agricultural. /"
b,B,Uh-huh/UH ./.,Uh-huh. /
sd,A,And/CC where/WRB they/PRP had/VBD to/TO raise/VB a/DT small/JJ animal/NN ./.,{C And } where they had to raise a small animal. /
bf,B,"Oh/UH ,/, like/UH ,/, Four/CD H/NNP then/RB ./.","{F Oh, } like, Four H then. /"
sd,A,Had/VBD to/TO learn/VB how/WRB to/TO drive/VB a/DT tractor/NN ./.,Had to learn how to drive a tractor. /
b,B,All/RB right/JJ ./.,All right. /
sd,A,"They/PRP actually/RB had/VBD to/TO g/VB ,/, take/VB a/DT driving/NN test/NN on/IN the/DT tractor/NN ,/,","They actually had to [ g-, + take ] a driving test on the tractor, /"
sd,A,"I/PRP mean/VBP ,/, they/PRP just/RB could/MD n't/RB believe/VB this/DT","{E I mean, } they just couldn't believe this /"
sv,A,and/CC it/PRP was/VBD great/JJ ./.,{C and } it was great. /
sd,A,They/PRP loved/VBD it/PRP ./.,They loved it. /
b,B,All/RB right/JJ ./.,All right. /
sd,A,"I/PRP mean/VBP they/PRP really/RB enjoyed/VBD the/DT courses/NNS ,/, um/UH ,/,","{E I mean } they really enjoyed the courses, {F um, } /"
sv,A,"and/CC it/PRP ,/, you/PRP know/VBP ,/, it/PRP made/VBD school/NN fun/JJ for/IN them/PRP again/RB because/IN prior/IN to/IN that/DT school/NN was/VBD just/RB a/DT big/JJ pain/NN ,/, a/DT drain/NN ./.","{C and } [ it, + {D you know, } it ] made school fun for them again because prior to that school was just a big pain, a drain. /"
b,B,"Yeah/UH ,/,","Yeah, /"
bf,B,just/RB something/NN you/PRP do/VBP everyday/RB ./.,just something you do everyday. /
aa,A,"Yeah/UH ,/,","Yeah, /"
%,A,"and/CC it/PRP was/VBD ,/, you/PRP know/VBP ./.","{C and } it was, {D you know. } /"
sv,A,"It/PRP was/VBD like/IN ,/, ki-/RB ,/, kind/RB of/RB like/IN the/DT way/NN we/PRP feel/VBP about/IN going/VBG to/TO work/VB ./.","It was {D like, } [ ki-, + kind ] of {D like } the way we feel about going to work <laughter>. /"
b,B,"Yeah/UH ,/,","<Laughter> Yeah, /"
b,B,"yeah/UH ,/,","yeah, /"
bf,B,just/RB something/NN I/PRP have/VBP to/TO do/VB everyday/RB ./.,just something I have to do everyday. /
sv,A,"But/CC ,/, uh/UH ,/, up/IN here/RB they/PRP seem/VBP to/TO have/VB made/VBN it/PRP ,/, uh/UH ,/, a/DT lot/NN of/IN fun/NN for/IN them/PRP","{C But, } {F uh, } up here they seem to have made it, {F uh, } a lot of fun for them /"
sv,A,"and/CC they/PRP ,/, they/PRP seem/VBP to/TO really/RB enjoy/VB it/PRP ./.","{C and } [ they, + they ] seem to really enjoy it. /"
ba,B,"That/DT 's/BES good/JJ ,/,","That's good, /"
sd,B,our/PRP$ oldest/JJS boy/NN went/VBD into/IN school/NN politics/NNS and/CC made/VBD vice/NN .../:,our oldest boy went into school politics and made vice </TV> ... -/
