act_tag,speaker,pos,text
sv,A,"Well/UH ,/, I/PRP guess/VBP it/PRP depends/VBZ on/IN what/WP age/NN ./.","{D Well, } I guess it depends on what age. /"
sd,A,"I/PRP am/VBP in/IN the/DT thirty/CD something/NN ,/,","I am in the thirty something, /"
sd,A,"so/RB I/PRP know/VBP ,/,","{C so } I know, /"
sd,A,I/PRP mean/VBP I/PRP lived/VBD through/IN it/PRP ./.,{E I mean } I lived through it. /
qy,A,"Uh/UH ,/, are/VBP you/PRP old/JJ enough/RB to/TO know/VB about/IN the/DT war/NN ?/.","{F Uh, } are you old enough to know about the war? /"
na,B,"Uh/UH ,/, just/RB barely/RB ./.","{F Uh, } just barely. /"
b,A,Uh-huh/UH ./.,Uh-huh. /
b,B,"Yeah/UH ,/,","Yeah, /"
sd,B,"I/PRP am/VBP ,/, uh/UH ,/, twenty-nine/CD ./.","I am, {F uh, } twenty-nine. /"
bk,A,Okay/UH ./.,Okay. /
%,B,"So/UH ,/, uh/UH ,/,","{C So, } {F uh, } -/"
b,A,"Well/UH ,/, yeah/UH ,/,","{D Well, } yeah, /"
sv,A,you/PRP are/VBP old/JJ enough/RB ./.,you are old enough. /
aa,B,Yeah/UH ./.,Yeah. /
%,B,But/CC --/:,{C But } -- -/
sv,A,But/CC it/PRP was/VBD on/IN the/DT fringe/NN ./.,{C But } it was on the fringe. /
aa,B,"--/: just/RB ,/, uh/UH ,/, yeah/UH ,/,","-- just, {F uh, } yeah, /"
aa,B,exactly/RB ./.,exactly. /
sd,B,"Had/VBD some/DT friends/NNS that/WDT were/VBD ,/, that/WDT were/VBD in/IN it/PRP ./.","Had some friends [ that were, + that were ] in it. /"
sd,A,"It/PRP ended/VBD ,/, uh/UH ,/, when/WRB I/PRP was/VBD in/IN ,/, uh/UH ,/, college/NN ./. In/IN ,/, uh/UH ,/, when/WRB I/PRP turned/VBD nineteen/CD in/IN nineteen/CD seventy/CD ,/,","It ended, {F uh, } when I was in, {F uh, } college. [ In, + {F uh, } when ] I turned nineteen in nineteen seventy, /"
sd,A,"I/PRP can/MD not/RB even/RB remember/VB at/IN this/DT point/NN ./. Uh/UH ,/,","I cannot even remember at this point. {F Uh, } /"
sd,A,"when/WRB I/PRP turned/VBD nineteen/CD it/PRP was/VBD the/DT year/NN that/WDT ,/, uh/UH ,/, the/DT draft/NN was/VBD still/RB going/VBG on/RP ./.","when I turned nineteen it was the year that, {F uh, } the draft was still going on. /"
sd,A,"If/IN I/PRP had/VBD been/VBN a/DT male/NN or/CC in/IN Israel/NNP ,/, I/PRP would/MD have/VB been/VBN number/NN two/CD ./.","If I had been a male or in Israel, I would have been number two. /"
bh,B,Really/UH ?/. ./.,Really? <Child_talking>. /
ny,A,Yeah/UH,Yeah /
x,A,./.,<laughter>.
ba,B,Wowie/UH !/.,Wowie! /
sd,A,So/RB I/PRP learned/VBD a/DT lesson/NN in/IN gender/NN ./.,{C So } I learned a lesson in gender <laughter>. /
b,B,Uh-huh/UH ./.,Uh-huh. /
sd,A,"Uh/UH ,/, in/IN terms/NNS of/IN the/DT war/NN ,/, I/PRP do/VBP not/RB know/VB ./. Uh/UH ,/,","{F Uh, } in terms of the war, I do not know. {F Uh, } /"
sd,A,actually/UH I/PRP do/VBP not/RB really/RB know/VB that/RB much/JJ about/IN it/PRP ./.,{D actually } I do not really know that much about it. /
sd,A,"I/PRP just/RB know/VBP socially/RB the/DT impact/NN it/PRP had/VBD here/RB and/CC what/WP you/PRP hear/VBP in/IN the/DT media/NN ,/, you/PRP know/VBP ./. Uh/UH ,/,","I just know socially the impact it had here and what you hear in the media, {D you know. } {F Uh, } /"
sv,A,"I/PRP guess/VBP I/PRP think/VBP it/PRP was/VBD ,/, uh/UH ,/, uh/UH ,/, not/RB that/RB great/JJ that/IN we/PRP were/VBD in/IN there/RB ,/, uh/UH ,/, in/IN terms/NNS of/IN for/IN how/WRB long/JJ it/PRP lasted/VBD ./.","I guess I think it was, {F uh, } {F uh, } not that great that we were in there, {F uh, } in terms of for how long it lasted. /"
b,B,Right/UH ./.,Right. /
sd,A,You/PRP know/VBP ./.,{D You know. } /
b,B,Uh-huh/UH ./.,Uh-huh. /
qo,A,What/WP do/VBP you/PRP think/VB ?/.,What do you think? /
aa,B,"Well/UH ,/, I/PRP think/VBP it/PRP is/VBZ ,/, uh/UH ,/, basically/RB the/DT same/JJ way/NN ./.","{D Well, } I think it is, {F uh, } basically the same way. /"
sv,B,"It/PRP is/VBZ certainly/RB has/VBZ affected/VBN ,/, uh/UH ,/, U/NNP S/NNP policy/NN though/RB ./.","It [ is + ] certainly has affected, {F uh, } U S policy though. /"
sv,B,"There/EX is/VBZ ,/,","[ There is, +"
b,A,Uh-huh/UH ./.,Uh-huh. /
+,B,"there/EX is/VBZ no/DT question/NN it/PRP had/VBD an/DT overwhelming/JJ effect/NN of/IN how/WRB we/PRP approached/VBD the/DT ,/, the/DT thing/NN in/IN ,/, uh/UH ,/, Iraq/NNP ./.","there is ] no question it had an overwhelming effect of how we approached [ the, + the ] thing in, {F uh, } Iraq. /"
b,A,Uh-huh/UH ./.,Uh-huh. /
sv,B,"Because/IN ,/, uh/UH ,/, the/DT whole/JJ thing/NN that/WDT was/VBD bad/JJ about/IN Vietnam/NNP ,/, it/PRP was/VBD no/DT different/JJ from/IN Iraq/NNP ./.","{C Because, } {F uh, } the whole thing that was bad about Vietnam, it was no different from Iraq. /"
sv,B,"I/PRP mean/VBP it/PRP was/VBD ,/, uh/UH ,/, one/CD country/NN picking/VBG on/IN a/DT smaller/JJR ,/, weaker/JJR one/CD ./.","I mean it was, {F uh, } one country picking on a smaller, weaker one. /"
aa,A,Right/UH ./.,Right. /
ba,A,"The/DT devastation/NN ,/,","The devastation, /"
aa,A,yeah/UH ./.,yeah. /
b^m,B,Yeah/UH ./.,Yeah. /
sv,B,"The/DT only/JJ difference/NN was/VBD that/IN the/DT government/NN said/VBD ,/, okay/UH","The only difference was that the government said, okay /"
^q,B,"if/IN we/PRP were/VBD going/VBG to/TO support/VB this/DT smaller/JJR country/NN ,/, then/RB we/PRP are/VBP going/VBG to/TO support/VB it/PRP a/DT hundred/CD percent/NN ./.","if we were going to support this smaller country, then we are going to support it a hundred percent. /"
^q,B,"And/CC we/PRP are/VBP going/VBG to/TO consider/VB ourselves/PRP against/IN ,/, in/IN war/NN ,/,","{C And } we are going to consider ourselves against, in war,"
b,A,Uh-huh/UH ./.,Uh-huh. /
+,B,against/IN these/DT people/NNS as/RB well/RB ./.,against these people as well. /
aa,A,Yeah/UH ./.,Yeah. /
sv,A,And/CC in/IN full/JJ --/:,{C And } in full --
%,B,"Which/WDT ,/, uh/UH ,/,","Which, {F uh, } -/"
+,A,"--/: faction/NN ,/,","-- faction, /"
%,A,yeah/UH ./.,yeah. /
aa,B,Right/UH ./.,Right. /
sv,B,Which/WDT really/RB was/VBD not/RB the/DT attitude/NN with/IN Vietnam/NNP ./.,Which really was not the attitude with Vietnam. /
sv,B,"It/PRP was/VBD sort/RB of/RB ,/, of/RB a/DT president/NN 's/POS war/NN --/:","It was sort [ of, + of ] a president's war --"
b,A,"Yeah/UH ,/,","Yeah, /"
+,B,--/: rather/IN than/IN a/DT --/:,-- rather than a --
sv,A,it/PRP just/RB kind/RB of/RB --/:,it just kind of --
+,B,--/: country/NN 's/POS war/NN ./.,-- country's war. /
+,A,--/: dragged/VBD on/RP ./.,-- dragged on. /
qw^d,A,"Uh/UH ,/, I/PRP do/VBP not/RB know/VB how/WRB you/PRP were/VBD historically/RB ./.","{F Uh, } I do not know how you were historically. /"
sd,A,But/CC I/PRP was/VBD a/DT little/JJ bit/NN older/JJR before/IN I/PRP realized/VBD just/RB how/WRB long/JJ it/PRP had/VBD been/VBN going/VBG on/RP since/IN --/:,{C But } I was a little bit older before I realized just how long it had been going on since --
b,B,Right/UH ./.,Right. /
+,A,--/: L/NNP B/NNP J/NNP and/CC --/:,-- L B J and -- -/
b,B,Yeah/UH ./.,Yeah. /
sd,B,It/PRP --/:,[ It --
%,A,"--/: I/PRP mean/VBP ,/, I/PRP pa-/XX ,/,","-- {E I mean, } I pa-, -/"
+,B,"--/: seemed/VBD to/IN me/PRP like/IN it/PRP was/VBD ,/,","-- seemed to me like it was, +"
b,A,Yeah/UH ./.,Yeah. /
+,B,"it/PRP seemed/VBD like/IN it/PRP was/VBD going/VBG on/RP forever/RB ,/,","it seemed like it was ] going on forever, /"
%,B,yeah/UH ./.,yeah. /
%,A,"It/PRP really/RB ,/, well/UH ,/,","It really, {D well, } - /"
%,A,"yeah/UH ,/,","yeah, /"
%,A,"in/IN fact/NN ,/, because/IN in/IN terms/NNS of/IN when/WRB your/PRP$ ,/,","in fact, because in terms of when your, - /"
sd,A,"there/EX is/VBZ at/IN least/JJS ten/CD years/NNS between/IN us/PRP ,/,","there is at least ten years between us, /"
sd,A,"so/RB in/IN terms/NNS of/IN when/WRB you/PRP were/VBD in/IN school/NN ,/, I/PRP am/VBP sure/JJ that/IN it/PRP was/VBD ,/, you/PRP know/VBP ,/, the/DT majority/NN of/IN your/PRP$ high/JJ school/NN and/CC junior/JJ high/JJ years/NNS ./.","{C so } in terms of when you were in school, I am sure that it was, {D you know, } the majority of your high school and junior high years. /"
b,B,Uh-huh/UH ./.,Uh-huh. /
sd,A,"Uh/UH ,/, one/CD of/IN the/DT things/NNS I/PRP did/VBD not/RB like/VB was/VBD the/DT weapons/NNS ,/, the/DT weapons/NNS ,/, I/PRP ca/MD n't/RB even/RB say/VB it/PRP ,/, the/DT weaponry/NN th-/DT ,/, systems/NNS that/WDT they/PRP used/VBD ./.","{F Uh, } one of the things I did not like was [ [ the weapons, + the weapons, ] + {E I can't even say it, } the weaponry ] [ th-, + ] systems that they used. /"
b,B,Yeah/UH ./.,Yeah. /
sv,A,"Uh/UH ,/, it/PRP just/RB did/VBD not/RB seem/VB that/IN ,/, uh/UH ,/, I/PRP do/VBP not/RB know/VB ,/, technically/RB we/PRP knew/VBD what/WP we/PRP were/VBD doing/VBG either/RB ./.","{F Uh, } it just did not seem that, {F uh, } I do not know, technically we knew what we were doing either. /"
b,B,Right/UH ./.,Right. /
sv,A,"And/CC then/RB you/PRP heard/VBD about/IN the/DT things/NNS like/IN agent/NN orange/JJ ,/, et/FW cetera/FW ,/,","{C And then } you heard about the things like agent orange, et cetera, /"
sv,A,"and/CC you/PRP would/MD think/VB ,/, you/PRP know/VBP ,/, just/RB ,/, uh/UH ,/, how/WRB could/MD the/DT government/NN or/CC the/DT Pentagon/NNP ,/, uh/UH ,/, who-/XX ,/, or/CC whomever/NN is/VBZ in/IN charge/NN there/EX been/VBN so/RB careless/JJ ./.","{C and } you would think, <sigh> {D you know, } just, {F uh, } how could the government or the Pentagon, {F uh, } [ who-, + or whomever ] is in charge there been so careless. /"
aa,B,"Yeah/UH ,/,","Yeah, /"
aa,B,right/UH ./.,right. /
b,A,"Uh/UH ,/,","{F Uh, } /"
sv,B,"Of/IN course/NN now/RB i-/XX ,/, w-/XX ,/, uh/UH ,/, now/RB everyone/NN 's/BES more/JJR ,/, uh/UH ,/, you/PRP know/VBP ,/, environmentally/RB --/:","Of course [ [ now i-, + w-, ] + {F uh, } now ] everyone's more, {F uh, } {D you know, } environmentally --"
^2,A,"Conscious/JJ ,/,","Conscious, /"
%,A,yeah/UH ./.,yeah. /
+,B,"--/: uh/UH ,/, intelligent/JJ than/IN they/PRP were/VBD back/RB then/RB ./.","-- {F uh, } intelligent than they were back then. /"
sv,B,I/PRP mean/VBP back/RB then/RB it/PRP was/VBD not/RB commonly/RB known/VBN that/IN saccharin/NN was/VBD bad/JJ for/IN you/PRP and/CC all/PDT these/DT other/JJ things/NNS --/:,{E I mean } back then it was not commonly known that saccharin was bad for you and all these other things --
^2,A,"Nutrisweet/NNP ,/,","Nutrisweet, /"
+,B,--/: that/WDT people/NNS --/:,-- [ that people -- +
aa,A,"yeah/UH ,/,","yeah, /"
aa,A,and/CC all/PDT these/DT other/JJ things/NNS ./.,and all these other things. /
aa,A,"That/DT is/VBZ true/JJ ,/, uh/UH ,/,","That is true, {F uh, } /"
+,B,--/: that/WDT people/NNS know/VBP about/IN themselves/PRP now/RB ./.,-- that people ] know about themselves now. /
sv,A,"Uh/UH ,/, monetarily/RB too/RB ,/, I/PRP just/RB do/VBP not/RB think/VB we/PRP have/VBP done/VBN enough/RB for/IN the/DT ,/, uh/UH ,/, Vietnamese/JJ people/NNS as/IN a/DT whole/NN ./. Uh/UH ,/, in/IN South/NNP Vietnam/NNP ,/, in/IN general/JJ ,/, in/IN helping/VBG them/PRP restore/VB themselves/PRP ./.","{F Uh, } monetarily too, I just do not think we have done enough for the, {F uh, } Vietnamese people as a whole. {F Uh, } in South Vietnam, in general, in helping them restore themselves. /"
b,B,Uh-huh/UH ./.,Uh-huh <child_talking>. /
sd,A,"You/PRP know/VBP ,/, and/CC I/PRP do/VBP n't/RB know/VB if/IN it/PRP is/VBZ because/IN there/EX are/VBP not/RB any/DT oil/NN fields/NNS there/RB ./.","{D You know, } {C and } I don't know if it is because there are not any oil fields there <laughter>. /"
b,B,Yeah/UH ./.,Yeah. /
sd,B,"I/PRP do/VBP not/RB know/VB if/IN they/PRP ,/, uh/UH ,/, I/PRP do/VBP not/RB know/VB if/IN they/PRP have/VBP that/DT resource/NN or/CC not/RB ./.","[ I do not know if they, + {F uh, } I do not know if they ] have that resource or not. /"
b,A,Yeah/UH ./.,Yeah. /
sd,A,I/PRP mean/VBP I/PRP do/VBP not/RB think/VB they/PRP do/VBP ./.,I mean I do not think they do. /
sv,A,"But/CC I/PRP just/RB think/VBP it/PRP is/VBZ kind/RB of/RB a/DT shame/NN that/IN ,/, uh/UH ,/, you/PRP still/RB hear/VBP things/NNS about/IN the/DT children/NNS that/WDT are/VBP orphans/NNS there/RB","{C But } I just think it is kind of a shame that, {F uh, } you still hear things about the children that are orphans there /"
%,A,"and/CC ,/,","{C and, } -/"
b,B,Yeah/UH ./.,Yeah. /
sv,A,"uh/UH ,/, so/RB on/IN a/DT whole/NN ,/, I/PRP do/VBP not/RB know/VB ,/, war/NN is/VBZ not/RB good/JJ ./.","{F uh, } {C so } on a whole, I do not know, war is not good. /"
%,A,"And/CC that/DT one/NN I/PRP probably/RB ,/,","{C And } that one I probably, - /"
sv,A,"uh/UH ,/, my/PRP$ main/JJ opinion/NN would/MD be/VB w-/PRP ,/, w-/PRP ,/, we/PRP should/MD not/RB have/VB done/VBN it/PRP ./.","{F uh, } my main opinion would be [ [ w-, + w-, ] + we ] should not have done it. /"
b,B,Right/UH ./.,Right. /
sd,A,"Well/UH ,/,","{D Well, }"
b,B,Yeah/UH ./.,Yeah. /
+,A,that/DT is/VBZ what/WP I/PRP know/VBP about/IN the/DT Vietnam/NNP War/NNP ./.,that is what I know about the Vietnam War <laughter>. /
x,B,,<Laughter>.
%,A,"Unless/IN you/PRP ,/,","<Laughter> Unless you, -/"
b,B,"Yeah/UH ,/,","Yeah, /"
sd,B,"well/UH ,/, you/PRP know/VBP a/DT little/JJ ,/, uh/UH ,/, a/DT little/JJ bit/NN more/JJR than/IN I/PRP do/VBP ,/,","{D well, } you know [ a little, + {F uh, } a little ] bit more than I do, /"
ad,B,explain/VB it/PRP ./.,explain it. /
ad,B,"I/PRP did/VBD not/RB ,/, uh/UH ,/, get/VB to/TO live/VB through/IN it/PRP ./.","I did not, {F uh, } get to live through it. /"
sd,B,"That/DT the/DT people/NNS that/WDT I/PRP know/VBP that/IN it/PRP did/VBD ,/,","[ That + the people that ] I know that it did,"
b,A,Uh-huh/UH ./.,Uh-huh. /
+,B,"uh/UH ,/, felt/VBD very/RB strongly/RB ./.","{F uh, } felt very strongly. /"
%,B,"Most/JJS of/IN ,/,","Most of, - /"
sd,B,I/PRP work/VBP for/IN a/DT government/NN contractor/NN ./.,I work for a government contractor. /
b,A,Uh-huh/UH ./.,Uh-huh. /
sd,B,"So/RB most/JJS of/IN the/DT guys/NNS I/PRP work/VBP with/IN ,/, are/VBP ,/, uh/UH ,/, oh/UH ,/, at/IN least/JJS some/DT of/IN the/DT guys/NNS I/PRP work/VBP with/IN rather/RB are/VBP veterans/NNS ./.","{C So } [ most of the guys I work with, are, + {F uh, } {F oh, } at least some of the guys I work with rather are ] veterans. /"
b,A,Uh-huh/UH ./.,Uh-huh. /
qy,A,"Oh/UH ,/, Vietnam/NNP ?/.","{F Oh, } Vietnam? /"
na,B,"And/CC ,/, uh/UH ,/, from/IN Vietnam/NNP ./.","And, {F uh, } from Vietnam. /"
ba,A,"Jeez/UH ,/,","Jeez, /"
%,A,yeah/UH ./.,yeah. /
sd,B,"And/CC ,/, I/PRP have/VBP not/RB talked/VBN to/IN any/DT of/IN them/PRP that/WDT ,/, that/WDT were/VBD not/RB ,/, you/PRP know/VBP ,/, glad/JJ that/IN they/PRP went/VBD or/CC ,/, or/CC rather/RB thought/VBD that/IN the/DT reason/NN they/PRP went/VBD was/VBD a/DT good/JJ one/CD ./.","{C And, } I have not talked to any of them [ that, + that ] were not, {D you know, } glad that they went [ or, + or ] rather thought that the reason they went was a good one. /"
b,A,Uh-huh/UH ./.,Uh-huh. /
sd,B,"You/PRP know/VBP ,/,","{D You know, }"
%,A,"And/CC that/DT ,/, that/DT ,/,","{C And } [ that, + that, ] -/"
+,B,"most/JJS of/IN them/PRP are/VBP ver-/RB ,/, very/RB strongly/RB that/IN ,/, that/IN the/DT reason/NN for/IN America/NNP to/TO be/VB there/RB was/VBD a/DT good/JJ one/NN ./.","most of them are [ ver-, + very ] strongly [ that, + that ] the reason for America to be there was a good one. /"
b,A,Uh-huh/UH ./.,Uh-huh. /
sd,B,"They/PRP just/RB felt/VBD that/IN the/DT way/NN America/NNP backed/VBD them/PRP up/RP was/VBD not/RB ,/, was/VBD not/RB at/IN all/DT right/JJ ./.","They just felt that the way America backed them up [ was not, + was not ] at all right. /"
qy^d,A,In/IN terms/NNS of/IN the/DT personal/JJ ./.,In terms of the personal. -/
ny,B,Yeah/UH ./.,Yeah. /
sd,B,"In/IN term/NN of/IN ,/, uh/UH ,/,","In term of, {F uh, } -/"
b,A,Yeah/UH ./.,Yeah. /
sv,A,The/DT bitterness/NN is/VBZ more/RBR on/IN a/DT personal/JJ --/:,The bitterness is more on a personal --
b,B,Yeah/UH ./.,Yeah. /
+,A,"--/: level/NN than/IN on/IN a/DT ,/,","-- level than on a, -/"
%,B,Personal/JJ level/NN,Personal level - /
sd,B,"and/CC ,/, and/CC the/DT finances/NNS ,/, how/WRB they/PRP started/VBD ./. You/PRP know/VBP ,/,","[ and, + and ] the finances, how they started. {D You know, } - /"
sd,B,like/UH air/NN attacks/NNS and/CC stuff/NN like/IN that/DT dropped/VBD off/RP like/IN crazy/JJ ./.,{D like } air attacks and stuff like that dropped off like crazy. /
b,A,Uh-huh/UH ./.,Uh-huh. /
sd,B,"Because/IN the/DT Congress/NNP would/MD not/RB approve/VB ,/, you/PRP know/VBP ./.","Because the Congress would not approve, {D you know. } -/"
%,A,The/DT money/NN is/VBZ --/:,The money is -- -/
b,B,"So/UH ,/,","{D So, }"
%,A,"--/: after/IN ,/,","-- after, - /"
%,A,yeah/UH ./.,yeah. /
+,B,Yeah/UH ./.,Yeah. /
sd,A,"I/PRP mean/VBP ,/, I/PRP think/VBP it/PRP started/VBD actually/UH like/IN ,/, like/IN in/IN the/DT late/JJ fifties/NNS ./. I/PRP mean/VBP like/IN in/IN fifty-eight/CD ,/, fifty-nine/CD ./.","{E I mean, } I think it started actually {D like, } {D like } in the late fifties. {E I mean } {D like } in fifty-eight, fifty-nine. /"
b,B,Huh/UH ./.,{F Huh. } /
%,B,"I/PRP ,/, I/PRP ,/,","[ I, + I, ] -/"
%,A,"So/RB it/PRP really/RB ,/,","{C So } it really, - /"
sd,A,"I/PRP mean/VBP ,/, because/IN I/PRP know/VBP ,/, in/IN nineteen/CD sixty-three/CD ,/, I/PRP mean/VBP I/PRP was/VBD nine/CD years/NNS old/JJ ,/,","{E I mean, } {C because } I know, in nineteen sixty-three, {E I mean } I was nine years old,"
x,B,,<Cough>.
+,A,when/WRB Kennedy/NNP was/VBD shot/VBN ./.,when Kennedy was shot. /
b,B,Uh-huh/UH ./.,Uh-huh. /
sd,A,"So/RB ,/, I/PRP mean/VBP I/PRP remember/VBP ,/, uh/UH ,/, right/RB around/IN then/RB that/DT 's/BES when/WRB I/PRP first/JJ started/VBD hearing/VBG about/IN Vietnam/NNP ./.","{C So, } {E I mean } I remember, {F uh, } right around then that's when I first started hearing about Vietnam. /"
sd,A,"But/CC then/RB as/IN I/PRP got/VBD older/RBR and/CC studied/VBD in/IN school/NN ,/, I/PRP realized/VBD it/PRP was/VBD even/RB going/VBG on/RP before/IN that/DT ./.","{C But } then as I got older and studied in school, I realized it was even going on before that. /"
b,B,Yeah/UH ./.,Yeah. /
sv,A,"You/PRP know/VBP ,/, and/CC you/PRP think/VBP to/IN yourself/PRP ,/, oh/UH ,/, my/PRP$ goodness/NN ,/, Eisenhower/NNP ./.","{D You know, } {C and } you think to yourself, {F oh, } my goodness, Eisenhower <laughter>. /"
aa,B,"Yeah/UH ,/,","Yeah, /"
aa,B,right/UH ./.,right. /
sv,A,"That/DT sounds/VBZ ancient/JJ ,/,","That sounds ancient, /"
%,A,yeah/UH ./.,yeah. /
sd,A,"And/CC I/PRP know/VBP ,/, I/PRP know/VBP ,/, you/PRP know/VBP ,/, a/DT lot/NN of/IN the/DT Vietnam/NNP vets/NNS that/WDT are/VBP my/PRP$ age/NN in/IN their/PRP$ later/JJ thirties/NNS ,/, uh/UH ,/, guys/NNS that/WDT I/PRP know/VBP ,/, that/IN ,/, they/PRP are/VBP just/RB kind/RB of/RB bitter/JJ ,/, you/PRP know/VBP ./.","{C And } [ I know, + I know, ] {D you know, } a lot of the Vietnam vets that are my age in their later thirties, {F uh, } guys that I know, that, they are just kind of bitter, {D you know. } /"
%,A,"They/PRP ,/, they/PRP ,/, you/PRP know/VBP ,/,","[ They, + they, ] {D you know, } - /"
sd,A,"I/PRP hate/VBP to/TO quo/VB ,/, that/DT movie/NN BORN/VBN ON/IN THE/DT FOURTH/NN OF/IN JULY/NNP ,/,","I hate to quo-, that movie BORN ON THE FOURTH OF JULY, /"
sd,A,but/CC it/PRP is/VBZ that/DT kind/NN of/IN idea/NN ./.,{C but } it is that kind of idea. /
b,B,Uh-huh/UH ./.,Uh-huh. /
sd,A,"You/PRP know/VBP ,/, they/PRP just/RB do/VBP not/RB feel/VB that/IN socially/RB they/PRP were/VBD given/VBN ,/,","{D You know, } they just do not feel that socially they were given, - /"
sd,A,like/IN a/DT friend/NN of/IN mine/PRP called/VBD it/PRP the/DT yellow/JJ ribbon/NN syndrome/NN ./.,{D like } a friend of mine called it the yellow ribbon syndrome. /
b,B,"Right/UH ,/,","Right, /"
b,A,Yeah/UH ./.,Yeah. /
sd,A,"They/PRP were/VBD not/RB given/VBN the/DT ,/,","They were not given the, -/"
b,B,"right/UH ,/,","right, /"
^2,B,the/DT ticker/NN tape/NN parade/NN and/CC all/DT that/DT ./.,the ticker tape parade and all that. /
b,A,Yeah/UH ./.,Yeah. /
fc,A,"So/UH ,/, well/UH ,/, I/PRP wo/MD n't/RB keep/VB you/PRP any/DT more/JJR ./.","{D So, } {D well, } I won't keep you any more. /"
fc,B,Okay/UH ./.,Okay. /
fc,A,That/DT is/VBZ probably/RB as/RB about/RB as/RB much/JJ as/IN we/PRP both/DT know/VBP ./.,That is probably [ as + about as ] much as we both know <laughter>. /
fc,A,But/CC thanks/NNS for/IN talking/VBG to/IN me/PRP ./.,{C But } thanks for talking to me. /
fc,B,Yes/UH ./.,Yes. /
fc,B,"Uh/UH ,/, were/VBD you/PRP calling/VBG from/IN Texas/NNP ?/.","{F Uh, } were you calling from Texas? /"
fc,A,"Uh/UH ,/, yes/UH ,/,","{F Uh, } yes, /"
fc,A,is/VBZ that/DT where/WRB you/PRP are/VBP at/IN ?/.,is that where you are at? /
fc,B,"No/UH ,/,","No, /"
fc,B,"I/PRP am/VBP in/IN Falls/NNP Church/NNP ,/, Virginia/NNP ./.","I am in Falls Church, Virginia. /"
fc,A,"Oh/UH ,/, I/PRP know/VBP where/WRB that/DT is/VBZ ./.","{F Oh, } I know where that is. /"
fc,A,That/DT is/VBZ beautiful/JJ where/WRB you/PRP are/VBP at/IN ./.,That is beautiful where you are at. /
fc,B,"Yeah/UH ,/,","Yeah, /"
fc,B,"right/RB in/IN ,/, right/RB near/RB D/NNP C/NNP ./.","[ right in, + right near ] D C. /"
fc,A,"D/NNP C/NNP ,/,","D C, /"
%,A,yeah/UH ./.,yeah. /
fc,A,Are/VBP you/PRP a/DT native/NN of/IN there/RB ?/.,Are you a native of there? /
fc,B,"Uh/UH ,/, pretty/RB much/RB ,/,","{F Uh, } pretty much, /"
fc,B,yep/UH ./.,yep. /
%,B,"Been/VBN ,/,","Been, -/"
fc,A,"Yeah/UH ,/,","Yeah, /"
fc,A,"uh/UH ,/, Dallas/NNP ,/, it/PRP is/VBZ ,/, uh/UH ,/, ninety-two/CD degrees/NNS here/RB today/NN ,/,","{F uh, } Dallas, it is, {F uh, } ninety-two degrees here today, /"
fc,A,"but/CC at/IN least/JJS the/DT humidity/NN is/VBZ ,/, uh/UH ,/, below/IN forty/CD percent/NN ,/, which/WDT makes/VBZ it/PRP kind/RB of/RB like/IN Phoenix/NNP ./.","{C but } at least the humidity is, {F uh, } below forty percent, which makes it kind of {D like } Phoenix. /"
fc,B,Yeah/UH ./.,Yeah. /
fc,B,It/PRP is/VBZ about/RB the/DT same/JJ weather/NN here/RB ./.,It is about the same weather here. /
fc,A,Really/UH ?/.,Really? /
fc,B,"Little/JJ bit/NN ,/, little/JJ bit/NN cooler/JJR ,/, like/IN eighty-nine/CD ./.","[ Little bit, + little bit ] cooler, like eighty-nine. /"
%,A,"Well/UH ,/, you/PRP ,/,","{D Well, } you, -/"
fc,B,"But/CC ,/, basically/RB the/DT same/JJ thing/NN ./.","{C But, } basically the same thing. /"
fc,A,"Yeah/UH ,/,","Yeah, /"
fc,A,well/UH you/PRP are/VBP not/RB missing/VBG too/RB much/JJ then/RB ./.,{D well } you are not missing too much then <laughter>. /
fc,B,Yeah/UH ./.,Yeah. /
fc,B,Right/UH ./.,Right. /
fc,A,Really/UH ./.,Really. /
fc,A,"Well/UH ,/, take/VB it/PRP easy/RB ./.","{D Well, } take it easy. /"
fc,B,Okay/UH ./.,Okay. /
fc,A,Okay/UH ./.,Okay. /
fc,A,Bye-bye/UH ./.,Bye-bye. /
fc,B,Bye-bye/UH ./.,Bye-bye. /
