act_tag,speaker,pos,text
qw,A,MUMBLEx/XX How/WRB big/JJ is/VBZ Provo/NNP ?/.,(( )) How big is Provo? /
%,B,Um/UH ./.,{F Um. } /
qy,A,"That/DT a/DT little/JJ town/NN or/CC ,/, or/CC a/DT bigger/JJ city/NN ?/.","That a little town [ or, + or ] a bigger city? /"
sd,B,"Um/UH ,/, it/PRP 's/BES not/RB one/CD of/IN the/DT bigger/JJR ones/NNS ./. It/PRP 's/BES probably/RB ,/, um/UH ,/, I/PRP compare/VBP it/PRP to/IN the/DT size/NN of/IN Plano/NNP ,/, maybe/RB a/DT little/RB smaller/JJR ./.","{F Um, } it's not one of the bigger ones. It's probably, {F um, } I compare it to the size of Plano, maybe a little smaller. /"
sd,B,"Plano/NNP ,/, Texas/NNP ./.","Plano, Texas. /"
b,A,Oh/UH ./.,Oh. /
sd,A,"I/PRP talked/VBD to/IN someone/NN that/WDT was/VBD only/RB a/DT couple/NN of/IN thousand/CD in/IN her/PRP$ town/NN ,/, I/PRP think/VBP ./.","I talked to someone that was only a couple of thousand in her town, I think. /"
ny,A,"Yeah/UH ,/,","Yeah, /"
sd,A,I/PRP forgot/VBD the/DT name/NN of/IN the/DT town/NN ./.,I forgot the name of the town. /
qy^d,A,I/PRP thought/VBD maybe/RB it/PRP was/VBD you/PRP ./.,I thought maybe it was you <laughter>. /
+,B,No/UH ./.,No <laughter>. / *[[nn]]
sd,A,"Oh/UH ,/, well/UH ,/, anyway/UH ,/, we/PRP 're/VBP supposed/VBN to/TO talk/VB about/IN education/NN ./.","{F Oh, } {D well, } anyway, we're supposed to talk about education. /"
sd,A,I/PRP certainly/RB have/VBP some/DT ideas/NNS since/IN I/PRP 'm/VBP studying/VBG it/PRP now/RB in/IN college/NN ./.,I certainly have some ideas since I'm studying it now in college. /
sv,A,"I/PRP 'd/MD say/VB ,/, first/RB of/IN all/DT ,/, they/PRP need/VBP to/TO go/VB back/RB to/TO spending/VBG more/JJR time/NN on/IN the/DT basic/JJ reading/NN ,/, writing/NN ,/, arithmetic/NN --/:","I'd say, first of all, they need to go back to spending more time on the basic reading, writing, arithmetic --"
b,B,Uh-huh/UH ./.,Uh-huh. /
+,A,"--/: in/IN grade/NN school/NN ,/,","-- in grade school, /"
sv,A,"because/IN they/PRP really/RB teach/VBP you/PRP about/RB forty/CD percent/NN less/RBR than/IN they/PRP used/VBD to/TO ,/,","{C because } they really teach you about forty percent less than they used to, /"
sv,A,and/CC it/PRP shows/VBZ up/RP ./.,{C and } it shows up. /
sd,A,That/DT 's/BES one/CD idea/NN ./.,That's one idea. /
qy,A,Do/VBP you/PRP have/VB any/DT ?/.,Do you have any? /
no,B,"Um/UH ,/, I/PRP do/VBP n't/RB know/VB ,/,","{F Um, } I don't know, /"
sd,B,"I/PRP 'm/VBP pretty/JJ ,/, I/PRP think/VBP I/PRP 'm/VBP pretty/RB satisfied/JJ with/IN ,/, um/UH ,/,","[ I'm pretty, + I think I'm pretty ] satisfied with, {F um, } - /"
sd,B,"I/PRP gre/VBD ,/, I/PRP grew/VBD up/RP in/IN Plano/NNP --/:","[ I gre-, + I grew ] up in Plano -- /"
b,A,Uh-huh/UH ./.,Uh-huh. /
sd,B,"--/: and/CC ,/, and/CC my/PRP$ dad/NN is/VBZ actually/RB on/IN the/DT school/NN board/NN there/RB ,/,","-- [ {C and, } + {C and } ] my dad is actually on the school board there, /"
sd,B,"so/RB ,/, I/PRP kind/RB of/RB kept/VBD up/RP with/IN a/DT lot/NN of/IN things/NNS that/WDT went/VBD on/RP ./.","{C so, } I kind of kept up with a lot of things that went on. /"
b,A,"Yeah/UH ,/,","Yeah, /"
%,A,it/PRP 's/BES,it's - /
sd,A,"Plano/NNP ,/, uh/UH ,/, improved/VBD greatly/RB in/IN the/DT last/JJ twenty/CD ,/, twenty-five/CD years/NNS --/:","Plano, {F uh, } improved greatly in the last twenty, twenty-five years -- /"
b,B,Yeah/UH ./.,Yeah. /
sv,A,--/: that/DT 's/BES for/IN sure/RB ./.,-- that's for sure. /
sd,A,It/PRP used/VBD to/TO be/VB the/DT pits/NNS ./.,It used to be the pits. /
sd,A,"And/CC Arlington/NNP is/VBZ excellent/JJ now/RB ,/,","{C And } Arlington is excellent now, /"
sd,A,but/CC I/PRP 'm/VBP just/RB speaking/VBG overall/RB --/:,{C but } I'm just speaking overall --
b,B,Oh/UH ./.,Oh. /
+,A,--/: across/IN the/DT country/NN ./.,-- across the country. /
b,B,Yeah/UH ./.,Yeah. /
sv,A,Something/NN is/VBZ definitely/RB wrong/JJ ./.,Something is definitely wrong. /
b,B,Uh-huh/UH ./.,Uh-huh. /
sv,A,"And/CC ,/, uh/UH ,/, one/CD thing/NN ,/, they/PRP do/VBP n't/RB spend/VB as/RB much/JJ time/NN just/RB teaching/VBG reading/NN and/CC writing/NN ,/,","{C And, } {F uh, } one thing, they don't spend as much time just teaching reading and writing, /"
sv,A,so/RB a/DT lot/NN of/IN kids/NNS are/VBP just/RB being/VBG promoted/VBN from/IN year/NN to/IN year/NN,{C so } a lot of kids are just being promoted from year to year /
sv,A,and/CC they/PRP truly/RB ca/MD n't/RB read/VB --/:,{C and } they truly can't read -- /
b,B,Right/UH ./.,Right. /
sd,A,"--/: so/RB I/PRP do/VBP n't/RB know/VB how/WRB they/PRP expect/VBP them/PRP to/TO ,/, uh/UH ,/, pass/VB history/NN when/WRB they/PRP ca/MD n't/RB read/VB anything/NN ,/, you/PRP know/VBP ,/, even/RB read/VB a/DT word/NN problem/NN in/IN math/NN ./.","-- {C so } I don't know how they expect them to, {F uh, } pass history when they can't read anything, {D you know, } even read a word problem in math. /"
sv,A,"So/UH ,/, um/UH ,/, that/DT 's/BES definitely/RB a/DT problem/NN ./.","{C So, } {F um, } that's definitely a problem. /"
sv,A,Another/DT problem/NN is/VBZ you/PRP 're/VBP going/VBG to/TO keep/VB the/DT smarter/JJR people/NNS in/IN the/DT system/NN too/RB long/RB paying/VBG the/DT wages/NNS they/PRP do/VBP ./.,Another problem is you're going to keep the smarter people in the system too long paying the wages they do. /
b,B,Right/UH ./.,Right. /
%,A,"But/CC ,/, um/UH ,/,","{C But, } {F um, } -/"
qw,B,"So/UH do/VBP you/PRP ,/, what/WP do/VBP you/PRP think/VB is/VBZ good/JJ about/IN the/DT schools/NNS ?/.","{C So } [ do you, + what do you ] think is good about the schools? /"
%,A,"That/DT is/VBZ good/JJ about/IN ,/,","That is good about, - /"
sv,A,"well/UH ,/, it/PRP depends/VBZ on/IN where/WRB you/PRP are/VBP ./.","{D well, } it depends on where you are. /"
sv,A,They/PRP 're/VBP all/RB so/RB different/JJ ./.,They're all so different. /
sd,A,That/DT 's/BES another/DT thing/NN --/:,That's another thing --
b,B,Yeah/UH ./.,Yeah. /
+,A,--/: about/IN the/DT United/NNP States/NNP ./.,-- about the United States. /
sd,A,"There/EX 's/BES no/DT national/JJ curriculum/NN ,/, you/PRP know/VBP ,/,","There's no national curriculum, {D you know, } /"
sd,A,"I/PRP mean/VBP ,/, what/WP they/PRP 'd/MD be/VB teaching/VBG in/IN an/DT Arlington/NNP school/NN they/PRP may/MD not/RB be/VB teaching/VBG in/IN a/DT Plano/NNP school/NN --/:","{E I mean, } what they'd be teaching in an Arlington school they may not be teaching in a Plano school -- /"
b,B,Uh-huh/UH ./.,Uh-huh. /
sd,A,"--/: and/CC in/IN the/DT same/JJ school/NN district/NN ,/, you/PRP may/MD ,/, even/RB in/IN an/DT Arlington/NNP seventh/JJ grade/NN for/IN instance/NN ,/, you/PRP may/MD have/VB an/DT English/NNP class/NN","-- {C and } in the same school district, [ you may, + even in an Arlington seventh grade for instance, you may ] have an English class /"
sd,A,"you/PRP may/MD have/VB half/DT literature/NN for/IN the/DT whole/JJ year/NN ,/,","you may have half literature for the whole year, /"
sd,A,whereas/IN in/IN another/DT one/NN they/PRP 're/VBP going/VBG to/TO concentrate/VB on/IN grammar/NN --/:,whereas in another one they're going to concentrate on grammar --
b^m,B,Grammar/NN ./.,Grammar. /
+,A,"--/: and/CC give/VB you/PRP a/DT little/RB literature/NN ,/,","-- and give you a little literature, /"
sv,A,"it/PRP 's/BES up/IN to/IN the/DT teacher/NN ,/, in/IN other/JJ words/NNS ./.","it's up to the teacher, in other words. /"
sv,A,"So/UH that/DT 's/BES kind/RB of/RB o/JJ ,/NN you/PRP know/VBP ,/, that/DT 's/BES kind/RB of/RB odd/JJ to/IN me/PRP ./.","{C So } [ that's kind of o-, + {D you know, } that's kind of odd ] to me. /"
b,B,Yeah/UH ./.,Yeah. /
sv,A,"It/PRP depends/VBZ on/IN ,/, uh/UH ,/, what/WP school/NN you/PRP 're/VBP in/IN and/CC who/WP your/PRP$ teacher/NN is/VBZ ,/, actually/RB --/:","It depends on, {F uh, } what school you're in and who your teacher is, actually -- /"
b,B,Uh-huh/UH ./.,Uh-huh. /
sv,A,--/: or/CC is/VBZ how/WRB you/PRP end/VBP up/RP ./.,-- {C or } is how you end up <laughter>. - /
sd,A,"Overall/RB ,/, Arlington/NNP is/VBZ good/JJ ,/, one/CD of/IN the/DT better/JJR ones/NNS in/IN the/DT state/NN ,/,","Overall, Arlington is good, one of the better ones in the state, /"
sd,A,so/RB I/PRP guess/VBP we/PRP lucked/VBD out/RP when/WRB we/PRP moved/VBD here/RB ./.,{C so } I guess we lucked out when we moved here. /
b,B,Uh-huh/UH ./.,Uh-huh. /
b,B,"So/UH ,/, yeah/UH ,/,","{C So, } yeah, /"
sv,B,that/DT 's/BES the/DT thing/NN is/VBZ just/RB to/TO look/VB at/IN the/DT school/NN system/NN in/IN the/DT area/NN that/WDT you/PRP move/VBP into/IN before/IN you/PRP ./.,that's the thing is just to look at the school system in the area that you move into before you. -/
b,A,Uh-huh/UH ./.,Uh-huh. /
sd,A,"Of/IN course/NN we/PRP have/VBP a/DT slight/JJ problem/NN in/IN that/IN ,/, uh/UH ,/, the/DT number/NN of/IN the/DT illiterate/JJ in/IN America/NNP is/VBZ mushrooming/VBG at/IN this/DT point/NN ,/,","Of course we have a slight problem in that, {F uh, } the number of the illiterate in America is mushrooming at this point, /"
sv,A,"and/CC ,/, uh/UH ,/, you/PRP know/VBP ,/, where/WRB our/PRP$ kids/NNS might/MD be/VB in/IN a/DT great/JJ school/NN ,/, we/PRP 're/VBP still/RB paying/VBG an/DT awful/JJ lot/NN of/IN taxes/NNS for/IN people/NNS who/WP are/VBP on/IN welfare/NN and/CC unemployment/NN because/IN they/PRP ca/MD n't/RB read/VB ,/, you/PRP know/VBP ./.","{C and, } {F uh, } {D you know, } where our kids might be in a great school, we're still paying an awful lot of taxes for people who are on welfare and unemployment because they can't read, {D you know. } /"
b,B,Uh-huh/UH ./.,Uh-huh. /
%,A,So/UH ./.,{C So. } -/
qy,B,"But/CC do/VBP you/PRP think/VB that/IN there/EX should/MD be/VB ,/, um/UH ,/, nationwide/JJ ,/, um/UH ,/, curriculum/NN ?/.","{C But } do you think that there should be, {F um, } nationwide, {F um, } curriculum? /"
no,A,I/PRP do/VBP n't/RB know/VB ./.,I don't know. /
sd,A,"I/PRP just/RB read/VBD about/IN that/IN the/DT other/JJ day/NN ,/,","I just read about that the other day, /"
sd,A,and/CC I/PRP had/VBD never/RB even/RB thought/VBN of/IN it/PRP ./.,{C and } I had never even thought of it. /
sv,A,"Actually/RB it/PRP makes/VBZ sense/NN to/IN a/DT certain/JJ extent/NN ,/,","Actually it makes sense to a certain extent, /"
sd,A,"because/IN sometimes/RB ,/, like/UH a/DT third/JJ grade/NN teacher/NN will/MD get/VB kids/NNS from/IN second/JJ grade/NN that/WDT did/VBD n't/RB even/RB learn/VB what/WP ,/, uh/UH ,/,","{C because } sometimes, {D like } a third grade teacher will get kids from second grade that didn't even learn what, {F uh, } - /"
sd,A,"they/PRP should/MD to/TO do/VB the/DT work/NN that/WDT she/PRP is/VBZ supposed/VBN to/TO teach/VB ,/, you/PRP know/VBP ./.","they should to do the work that she is supposed to teach, {D you know. }"
b,B,Uh-huh/UH ./.,Uh-huh. /
+,A,"MUMBLEx/XX and/CC according/VBG to/IN her/PRP$ plan/NN ,/,","(( )) and according to her plan, /"
sv,A,so/RB I/PRP guess/VBP if/IN there/EX was/VBD a/DT national/JJ curriculum/NN we/PRP 'd/MD at/IN least/JJS have/VB a/DT certain/JJ amount/NN that/IN all/DT kids/NNS would/MD learn/VB ./.,{C so } I guess if there was a national curriculum we'd at least have a certain amount that all kids would learn. /
b,B,Right/UH ./.,Right. /
sd,A,"But/CC ,/, uh/UH ./. We/PRP actually/RB rank/VBP forty-ninth/JJ in/IN the/DT world/NN as/RB far/RB as/IN just/RB plain/JJ literacy/NN goes/VBZ ,/, you/PRP know/VBP ./.","{C But, } {F uh. } We actually rank forty-ninth in the world as far as just plain literacy goes, {D you know. } /"
b,B,Um/UH ./.,{F Um. } /
sv,A,"That/DT 's/BES ,/, that/DT 's/BES pretty/RB low/JJ that/IN there/EX 's/BES --/:","[ That's, + that's ] pretty low that there's --"
b,B,Yeah/UH ./.,Yeah. /
+,A,"--/: forty-eight/CD countries/NNS ahead/RB of/IN us/PRP that/WDT have/VBP more/RBR peop-/NNS ,/, more/JJR citizens/NNS percentage/NN wise/RB that/WDT can/MD read/VB and/CC write/VB ,/,","-- forty-eight countries ahead of us that have [ more peop-, + more citizens ] percentage wise that can read and write, /"
sv,A,"so/UH ,/, um/UH ,/, unless/IN we/PRP want/VBP to/TO keep/VB paying/VBG ,/, paying/VBG for/IN these/DT people/NNS that/WDT ca/MD n't/RB make/VB it/PRP in/IN society/NN ,/, we/PRP 're/VBP going/VBG to/TO have/VB to/TO do/VB something/NN ./.","{C so, } {F um, } unless we want to keep [ paying, + paying ] for these people that can't make it in society, we're going to have to do something. /"
sd,A,I/PRP do/VBP n't/RB know/VB ./.,I don't know. /
sv,A,"Obviously/RB nobody/NN 's/BES smart/JJ enough/RB to/TO have/VB figured/VBN it/PRP out/RP yet/RB ,/,","Obviously nobody's smart enough to have figured it out yet, /"
sv,A,so/RB I/PRP probably/RB ca/MD n't/RB ./.,{C so } I probably can't <laughter>. /
sv,A,"But/CC I/PRP do/VBP think/VB that/IN we/PRP have/VBP to/TO cut/VB out/RP some/DT of/IN this/DT folderol/NN stuff/NN and/CC go/VB back/RB in/IN the/DT first/JJ five/CD ,/, six/CD grades/NNS and/CC just/RB keep/VB going/VBG over/RP and/CC over/RP and/CC over/IN until/IN most/RBS of/IN those/DT that/WDT are/VBP capable/JJ can/MD at/IN least/JJS learn/VB to/TO read/VB and/CC write/VB --/:","{C But } I do think that we have to cut out some of this folderol stuff and go back in the first five, six grades and just keep going over and over and over until most of those that are capable can at least learn to read and write -- /"
sd,A,--/: because/IN they/PRP ca/MD n't/RB even/RB get/VB the/DT menial/JJ job/NN without/IN being/VBG able/JJ to/TO read/VB something/NN nowadays/RB --/:,-- {C because } they can't even get the menial job without being able to read something nowadays --
b,B,Right/UH ./.,Right. /
+,A,--/: you/PRP know/VBP ./.,-- {D you know. } /
sd,A,"Uh/UH ,/, you/PRP ca/MD n't/RB ,/, you/PRP ca/MD n't/RB even/RB work/VB an/DT answering/NN machine/NN if/IN you/PRP 're/VBP at/IN work/NN and/CC had/VBD to/TO get/VB a/DT message/NN or/CC something/NN ,/, you/PRP know/VBP ,/, or/CC fill/VB out/RP an/DT application/NN to/TO work/VB at/IN McDonalds/NN if/IN you/PRP ca/MD n't/RB read/VB ./.","{F Uh, } [ you can't, + you can't ] even work an answering machine if you're at work and had to get a message or something <laughter>, {D you know, } or fill out an application to work at McDonalds if you can't read. /"
b,B,Uh-huh/UH ./.,Uh-huh. /
sv,A,"So/UH ,/, uh/UH ,/, I/PRP think/VBP that/DT 's/BES ,/, that/DT 's/BES a/DT start/NN at/IN least/JJS ,/, going/VBG back/RB to/IN the/DT basics/NNS in/IN the/DT early/JJ grades/NNS --/:","{C So, } {F uh, } I think [ that's, + that's ] a start at least, going back to the basics in the early grades -- /"
sd,A,"--/: and/CC ,/, um/UH ,/, they/PRP say/VBP that/IN the/DT average/JJ English/JJ student/NN nowadays/RB does/VBZ at/IN least/JJS fifty/CD percent/NN less/JJR reading/NN and/CC writing/NN than/IN they/PRP did/VBD twenty/CD years/NNS ago/RB ,/,","-- {C and, } {F um, } they say that the average English student nowadays does at least fifty percent less reading and writing than they did twenty years ago, /"
sv,A,and/CC that/DT 's/BES a/DT big/JJ jump/NN ./.,{C and } that's a big jump. /
+,B,Yeah/UH,Yeah / *[[aa]]
aa,B,I/PRP believe/VBP that/DT ./.,I believe that <laughter>. /
qy,A,Did/VBD you/PRP go/VB to/IN school/NN in/IN Plano/NNP ?/.,Did you go to school in Plano? /
na,B,I/PRP did/VBD ./.,I did. /
qy^d,A,Through/IN high/JJ school/NN ./.,Through high school. /
ny,B,"Uh-huh/UH ,/,","Uh-huh, /"
%,B,"uh/UH ,/, kinder-/NN ,/,","{F uh, } kinder-, -/"
