act_tag,speaker,pos,text
sd,A,Been/VBN on/IN the/DT line/NN for/IN awhile/RB ./.,Been on the line for awhile. /
sd,A,I/PRP almost/RB forgot/VBD what/WP the/DT topic/NN was/VBD ./.,I almost forgot what the topic <laughter> was. /
b,B,Okay/UH ./.,Okay. /
%,B,"Uh/UH ,/, based/VBN ,/,","{F Uh, } based, -/"
sd,A,"Uh/UH ,/, but/CC I/PRP know/VBP what/WP it/PRP is/VBZ ./.","{F Uh, } {C but } I know what it is. /"
b,B,"Oh/UH ,/, okay/UH ./.","{F Oh, } okay. /"
ba,B,Good/UH ./.,Good. /
x,A,,<Laughter>.
x,B,,<Laughter>.
^h,A,"Uh/UH ,/, let/VB me/PRP see/VB ./.","<Noise> {F Uh, } let me see. /"
%,A,"I/PRP ,/, I/PRP ,/, I/PRP ,/, I/PRP ,/, I/PRP 'm/VBP kind/NN of/IN ,/,","[ [ [ [ I, + I, ] + I, ] + I, ] + I'm ] kind of, - /"
%,A,"I/PRP do/VBP n't/RB ,/,","I don't, - /"
sd,A,"you/PRP know/VBP ,/, I/PRP 'm/VBP ,/, I/PRP 'm/VBP kind/NN of/IN in/IN the/DT middle/NN ./.","{D you know, } I'm, I'm kind of in the <static> middle. /"
sv,A,"I/PRP ,/, I/PRP think/VBP it/PRP 's/BES a/DT great/JJ idea/NN --/:","[ I, + I ] think it's a great idea -- /"
b,B,Uh-huh/UH ./.,Uh-huh. /
sv,A,"--/: but/CC when/WRB it/PRP comes/VBZ to/IN me/PRP ,/, it/PRP 's/BES like/UH ,/, almost/RB an/DT insult/NN ,/, you/PRP know/VBP ,/,","-- {C but } when it comes to me, it's {D like, } almost an insult, {D you know, } /"
%,A,so/IN it/PRP 's/BES,{C so } <child> it's <lipsmack> - /
sd,A,"I/PRP ,/, I/PRP 've/VBP come/VB from/IN the/DT teaching/NN field/NN ./.","[ I, + I've ] come from the teaching field. /"
aa,B,Right/UH ./.,Right. /
sd,B,So/RB do/VBP I/PRP ./.,So do I <laughter>. /
sd,A,"So/RB ,/, so/RB it/PRP 's/BES just/RB like/IN I/PRP do/VBP n't/RB know/VB ./. I/PRP ,/, I/PRP guess/VBP ,/, I/PRP guess/VBP I/PRP 'd/MD have/VB to/TO go/VB with/IN ,/, uh/UH ,/,","[ {C So, } + {C so } ] it's just like I don't know. [ [ I, + I guess, ] + I guess ] I'd have to go with, {F uh, } - /"
b,B,Uh-huh/UH ./.,Uh-huh. /
sv,A,"But/CC I/PRP ,/, I/PRP ,/, I/PRP would/MD ,/, I/PRP would/MD probably/RB go/VB for/IN ,/, for/IN going/VBG ahead/RB and/CC doing/VBG it/PRP ,/, you/PRP know/VBP ./. If/IN it/PRP 's/HVS got/VBN to/TO be/VB done/VBN for/IN everyone/NN ./.","{C But } [ [ [ I, + I, ] + I would, ] + I would ] probably go [ for, + for ] going ahead and doing it, {D you know. } If it's got to be done for everyone. /"
aa,B,Right/UH ./.,Right. /
sv,B,"I/PRP think/VBP if/IN it/PRP 's/HVS got/VBN to/TO be/VB done/VBN for/IN one/CD person/NN in/IN the/DT company/NN ,/, it/PRP should/MD be/VB random/JJ testing/NN ,/, it/PRP should/MD be/VB for/IN everybody/NN ./.","I think if it's got to be done for one person in the company, it should be random testing, it should be for everybody. /"
b,A,Right/UH ./.,Right. /
sv,B,"You/PRP know/VBP ,/, when/WRB they/PRP answer/VBP the/DT company/NN ,/, I/PRP think/VBP it/PRP 'll/MD make/VB it/PRP a/DT lot/NN easier/JJR --/:","{D You know, } when they answer the company, I think it'll make it a lot easier -- /"
b,A,Right/UH ./.,Right. /
b,A,Yeah/UH ./.,Yeah. /
sd,B,"I/PRP do/VBP n't/RB know/VB ,/, I/PRP come/VBP from/IN the/DT teaching/NN field/NN too/RB","I don't know, I come from the teaching field too /"
%,B,"and/CC it/PRP sort/RB of/RB ,/, uh/UH ,/,","{C and } it sort of, {F uh, } - /"
sv,B,"it/PRP 's/BES a/DT pro/NN and/CC a/DT con/NN ty-/NN ,/,","<laughter> it's a pro and a con ty-, - /"
h,B,I/PRP do/VBP n't/RB know/VB where/WRB to/TO stand/VB on/IN it/PRP ./.,I don't know where to stand on it. /
b,A,Yeah/UH ./.,Yeah. /
sd,B,"I/PRP 'm/VBP more/JJR or/CC less/JJR ,/, if/IN they/PRP told/VBD me/PRP I/PRP had/VBD to/TO well/UH then/RB fine/JJ ,/,","I'm more or less, if they told me I had to {D well } then fine, /"
sd,B,but/CC --/:,{C but } --
b,A,Yeah/UH ./.,Yeah. /
+,B,"--/: if/IN ,/, you/PRP know/VBP ,/, if/IN they/PRP made/VBD me/PRP then/RB I/PRP 'd/MD probably/RB ,/,","-- [ if, + {D you know, } if ] they made me then I'd probably, - /"
sd,B,if/IN I/PRP had/VBD my/PRP$ druthers/NNS I/PRP 'd/MD probably/RB say/VB well/UH no/UH,if I had my druthers I'd probably say {D well } no /
sd,B,"you/PRP know/VBP just/RB this/DT ,/,","<laughter> {D you know } just this, -/"
b,A,Yeah/UH ./.,Yeah. /
^2,A,You/PRP kind/RB of/RB goes/VBZ into/IN your/PRP$ privacy/NN,You kind of goes into your privacy /
sd,A,and/CC --/:,[ {C and } + --
aa,B,Right/UH ./.,Right. /
+,A,"--/: you/PRP know/VBP ,/, but/CC I/PRP guess/VBP if/IN they/PRP ,/,","-- {D you know, } {C but } ] I guess if they, - /"
%,A,"you/PRP know/VBP ,/, you/PRP know/VBP ,/, there/EX 's/BES ,/, uh/UH ,/,","{D you know, } {D you know, } there's, {F uh, } - /"
sd,A,"I/PRP guess/VBP there/EX 's/BES some/DT companies/NNS that/WDT are/VBP n't/RB ,/, that/WDT are/VBP doing/VBG it/PRP ./.","I guess there's some companies [ that aren't, + that are ] doing it. /"
b,B,Uh-huh/UH ./.,Uh-huh. /
sv,A,"And/CC it/PRP ,/, it/PRP seems/VBZ to/TO be/VB working/VBG out/RP","{C And } [ it, + it ] seems to be working out /"
%,A,"so/RB ,/,","{C so, } -/"
b,B,"Yeah/UH ,/,","Yeah, /"
b,A,Yeah/UH ./.,Yeah. /
b,A,Right/UH ./.,Right. /
sd,B,"And/CC ,/, uh/UH ,/, anybody/NN who/WP ,/, uh/UH ,/, gee/UH ,/, is/VBZ ,/, you/PRP know/VBP ,/, di-/XX ,/, does/VBZ n't/RB accept/VB the/DT rehab/NN program/NN then/RB they/PRP 're/VBP ,/, more/JJR or/CC less/JJR ,/, getting/VBG laid/VBN off/RP ./.","{C And, } {F uh, } anybody who, {F uh, } {D gee, } is, {D you know, } [ di-, + ] doesn't accept the rehab program then they're, more or less, getting laid off. /"
"fo_o_fw_""_by_bc",A,"See/UH ,/, that/DT 's/BES hard/JJ ./.","<Lipsmack> {D See, that's } hard. /"
%,B,"that/DT 's/BES a/DT ,/,","that's a, - /"
sv,B,it/PRP 's/BES really/RB weird/JJ issue/NN ./.,it's really weird issue. /
sv,B,I/PRP 'm/VBP sort/RB of/RB --/:,I'm sort of --
b,A,Yeah/UH ./.,Yeah. /
+,B,--/: on/IN the/DT fence/NN about/IN it/PRP ./.,-- on the fence about it. /
b,A,Yeah/UH ./.,Yeah. /
%,B,"But/CC I/PRP ,/,","{C But } I, - /"
sv,B,"you/PRP know/VBP ,/, that/DT ,/, that/DT 's/BES what/WP 's/BES they/PRP 're/VBP coming/VBG across/IN as/IN is/VBZ some/DT of/IN the/DT companies/NNS anyhow/RB ./.","{D you know, } [ that, + that's ] what's they're coming across as (( is )) some of the companies anyhow. /"
^q,B,"Oh/UH ,/, we/PRP can/MD get/VB you/PRP into/IN a/DT drug/NN program/NN ./.","{F Oh, } we can get you into a drug program. /"
sv,B,But/CC then/RB you/PRP wear/VBP that/DT stigma/NN --/:,{C But then } you wear that stigma --
b,A,Yeah/UH ./.,Yeah. /
+,B,--/: you/PRP know/VBP ./.,-- {D you know } <laughter>. /
b,A,Yeah/UH ./.,Yeah. /
b,A,Yeah/UH ./.,Yeah. /
%,B,yeah/UH ./.,yeah. /
sd,A,"Then/RB I/PRP kind/RB of/RB hear/VBP it/PRP goes/VBZ into/IN like/IN ,/, uh/UH ,/,","Then I kind of hear it goes into {D like, } {F uh, } - /"
aa,B,Right/UH ./.,Right. /
^2,B,"Anything/NN with/IN an-/XX ,/, a/DT ,/,","Anything with [ an-, + ] a, - /"
^2,B,"you/PRP know/VBP ,/, if/IN you/PRP drink/VBP a/DT lot/NN of/IN caffeine/NN or/CC ,/,","{D you know, } if you drink a lot of caffeine or, -/"
sd,A,"Oh/UH ,/, I/PRP did/VBD n't/RB know/VB that/DT ./.","{F Oh, } I didn't know that. /"
b,B,"Yeah/UH ,/,","Yeah, /"
sv,B,"somebody/NN was/VBD saying/VBG ,/, telling/VBG me/PRP if/IN you/PRP drink/VBP it/PRP in/IN ,/,","somebody was [ saying, + telling ] me if you drink it in,"
x,A,,<Noise>.
+,B,"you/PRP know/VBP ,/, an/DT awful/JJ lot/NN of/IN caffeine/NN ,/, that/IN that/DT can/MD show/VB up/RP as/IN a/DT positive/JJ test/NN ./.","{D you know, } an awful lot of caffeine, that that can show up as a positive test. /"
b,A,Um/UH ./.,{F Um. } /
sd,B,I/PRP know/VBP I/PRP 'm/VBP an/DT epileptic/NN,I know I'm an epileptic /
sv,B,so/RB I/PRP 'd/MD probably/RB test/VB positive/JJ and/CC --/:,{C so } I'd probably test positive [ {C and } + <laughter> --
aa,A,Yeah/UH ./.,Yeah. /
sv,A,See/UH things/NNS like/IN that/DT,{D See } things like that /
%,A,"so/RB ,/,","{C so, } -/"
+,B,"--/: and/CC then/RB I/PRP 'd/MD have/VB a/DT heck/NN of/IN a/DT time/NN explaining/VBG what/WP drug/NN is/VBZ in/IN my/PRP$ system/NN ,/, you/PRP know/VBP ./.","-- {C and then } ] I'd have a heck of a time explaining what drug is in my system, {D you know } <laughter>. /"
b,A,Yeah/UH ./.,<Child> Yeah. /
sv,B,"And/CC a/DT lot/NN of/IN times/NNS ,/, those/DT are/VBP the/DT things/NNS I/PRP do/VBP n't/RB like/VB to/TO disclose/VB to/IN an/DT employer/NN because/IN then/RB they/PRP do/VBP n't/RB want/VB to/TO have/VB anything/NN to/TO do/VB with/IN you/PRP ./.","{C And } a lot of times, those are the things I don't like to disclose to an employer because then they don't want to have anything to do with you <laughter>. /"
aa,A,"Right/UH ,/,","Right, /"
aa,A,right/UH ./.,right. /
b,A,Uh-huh/UH ./.,Uh-huh. /
sd,B,"You/PRP know/VBP ,/, it/PRP 's/BES very/RB personal/JJ ./.","{D You know, } it's very personal. /"
sd,B,I/PRP would/MD n't/RB want/VB to/TO have/VB it/PRP disclosed/VBN because/IN --/:,I wouldn't want to have it disclosed because --
%,A,"See/UH that/DT 's/BES ,/,","See that's, -/"
+,B,"--/: then/RB I/PRP 'd/MD always/RB wonder/VB if/IN they/PRP fired/VBD me/PRP ,/, you/PRP know/VBP ,/, why/WRB did/VBD you/PRP fire/VB me/PRP ./.","-- then I'd always wonder if they fired me, {D you know, } why did you fire me <laughter>. /"
b,A,Yeah/UH ./.,Yeah. /
sv,A,"That/DT 's/BES where/WRB I/PRP kind/RB of/RB get/VB into/IN ,/,","That's where I kind of get into, - /"
sv,A,"cause/IN it/PRP kind/RB of/RB gets/VBZ into/IN your/PRP$ personal/JJ life/NN ,/, you/PRP know/VBP ./.","{C cause } it kind of gets into your personal life, {D you know. } /"
qh,A,And/CC --/:,{C And } --
b,B,Uh-huh/UH ./.,Uh-huh. /
+,A,"--/: MUMBLEx/XX wha-/XX ,/, what/WP 's/BES kind/RB of/RB next/RB ./.","-- (( )) [ wha-, + what's ] kind of next. /"
b,B,Yeah/UH ./.,Yeah. /
br,A,The/DT what/WP ?/.,The what? /
sd,B,Orwell/NNP ./.,Orwell. /
b,A,Huh/UH ./.,Huh. /
b,A,Oh/UH ./.,Oh. /
b,A,Yeah/UH ./.,Yeah. /
%,B,"and/CC I/PRP sh-/XX ,/,","{C and } I sh-, - /"
sv,B,"I/PRP 'd/MD hate/VB to/TO have/VB to/TO ,/,","I'd hate to have to, - /"
sv,B,if/IN I/PRP had/VBD my/PRP$ choice/NN between/IN a/DT company/NN that/WDT did/VBD testing/NN and/CC a/DT company/NN who/WP did/VBD n't/RB --/:,if I had my choice between a company that did testing and a company who didn't --
aa,A,Right/UH ./.,Right. /
b,A,Yeah/UH,Yeah /
x,A,./.,<noise>.
aa,A,Right/UH ./.,Right. /
sd,B,"But/CC I/PRP can/MD understand/VB why/WRB they/PRP need/VBP it/PRP with/IN all/PDT the/DT ,/, you/PRP know/VBP ,/, train/NN accidents/NNS and/CC everything/NN else/RB ./.","{C But } I can understand why they need it with all the, {D you know, } train accidents and everything else. /"
qy,A,So/RB do/VBP you/PRP think/VB they/PRP 'll/MD kind/RB of/RB push/VB into/IN the/DT teaching/NN field/NN eventually/RB ?/.,{C So } do you think they'll kind of push into the teaching field eventually? /
na,A,I/PRP kind/RB of/RB think/VBP they/PRP will/MD ./.,I kind of think they will. /
na,B,"I/PRP think/VBP they/PRP will/MD too/RB because/IN ,/, uh/UH ,/, you/PRP know/VBP ,/, it/PRP 's/BES just/RB going/VBG to/TO follow/VB ./.","I think they will too because, {F uh, } {D you know, } it's just going to follow. /"
b,A,Yeah/UH ./.,Yeah. /
sd,B,"I/PRP do/VBP n't/RB know/VB ./. I/PRP ,/, we/PRP have/VBP n't/RB had/VBN any/DT of/IN it/PRP in/IN our/PRP$ school/NN system/NN ./.","I don't know. [ I, + we ] haven't had any of it in our school system. /"
sd,B,"So/RB ,/, uh/UH ,/, you/PRP know/VBP --/:","{C So, } {F uh, } {D you know } --"
b,A,Yeah/UH ./.,Yeah. /
sd,A,We/PRP have/VBP n't/RB either/RB ./.,We haven't either. /
+,B,"--/: hopefully/RB ,/, we/PRP wo/MD n't/RB ./.","-- hopefully, we won't <laughter>. /"
b,A,Yeah/UH ./.,Yeah. /
sv,A,"But/CC I/PRP ,/, I/PRP ,/, I/PRP just/RB kind/RB of/RB think/VBP it/PRP 's/BES heading/VBG that/DT way/NN though/RB ,/, you/PRP know/VBP ./. It/PRP 's/BES just/RB ,/, because/IN it/PRP 's/BES just/RB hitting/VBG to/^RB close/RB to/IN home/NN with/IN the/DT kids/NNS and/CC stuff/NN","{C But } [ [ I, + I, ] + I ] just kind of think it's heading that way though, {D you know. } It's just, <lipsmack> because it's just hitting to close to home with the kids and stuff /"
sv,A,and/CC I/PRP just/RB --/:,{C and } [ I just -- +
b,B,Right/UH ./.,Right. /
+,A,--/: I/PRP just/RB kind/RB of/RB think/VBP it/PRP 's/BES going/VBG to/TO eventually/RB head/VB that/DT way/NN ./.,-- I just ] kind of think it's going to eventually head that way. /
aa,B,"Well/UH and/CC eventually/RB it/PRP 's/BES going/VBG to/TO be/VB not/RB only/RB the/DT tea-/XX ,/,","{D Well } {C and } eventually it's going to be not only the tea-, - /"
sv,B,"you/PRP know/VBP ,/, the/DT kids/NNS are/VBP --/:","{D you know, } the kids are --"
b,A,Yeah/UH ./.,Yeah. /
+,B,"--/: going/VBG to/TO be/VB under/IN scrutiny/NN ,/, it/PRP 's/BES going/VBG to/TO be/VB the/DT teachers/NNS ./.","-- going to be under scrutiny, it's going to be the teachers. /"
b,A,Right/UH ./.,Right. /
sv,B,"And/CC if/IN they/PRP can/MD test/VB the/DT teachers/NNS ,/, that/DT gives/VBZ them/PRP the/DT full/JJ right/NN to/TO test/VB the/DT kids/NNS ./.","{C And } if they can test the teachers, that gives them the full right to test the kids. /"
b,A,Right/UH ./.,Right. /
sv,B,"And/CC then/RB they/PRP ,/, you/PRP know/VBP ,/, caught/VBN everybody/NN ./.","{C And then } they, {D you know, } caught everybody. /"
b,A,Yeah/UH ./.,Yeah </static>. /
