act_tag,speaker,pos,text
"fo_o_fw_""_by_bc",B,That/DT sounded/VBD like/IN one/CD ./.,That sounded like one. /
b,A,Uh-huh/UH ./.,Uh-huh. /
sv,A,"Um/UH ,/, I/PRP think/VBP that/IN there/EX is/VBZ something/NN definitely/RB wrong/JJ with/IN our/PRP$ school/NN system/NN just/RB because/IN of/IN the/DT results/NNS that/WDT you/PRP see/VBP coming/VBG out/IN of/IN the/DT school/NN system/NN ,/,","{F Um, } I think that there is something definitely wrong with our school system just because of the results that you see coming out of the school system,"
b,B,Uh-huh/UH ./.,Uh-huh. /
+,A,"as/RB far/RB as/IN ,/, uh/UH ,/, people/NNS dropping/VBG out/IN of/IN school/NN ,/, uh/UH ,/, grades/NNS on/IN test/NN scores/NNS being/VBG low/JJ ,/, uh/UH ,/, more/JJR and/CC more/JJR people/NNS taking/VBG G/NNP E/NNP D/NNP -s/NNS trying/VBG to/TO get/VB out/IN of/IN high/JJ school/NN instead/IN of/IN just/RB going/VBG through/IN high/JJ school/NN ./.","as far as, {F uh, } people dropping out of school, {F uh, } grades on test scores being low, {F uh, } more and more people taking G E D -s trying to get out of high school instead of just going through high school. /"
b,B,Yeah/UH ./.,Yeah. /
sv,A,"You/PRP know/VBP something/NN must/MD be/VB wrong/JJ as/RB far/RB as/IN ,/, uh/UH ,/, mak-/XX ,/, not/RB just/RB the/DT teaching/NN techniques/NNS but/CC just/RB motivation/NN ,/,","You know something must be wrong as far as, {F uh, } [ mak-, + not ] just the teaching techniques but just motivation,"
b,B,Yeah/UH ./.,Yeah. /
+,A,"within/IN ,/, within/IN the/DT schools/NNS themselves/PRP ./.","[ within, + within ] the schools themselves. /"
b,B,"Yeah/UH ,/,","Yeah, /"
ad,B,"excuse/VB me/PRP just/RB a/DT minute/NN ,/,","excuse me just a minute,"
aa,A,Uh-huh/UH ./.,Uh-huh. /
+,B,"uh/UH ,/,","{F uh, } /"
t3,B,I/PRP 'm/VBP on/IN the/DT other/JJ line/NN Karen/NNP ./.,I'm on the other line Karen. <clicking> <<from phone>> /
fa,B,I/PRP 'm/VBP sorry/JJ ./.,I'm sorry. /
bd,A,"Oh/UH ,/, it/PRP 's/BES okay/JJ ./.","{F Oh, } it's okay. /"
b^m,B,Okay/UH ./.,Okay. /
%,B,"Uh/UH ,/, she/PRP ,/, uh/UH ,/,","{F Uh, } she, {F uh, } - /"
%,B,"yeah/UH ,/,","yeah, /"
%,B,"well/UH the/DT ,/, the/DT results/NNS ,/,","{D well } [ the, + the ] results, - /"
sd,B,"I/PRP ,/, I/PRP hear/VBP what/WP you/PRP 're/VBP ,/, you/PRP 're/VBP saying/VBG about/IN the/DT results/NNS ./.","[ I, + I ] hear what [ you're, + you're ] saying about the results. /"
b,A,Uh-huh/UH ./.,Uh-huh. /
sv,B,"And/CC ,/, uh/UH ,/, it/PRP 's/BES ,/, what/WP to/TO do/VB about/IN it/PRP I/PRP guess/VBP is/VBZ the/DT ,/, the/DT big/JJ thing/NN ./.","<Whispering> {C And, } {F uh, } [ it's, + what ] to do about it I guess is [ the, + the ] big thing. /"
b,A,Yeah/UH ./.,Yeah. /
sd,B,"I/PRP 'm/VBP ,/, I/PRP 'm/VBP in/IN a/DT kind/RB of/RB an/DT interesting/JJ situation/NN in/IN that/IN my/PRP$ ,/, my/PRP$ wife/NN teaches/VBZ school/NN here/RB in/IN Plano/NNP ./.","[ I'm, + I'm ] in a kind of an interesting situation in that [ my, + my ] wife teaches school here in Plano. /"
b,A,Uh-huh/UH ./.,Uh-huh. /
sd,B,"And/CC ,/, I/PRP know/VBP that/IN ,/, uh/UH ,/, the/DT results/NNS that/WDT they/PRP get/VBP out/IN of/IN the/DT system/NN sometime/RB is/VBZ ,/, is/VBZ certainly/RB not/RB ,/, you/PRP know/VBP ,/, up/IN to/IN what/WP the/DT effort/NN they/PRP put/VBP into/IN it/PRP ,/, you/PRP know/VBP ,/,","{C And, } I know that, {F uh, } the results that they get out of the system sometime [ is, + is ] certainly not <breathing>, {D you know, } up to what the effort they put into it, {D you know, } /"
sd,B,"I/PRP 've/VBP seen/VBN that/DT for/IN years/NNS ,/,","I've seen that for years, /"
%,B,yeah/UH ./.,yeah. /
aa,A,"Right/UH ,/,","Right, /"
aa,A,"and/CC ,/, I/PRP know/VBP ,/, uh/UH ,/,","{C and, } I know, {F uh, } /"
sd,A,"I/PRP work/VBP around/IN ,/, you/PRP know/VBP a/DT lot/NN of/IN teachers/NNS","I work around, {D you know } a lot of teachers /"
sd,A,"and/CC I/PRP u-/XX ,/, I/PRP understand/VBP how/WRB ,/, uh/UH ,/, supportive/JJ they/PRP are/VBP of/IN their/PRP$ students/NNS and/CC how/WRB excited/JJ they/PRP are/VBP ,/,","{C and } [ I u-, + I understand ] how, {F uh, } supportive they are of their students and how excited they are, /"
b,B,Uh-huh/UH ./.,Uh-huh. /
sv,A,"but/CC some/GW how/^RB ,/, I/PRP do/VBP n't/RB think/VB the/DT students/NNS are/VBP getting/VBG excited/JJ ./.","{C but } some how, I don't think the students are getting excited. /"
aa,B,"Yeah/UH ,/,","Yeah, /"
sd,B,"I/PRP 've/VBP often/RB wondered/VBN if/IN it/PRP does/VBZ n't/RB come/VB back/RB to/IN the/DT ,/, the/DT home/NN environment/NN ./.","I've often wondered if it doesn't come back to [ the, + the ] home environment. /"
aa,A,"Oh/UH ,/, yes/UH","{F Oh, } yes /"
aa,A,"definitely/UH ,/,","definitely, /"
aa,A,uh-huh/UH ./.,uh-huh <dishes>. /
sv,B,"And/CC ,/, uh/UH ,/, it/PRP ,/, if/IN ,/, uh/UH ,/, no/DT matter/NN what/WP they/PRP do/VBP in/IN the/DT ,/, the/DT classroom/NN ,/, if/IN they/PRP go/VBP home/RB at/IN night/NN and/CC ,/, you/PRP know/VBP ,/, it/PRP 's/BES all/DT totally/RB undone/VBN ,/, uh/UH ./.","{C And, } {F uh, } [ [ it, + if, ] + {F uh, } no ] matter what they do in [ the, + the ] classroom, if they go home at night and, {D you know, } it's all totally undone, {F uh. } -/"
b,A,Uh-huh/UH ./.,Uh-huh. /
sd,B,"The/DT ,/, the/DT thing/NN that/WDT ,/, uh/UH ,/, uh/UH ,/, that/WDT Karen/NNP ,/, my/PRP$ wife/NN ,/, has/VBZ ,/, has/VBZ run/VBN into/IN so/RB often/RB is/VBZ that/IN you/PRP run/VBP into/IN a/DT group/NN of/IN kids/NNS that/WDT are/VBP going/VBG to/TO succeed/VB no/DT matter/NN what/WP ,/, no/DT matter/NN how/WRB bad/JJ their/PRP$ teachers/NNS are/VBP ,/,","[ The, + the ] thing [ that, + {F uh, } {F uh, } that ] Karen, my wife, [ has, + has ] run into so often is that you run into a group of kids that are going to succeed no matter what, no matter how bad their teachers are,"
b,A,"Right/UH ,/,","Right, /"
b,A,right/UH ./.,right. /
+,B,"no/DT matter/NN what/WP a/DT lousy/JJ system/NN they/PRP 're/VBP in/IN ,/, or/CC anything/NN else/RB ,/,","no matter what a lousy system they're in, or anything else, /"
b,A,Uh-huh/UH ./.,Uh-huh. /
sd,B,"these/DT people/NNS somehow/RB manage/VBP to/TO ,/, uh/UH ,/, you/PRP know/VBP ,/,","these people somehow manage to, {F uh, } {D you know, }"
^2,A,"Progress/VB ,/,","Progress, /"
%,A,uh-huh/UH ./.,uh-huh. /
+,B,push/VB on/IN through/IN and/CC are/VBP successful/JJ ./.,push on through and are successful. /
sv,B,"It/PRP 's/BES ,/, uh/UH ,/, unfortunately/RB probably/RB what/WP ,/, maybe/RB twenty-five/CD or/CC thirty/CD percent/NN of/IN them/PRP do/VBP that/DT ./.","It's, {F uh, } unfortunately probably [ what, + maybe ] twenty-five or thirty percent of them do that. /"
aa,A,"Yeah/UH ,/,","Yeah, /"
sv,A,"not/RB ,/, not/RB even/RB that/RB much/JJ probably/RB ./.","[ not, + not ] even that much probably. /"
sv,B,"Well/UH ,/, ye-/XX ,/, that/DT would/MD be/VB ,/, be/VB at/IN the/DT absolute/RB most/JJS ./.","{D Well, } [ ye-, + that ] would [ be, + be ] at the absolute most. /"
aa,A,Yeah/UH,Yeah /
aa,A,uh-huh/UH ./.,uh-huh. /
sv,B,"And/CC ,/, uh/UH ,/, you/PRP know/VBP ,/, those/DT ,/, those/DT that/WDT ,/, you/PRP know/VBP ,/, come/VBP out/RB ,/, you/PRP know/VBP ,/, fall/VBP out/IN of/IN the/DT system/NN ,/, that/WDT are/VBP ,/, are/VBP real/JJ trouble/NN ,/,","{C And, } {F uh, } {D you know, } [ those, + those ] that, {D you know, } come out, {D you know, } fall out of the system, that [ are, + are ] real trouble, -/"
b,A,Uh-huh/UH ./.,Uh-huh. /
qy^d,B,"I/PRP ,/, I/PRP wonder/VBP whether/IN that/DT 's/BES just/RB a/DT ,/, uh/UH ,/, uh/UH ,/, a/DT part/NN of/IN the/DT system/NN ,/, you/PRP know/VBP ,/,","[ I, + I ] wonder whether that's just [ a, + {F uh, } {F uh, } <breathing> a ] part of the system, {D you know, } /"
b,A,Uh-huh/UH ./.,Uh-huh. /
sv,B,"if/IN ,/, you/PRP know/VBP ,/, in/IN a/DT democracy/NN where/WRB ,/, you/PRP know/VBP ,/, people/NNS have/VBP kind/RB of/RB ,/, uh/UH ,/, a/DT freedom/NN to/TO sort/RB of/RB do/VB what/WP they/PRP want/VBP ,/,","[ if, + {D you know, } in ] a democracy where, {D you know, } people have kind of, {F uh, } a freedom to sort of do what they want,"
b,A,Uh-huh/UH ./.,Uh-huh. /
+,B,"you/PRP know/VBP ,/, there/EX ,/, there/EX 's/BES an/DT inefficiency/NN there/RB ,/,","{D you know, } [ there, + there's ] an inefficiency there, /"
b,A,Uh-huh/UH ./.,Uh-huh. /
sv,B,"and/CC you/PRP 've/VBP got/VBN to/TO let/VB those/DT ,/, you/PRP know/VBP ,/, those/DT ,/,","{C and } you've got to let [ those, + {D you know, } those, ] -/"
sv,A,"And/CC speaking/VBG ,/, speaking/VBG of/IN doing/VBG what/WP you/PRP want/VBP ,/, uh/UH ,/, just/RB in/IN society/NN today/NN being/VBG that/IN it/PRP 's/BES nineteen/CD ninety-one/CD ,/,","{C And } [ speaking, + speaking ] of doing what you want, {F uh, } just in society today being that it's nineteen ninety-one,"
b,B,Uh-huh/UH ./.,Uh-huh. /
+,A,"um/UH ,/, a/DT lot/NN of/IN teenagers/NNS and/CC young/JJ people/NNS have/VBP a/DT lot/NN more/JJR freedom/NN as/RB far/RB as/IN what/WP they/PRP do/VBP ,/,","{F um, } a lot of teenagers and young people have a lot more freedom as far as what they do,"
aa,B,"Oh/UH ,/, oh/UH yeah/UH ./.","{F Oh, } {F oh } yeah. /"
+,A,"as/RB far/RB as/IN ,/, you/PRP know/VBP ,/, even/RB ,/, even/RB something/NN as/RB simple/JJ as/IN staying/VBG up/RP late/RB ,/, um/UH ,/, watching/VBG television/NN late/RB ,/, um/UH ,/,","as far as, {D you know, } [ even, + even ] something as simple as staying up late, {F um, } watching television late, {F um, }"
b,B,Uh-huh/UH ./.,Uh-huh. /
+,A,"going/VBG out/RB late/RB ,/, start/VB dating/VBG ,/,","going out late, start dating, /"
sv,A,"you/PRP start/VBP dating/VBG too/RB early/RB ,/, you/PRP know/VBP ,/,","you start dating too early, {D you know, } /"
b,B,Uh-huh/UH ./.,Uh-huh. /
sv,A,"just/RB little/JJ things/NNS like/IN that/DT ,/, that/WDT do/VBP start/VB in/IN the/DT home/NN ,/,","just little things like that, that do start in the home, /"
b,B,Yeah/UH ./.,Yeah. /
sv,A,"that/DT can/MD ,/, that/DT plays/VBZ a/DT big/JJ part/NN because/IN you/PRP spend/VBP eight/CD hours/NNS of/IN your/PRP$ day/NN ,/, or/CC more/JJR in/IN school/NN","[ that can, + that plays ] a big part because you spend eight hours of your day, or more in school /"
sv,A,"and/CC so/RB any/DT other/JJ part/NN of/IN your/PRP$ life/NN ,/, that/DT 's/BES going/VBG to/TO definitely/RB affect/VB your/PRP$ school/NN life/NN ,/,","{C and so } any other part of your life, that's going to definitely affect your school life,"
b,B,Yeah/UH ./.,Yeah. /
+,A,because/IN you/PRP spend/VBP so/RB much/JJ time/NN there/RB ./.,because you spend so much time there. /
sd,B,"And/CC sometimes/RB in/IN some/DT systems/NNS they/PRP make/VBP everything/NN so/RB competitive/JJ ,/, you/PRP know/VBP ,/,","{C And } sometimes in some systems they make everything so competitive, {D you know, } /"
b,A,Uh-huh/UH ./.,Uh-huh. /
sd,B,"you/PRP ,/, from/IN the/DT minute/NN that/WDT you/PRP walk/VBP in/RB until/IN ,/, yo-/XX ,/, until/IN you/PRP leave/VBP ,/, your/PRP$ ,/, your/PRP$ competing/VBG against/IN somebody/NN else/RB","[ you, + from the minute that you walk in [ until, yo-, + until you ] leave, [ your, + your ] ] competing against somebody else /"
sd,B,"or/CC your/PRP$ competing/VBG against/IN ,/, uh/UH ,/, a/DT system/NN or/CC ,/, or/CC something/NN ,/,","{C or } your competing against, {F uh, } a system [ or, + or ] something,"
b,A,Right/UH ./.,Right. /
+,B,"you/PRP know/VBP ,/,","{D you know, } /"
%,B,"and/CC then/RB ,/, a/DT lot/NN of/IN the-/XX ,/,","{C and then, } a lot of <breathing> the-, - /"
sv,B,there/EX is/VBZ a/DT personality/NN type/NN I/PRP believe/VBP that/WDT is/VBZ really/RB noncompetitive/JJ ./.,there is a personality type I believe that is really noncompetitive. /
sv,B,"They/PRP 're/VBP cooperative/JJ rather/IN than/IN competitive/JJ ,/,","They're cooperative rather than competitive, /"
b,A,Uh-huh/UH ./.,Uh-huh. /
sv,B,"and/CC when/WRB they/PRP get/VBP into/IN a/DT real/RB competitive/JJ system/NN they/PRP just/RB say/VBP ,/, oh/UH well/UH ,/, what/WP the/DT heck/NN ,/,","{C and } when they get into a real competitive system they just say, {F oh } {D well, } what the heck,"
b,A,Uh-huh/UH ./.,Uh-huh. /
+,B,"and/CC ,/, uh/UH ,/, tend/VBP not/RB to/TO ,/, you/PRP know/VBP ,/, do/VB too/RB awful/RB well/RB MUMBLEx/XX ./.","and, {F uh, } tend not to, {D you know, } do too awful well (( )) . /"
aa,A,"Right/UH ,/,","Right, /"
sd,A,"I/PRP talked/VBD to/IN ,/, a/DT guy/NN the/DT other/JJ day/NN","I talked to, a guy the other day /"
sd,A,"and/CC he/PRP is/VBZ now/RB in/IN ,/, in/IN a/DT program/NN that/WDT 's/BES trying/VBG to/TO get/VB him/PRP out/IN of/IN high/JJ school/NN because/IN he/PRP ,/, he/PRP fell/VBD back/RB several/JJ years/NNS ago/RB","{C and } he is now [ in, + in ] a program that's trying to get him out of high school because [ he, + he ] fell back several years ago /"
sd,A,"and/CC he/PRP 's/BES going/VBG to/IN ,/, he/PRP ,/, he/PRP will/MD have/VB gone/VBN to/IN school/NN five/CD years/NNS ./.","{C and } [ [ he's going to, + he, ] + he ] will have gone to school five years. /"
b,B,Yeah/UH ./.,Yeah. /
sd,A,"Um/UH ,/, and/CC the/DT reason/NN that/WDT he/PRP was/VBD doing/VBG so/RB badly/RB a/DT couple/NN of/IN years/NNS ago/RB was/VBD because/IN his/PRP$ mother/NN died/VBD ,/,","{F Um, } {C and } the reason that he was doing so badly a couple of years ago was because his mother died, /"
b,B,Uh-huh/UH ./.,Uh-huh. /
sd,A,"and/CC he/PRP was/VBD having/VBG to/TO ,/, uh/UH ,/, support/VB his/PRP$ entire/JJ family/NN ,/, take/VB care/NN of/IN his/PRP$ brothers/NNS and/CC sisters/NNS ,/, you/PRP know/VBP ,/,","{C and } he was having to, {F uh, } support his entire family, take care of his brothers and sisters, {D you know, } /"
b,B,Uh-huh/UH ./.,Uh-huh. /
sd,A,and/CC all/PDT that/DT had/VBD an/DT adverse/JJ affect/NN on/IN his/PRP$ school/NN life/NN ./.,{C and } all that had an adverse affect on his school life. /
ba,B,"I/PRP would/MD think/VB so/RB ,/,","I would think so, /"
%,B,yeah/UH ./.,yeah. /
b^m,A,"And/CC ,/, yeah/UH ,/,","{C And, } yeah, /"
sv,A,"and/CC that/DT ,/, and/CC that/DT 's/BES a/DT perfect/JJ example/NN of/IN how/WRB your/PRP$ home/NN life/NN ,/, you/PRP know/VBP ,/, plays/VBZ a/DT definite/JJ part/NN ./.","[ {C and } that, + {C and } that's ] a perfect example of how your home life, {D you know, } plays a definite part. /"
sv,A,"And/CC ,/, you/PRP know/VBP ,/,","And, {D you know, }"
aa,B,"Yeah/UH ,/,","Yeah, /"
aa,B,yeah/UH ./.,yeah. /
+,A,"any/DT other/JJ aspect/NN of/IN your/PRP$ life/NN ,/,","any other aspect of your life, /"
sd,A,"an/DT ,/, but/CC now/RB ,/, now/RB ,/, that/IN he/PRP 's/BES in/IN this/DT program/NN and/CC ,/, you/PRP know/VBP ,/, he/PRP 's/BES ,/, I/PRP guess/VBP okay/JJ ,/,","[ an, + {C but } ] [ now, + now, ] that he's in this program and, {D you know, } he's, I guess okay, /"
sd,A,"he/PRP 's/BES ,/, he/PRP 's/BES making/VBG straight/JJ A/SYM -s/NNS ,/,","[ he's, + he's ] making straight A -s, /"
sd,A,"and/CC ,/, you/PRP know/VBP ,/, it/PRP just/RB ,/, it/PRP ,/, it/PRP was/VBD there/RB ,/, it/PRP was/VBD just/RB ,/, I/PRP guess/VBP school/NN was/VBD not/RB a/DT number/NN one/CD priority/NN for/IN him/PRP at/IN that/DT time/NN ./.","{C and, } {D you know, } [ [ [ [ it just, + it, ] + it was there, ] + it was just, ] + I guess ] school was not a number one priority for him at that time. /"
aa,B,"Yeah/UH ,/,","Yeah, /"
%,B,"it/PRP ,/, uh/UH ,/,","it, {F uh, } - /"
aa,B,"right/UH ,/,","right, /"
bf,B,"survival/NN becomes/VBZ more/JJR of/IN a/DT priority/NN than/IN ,/, than/IN education/NN ,/,","survival becomes more of a priority [ than, + than ] education, /"
aa,A,"Uh-huh/UH ,/,","Uh-huh, /"
aa,A,uh-huh/UH ./.,uh-huh. /
sd,B,"and/CC unfortunately/RB ,/, you/PRP know/VBP ,/, there/EX 's/BES ,/, uh/UH ,/, there/EX 's/BES and/NN old/JJ joke/NN about/IN ,/, uh/UH ,/, you/PRP know/VBP ,/,","{C and } unfortunately, {D you know, } [ there's, + {F uh, } there's ] and old joke about, {F uh, } {D you know, } - /"
sd,B,education/NN 's/BES wasted/VBN on/IN the/DT youth/NN anyway/RB ./.,education's wasted on the youth anyway. /
x,A,,<Laughter>.
sv,B,"You/PRP do/VBP n't/RB ,/, you/PRP do/VBP n't/RB really/RB appreciate/VB it/PRP until/IN you/PRP 're/VBP much/RB older/JJR anyway/RB ./.","[ You don't, + you don't ] really appreciate it until you're much older anyway. /"
aa,A,"Right/UH ,/,","Right, /"
aa,A,exactly/UH ./.,exactly. /
sd,B,"I/PRP know/VBP when/WRB I/PRP went/VBD to/IN school/NN ,/, uh/UH ,/, my/PRP$ attitude/NN was/VBD kind/RB of/RB one/CD of/IN ,/, you/PRP know/VBP ,/, these/DT people/NNS are/VBP ,/, you/PRP know/VBP ,/, taking/VBG a/DT tremendous/JJ amount/NN of/IN my/PRP$ time/NN ,/,","I know when I went to school, {F uh, } my attitude was kind of one of, {D you know, } these people are, {D you know, } taking a tremendous amount of my time,"
b,A,Uh-huh/UH ./.,Uh-huh. /
+,B,"you/PRP know/VBP ,/,","{D you know, } /"
^q,B,and/CC I/PRP 've/VBP got/VBN better/JJR things/NNS to/TO be/VB doing/VBG than/IN sitting/VBG here/RB listening/VBG to/IN this/DT stuff/NN over/IN and/CC over/IN again/RB ./.,{C and } I've got better things to be doing than sitting here listening to this stuff over and over again. /
aa,A,"Ex-/UH ,/, exactly/UH ./.","[ Ex-, + exactly. ] /"
sv,B,"I/PRP guess/VBP today/NN that/DT would/MD be/VB ,/, uh/UH ,/, some/GW how/^RB or/CC other/JJ there/EX would/MD be/VB a/DT program/NN of/IN some/DT sort/NN that/WDT would/MD take/VB care/NN of/IN that/DT sort/NN of/IN thing/NN ,/,","I guess today [ that would be, + {F uh, } some how or other there would be ] a program of some sort that would take care of that sort of thing, /"
%,B,but/CC ./.,{C but. } -/
b,A,Um/UH ./.,<Laughter> <breathing> {F Um. } /
sv,B,"The/DT ,/, uh/UH ,/, the/DT cure/NN ,/, some/DT of/IN the/DT cures/NNS that/WDT I/PRP 've/VBP heard/VBN for/IN this/DT that/WDT ,/, that/WDT sort/RB of/RB make/VBP sense/NN ,/,","[ [ The, + {F uh, } the cure, ] + some of the cures ] that I've heard for this [ that, + that ] sort of make sense, -/"
b,A,Uh-huh/UH ./.,Uh-huh. /
sv,B,"uh/UH ,/, most/JJS teachers/NNS after/IN they/PRP have/VBP taught/VBN for/IN a/DT very/RB long/JJ ,/, especially/RB at/IN the/DT ,/, the/DT lower/JJR grades/NNS can/MD spot/VB a/DT problem/NN almost/RB immediately/RB ./.","{F uh, } most teachers after they have taught for a very long, especially at [ the, + the ] lower grades can spot a problem almost immediately. /"
b,A,Uh-huh/UH ./.,Uh-huh. /
sd,B,"And/CC ,/, uh/UH ,/, it/PRP 's/BES kind/RB of/RB these/DT intervention/NN programs/NNS ./.","{C And, } {F uh, } it's kind of these intervention programs. /"
sv,B,"Now/UH ,/, a/DT lot/NN of/IN people/NNS will/MD get/VB to/IN looking/VBG at/IN these/DT and/CC say/VB hey/UH that/DT 's/BES socialism/NN","{D Now, } a lot of people will get to looking at these and say hey that's socialism /"
sv,B,"and/CC that/DT 's/BES communism/NN ,/,","{C and } that's communism, /"
b,A,Right/UH ./.,Right. /
%,B,"and/CC that/DT 's/BES ,/, you/PRP know/VBP ,/,","{C and } that's, {D you know, } - /"
sv,B,and/CC then/RB it/PRP gets/VBZ political/JJ ./.,{C and } then it gets political. /
b,A,Uh-huh/UH ./.,Uh-huh. /
ba,B,"But/CC ,/, uh/UH ,/, boy/UH ./.","{C But, } {F uh, } boy. /"
sd,A,"When/WRB people/NNS start/VBP talking/VBG about/IN programs/NNS that/WDT help/VBP ,/, for/IN me/PRP ,/, I/PRP do/VBP n't/RB care/VB if/IN it/PRP 's/BES socialist/JJ ,/,","When people start talking about programs that help, for me, I don't care if it's socialist, /"
sd,A,"or/CC I/PRP do/VBP n't/RB care/VB ,/,","{C or } I don't care,"
x,B,,<Laughter>.
+,A,"as/RB long/RB as/IN it/PRP 's/BES something/NN that/WDT 's/BES going/VBG to/TO do/VB some/DT good/JJ or/CC that/WDT looks/VBZ like/IN it/PRP could/MD be/VB beneficial/JJ ,/,","as long as it's something that's going to do some good or that looks like it could be beneficial, /"
aa,B,"Uh-huh/UH ,/,","Uh-huh, /"
aa,B,yeah/UH ./.,yeah. /
sd,A,"I/PRP mean/VBP ,/, that/DT 's/BES the/DT point/NN I/PRP 'm/VBP at/IN now/RB ./.","{E I mean, } that's the point I'm at now. /"
sv,A,"I/PRP mean/VBP that/DT 's/BES the/DT point/NN we/PRP all/DT should/MD be/VB at/IN ,/, is/VBZ like/UH finding/VBG some/DT solution/NN ,/,","{E I mean } that's the point we all should be at, is {D like } finding some solution, /"
b,B,"Um/UH ,/, yeah/UH ./.","{F Um, } yeah. /"
sv,A,"I/PRP mean/VBP ,/, you/PRP know/VBP ,/, nothing/NN totally/RB radical/JJ ,/,","{E I mean, } {D you know, } nothing totally radical, /"
sv,A,"but/CC if/IN it/PRP 's/BES something/NN that/WDT ,/, you/PRP know/VBP ,/, might/MD help/VB ,/, you/PRP know/VBP ,/,","{C but } if it's something that, {D you know, } might help, {D you know, } - /"
sv,A,because/IN there/EX 's/BES not/RB a/DT lot/NN being/VBG done/VBN ./.,{C because } there's not a lot being done. /
sv,B,"Well/UH ,/, you/PRP know/VBP ,/, the/DT ,/, the/DT radical/JJ programs/NNS in/IN some/DT cases/NNS are/VBP just/RB totally/RB unacceptable/JJ ./.","{D Well, } {D you know, } [ the, + the ] radical programs in some cases are just totally unacceptable. /"
sv,B,"There/EX are/VBP kids/NNS ,/, families/NNS ,/, that/WDT should/MD just/RB simply/RB be/VB taken/VBN out/IN of/IN the/DT homes/NNS ,/, you/PRP know/VBP ./.","There are kids, families, that should just simply be taken out of the homes, {D you know. }"
aa,A,"Uh-huh/UH ,/,","Uh-huh, /"
aa,A,uh-huh/UH ./.,uh-huh. /
+,B,"And/CC ,/, uh/UH ,/, uh/UH ,/, you/PRP know/VBP ,/, uh/UH ,/, just/RB removed/VBN from/IN those/DT situations/NNS ,/,","{C And, } {F uh, } {F uh, } {D you know, } {F uh, } just removed from those situations, /"
b,A,Right/UH ./.,Right. /
sv,B,or/CC they/PRP 're/VBP never/RB going/VBG to/TO get/VB anywhere/RB ./.,{C or } they're never going to get anywhere. /
sv,B,"But/CC yet/RB ,/, politically/RB that/WDT is/VBZ not/RB a/DT very/RB popular/JJ view/NN ./.","{C But } yet, politically that is not a very popular view. /"
b,A,Uh-huh/UH ./.,Uh-huh. /
sv,B,"I/PRP 'm/VBP sure/JJ that/IN if/IN you/PRP ,/, you/PRP know/VBP ,/, ran/VBD on/IN a/DT platform/NN of/IN ,/, you/PRP know/VBP ,/, we/PRP 're/VBP going/VBG to/TO find/VB the/DT kids/NNS that/WDT are/VBP having/VBG trouble/NN at/IN home/NN and/CC we/PRP 're/VBP going/VBG to/TO take/VB them/PRP out/IN of/IN the/DT home/NN ./.","I'm sure that if you, {D you know, } ran on a platform of, {D you know, } we're going to find the kids that are having trouble at home and we're going to take them out of the home. -/"
b,A,Take/VB them/PRP out/RP ./.,Take them out. /
b,B,"Yeah/UH ,/,","Yeah, /"
qh,B,you/PRP know/VBP how/WRB far/RB you/PRP 're/VBP going/VBG to/TO get/VB with/IN that/DT ./.,you know how far you're going to get with that. /
aa,A,"Yeah/UH ,/,","Yeah, /"
aa,A,not/RB very/RB far/RB at/IN all/DT ./.,not very far at all. /
sv,B,"Uh/UH ,/, but/CC unfortunately/RB it/PRP 's/BES ,/, it/PRP 's/BES something/NN like/IN that/DT ,/, in/IN lieu/NN of/IN that/DT ,/, you/PRP know/VBP ,/, is/VBZ the/DT intervention/NN programs/NNS in/IN school/NN where/WRB the/DT ,/, these/DT kids/NNS are/VBP ,/, are/VBP spotted/VBN fairly/RB early/RB on/RP ,/,","{F Uh, } {C but } unfortunately [ [ it's, + it's ] + something ] like that, in lieu of that, {D you know, } is the intervention programs in school where [ the, + these ] kids [ are, + are ] spotted fairly early on, /"
b,A,Uh-huh/UH ./.,Uh-huh. /
sd,B,"and/CC ,/, uh/UH ,/, you/PRP know/VBP ,/, there/EX 's/BES ,/, well/UH that/DT 's/HVS get/VB to/TO be/VB a/DT problem/NN in/IN Texas/NNP ,/, you/PRP know/VBP ,/,","{C and, } {F uh, } {D you know, } [ there's, + {D well } that's ] get to be a problem in Texas, {D you know, }"
%,A,"I/PRP mean/VBP it/PRP 's/BES ,/, it/PRP 's/BES almost/RB like/IN ,/,","I mean [ it's, + it's ] almost like, -/"
+,B,"because/IN different/JJ school/NN systems/NNS have/VBP got/VBN more/JJR or/CC less/JJR money/NN to/TO take/VB care/NN of/IN that/DT sort/NN of/IN thing/NN ,/,","because different school systems have got more or less money to take care of that sort of thing, /"
aa,A,"Right/UH ,/,","Right, /"
aa,A,right/UH ./.,right. /
sd,B,you/PRP got/VBN counselors/NNS and/CC all/PDT that/DT ./.,you got counselors and all that. /
sv,B,"But/CC you/PRP know/VBP ,/, you/PRP can/MD counsel/VB a/DT kid/NN eight/CD hours/NN a/DT day/NN","{C But } {D you know, } you can counsel a kid eight hours a day /"
sv,B,and/CC then/RB he/PRP goes/VBZ home/RB,{C and then } he goes home /
sv,B,"and/CC ,/, and/CC ,/, uh/UH ,/, you/PRP know/VBP ,/, in/IN the/DT ,/, in/IN worst/JJS cases/NNS he/PRP 's/HVS got/VBN parents/NNS either/DT on/IN drugs/NNS or/CC ,/, or/CC something/NN like/IN that/DT ,/,","[ {C and, } + {C and, } ] {F uh, } {D you know, } [ in the, + in worst ] cases he's got parents either on drugs [ or, + or ] something like that, /"
b,A,Right/UH ./.,Right. /
sv,B,or/CC they/PRP do/VBP n't/RB care/VB ./.,{C or } they don't care. /
sv,B,"You/PRP know/VBP ,/, mamma/NN ,/, wha-/XX ,/, guess/VB what/WP I/PRP did/VBD in/IN school/NN today/NN ,/,","{D You know, } mamma, [ wha-, + guess what ] I did in school today, /"
sv,B,"well/UH who/WP cares/VBZ ,/, you/PRP know/VBP ./.","{D well } who cares, {D you know. } /"
sv,A,"An/CC a/DT lot/NN of/IN it/PRP ,/, a/DT lot/NN of/IN the/DT parents/NNS now/RB are/VBP so/RB young/JJ ./.","{C An } [ a lot of it, + a lot of the parents ] now are so young. /"
ba,B,True/JJ ./.,True. /
sv,A,"You/PRP know/VBP ,/, that/IN they/PRP 're/VBP ,/, they/PRP still/RB ,/, they/PRP still/RB do/VBP n't/RB know/VB what/WP 's/BES going/VBG on/RP","{D You know, } [ [ that they're, + they still, ] + they still ] don't know what's going on /"
qh,A,"and/CC how/WRB are/VBP they/PRP supposed/VBN to/TO ,/, you/PRP know/VBP ,/, teach/VB their/PRP$ kids/NNS that/WDT are/VBP coming/VBG up/RB ,/, you/PRP know/VBP ,/, what/WP 's/BES going/VBG on/RP ./.","{C and } how are they supposed to, {D you know, } teach their kids that are coming up, {D you know, } what's going on. /"
sv,A,"I/PRP mean/VBP it/PRP 's/BES just/RB ,/, it/PRP 's/BES a/DT vicious/JJ cycle/NN ,/,","{E I mean } [ it's just, + it's ] a vicious cycle,"
b,B,Yeah/UH ./.,Yeah. /
+,A,"that/WDT we/PRP 're/VBP ,/, you/PRP know/VBP ,/, dead/JJ ,/, smack/RB dead/JJ in/IN the/DT center/NN of/IN","that we're, {D you know, } [ dead, + smack dead ] in the center of /"
sv,A,and/CC we/PRP have/VBP to/TO try/VB to/TO swim/VB out/RB ./.,{C and } we have to try to swim out. /
sv,A,"You/PRP know/VBP ,/, kind/RB of/RB like/IN the/DT Bermuda/NNP Triangle/NNP ,/,","{D You know, } kind of like the Bermuda Triangle, /"
sv,A,we/PRP 're/VBP just/RB sinking/VBG,we're just sinking /
sv,A,and/CC it/PRP 's/BES almost/RB impossible/JJ to/TO swim/VB back/RB up/RB ./.,{C and } it's almost impossible to swim back up. /
b,B,Yeah/UH ./.,Yeah. /
b^m,A,"But/CC ,/, um/UH ,/, yeah/UH ,/,","{C But, } {F um, } yeah, /"
sv,A,"there/EX 's/BES definitely/RB problems/NNS ,/,","there's definitely problems, /"
aa,B,Yeah/UH,Yeah /
%,B,"I/PRP 'm/VBP ,/,","I'm, -/"
sv,A,"its/PRP$ just/RB the/DT solutions/NNS that/WDT ,/, you/PRP know/VBP ,/, they/PRP 're/VBP going/VBG to/TO be/VB in/IN our/PRP$ political/JJ system/NN ,/,","its just the solutions [ that, + {D you know, } they're ] going to be in our political system, /"
sv,A,"they/PRP 're/VBP going/VBG to/TO be/VB on/IN everyone/NN 's/POS mind/NN for/IN quite/PDT a/DT while/NN ,/, too/RB long/JJ ./.","they're going to be on everyone's mind for quite a while, too long. /"
qy^d,B,"I/PRP do/VBP n't/RB know/VB if/IN you/PRP 've/VBP ever/RB had/VBN too/RB much/JJ to/TO do/VB with/IN ,/, uh/UH ,/, oh/UH ,/, especially/RB Asian/JJ ,/, Japanese/JJ families/NNS coming/VBG ,/,","I don't know if you've ever had too much to do with, {F uh, } {F oh, } especially Asian, Japanese families coming, /"
sd,B,"here/RB in/IN Plano/NNP we/PRP 've/VBP got/VBN ,/, uh/UH ,/, quite/PDT a/DT few/JJ ./.","here in Plano we've got, {F uh, } quite a few. /"
b,A,"Uh-huh/UH ,/,","Uh-huh, /"
b,A,uh-huh/UH ./.,<throat_clearing> uh-huh. /
sd,B,"Uh/UH ,/, engineering/NN types/NNS ,/, people/NNS who/WP have/VBP come/VBN from/IN Japan/NNP ,/,","{F Uh, } engineering types, people who have come from Japan, /"
b,A,Right/UH ./.,Right. /
sd,B,and/CC they/PRP put/VBP their/PRP$ kids/NNS in/IN the/DT U/NNP S/NNP schools/NNS,{C and } they put their kids in the U S schools /
sd,B,and/CC they/PRP 're/VBP appalled/VBN ./.,{C and } they're appalled. /
b,A,Uh-huh/UH ./.,Uh-huh. /
sd,B,"You/PRP know/VBP ,/, not/RB so/RB much/JJ at/IN what/WP the/DT schools/NNS are/VBP teaching/VBG ,/, but/CC what/WP they/PRP let/VBP the/DT kids/NNS get/VBP away/RB with/IN ./.","{D You know, } not so much at what the schools are teaching, but what they let the kids get away with. /"
b,A,"Um/UH ,/, uh-huh/UH ./.","{F Um, } uh-huh. /"
%,B,"You/PRP know/VBP ,/, they/PRP ,/, they/PRP see/VBP most/JJS ,/, uh/UH ,/,","{D You know, } [ they, + they ] see most, {F uh, } - /"
sd,B,"they/PRP 're/VBP ,/, they/PRP 're/VBP quite/RB upset/JJ about/IN the/DT ,/, uh/UH ,/, the/DT disruptive/JJ influence/NN of/IN school/NN ./.","[ they're, + they're ] quite upset about [ the, + {F uh, } the ] disruptive influence of school. /"
sd,B,"Most/JJS of/IN them/PRP would/MD say/VB ,/, you/PRP know/VBP ,/, those/DT people/NNS should/MD be/VB removed/VBN from/IN the/DT school/NN system/NN ./.","Most of them would say, {D you know, } those people should be removed from the school system. /"
b,A,"Uh-huh/UH ,/,","Uh-huh, /"
b,A,uh-huh/UH ./.,uh-huh. /
sd,B,"And/CC in/IN Japan/NNP they/PRP would/MD be/VB ,/, you/PRP know/VBP ./.","{C And } in Japan they would be, {D you know. } /"
b,A,Right/UH ./.,Right. /
sv,B,"But/CC ,/, uh/UH ,/, here/UH again/UH ,/, you/PRP get/VBP back/RB into/IN a/DT political/JJ thing/NN ,/, where/WRB ,/, uh/UH ,/,","{C But, } {F uh, } here again, you get back into a political thing, where, {F uh, } -/"
aa,A,Yeah/UH,Yeah /
%,A,"there/EX 's/BES ,/, there/EX 's/BES ,/,","[ there's, + there's, ] - /"
aa,A,right/UH ./.,right. /
sv,A,"There/EX 's/BES definitely/RB too/RB much/JJ leeway/NN as/RB far/RB as/IN ,/,","There's definitely too much leeway as far as, -/"
b,B,Uh-huh/UH ./.,Uh-huh. /
sd,A,"I/PRP mean/VBP ,/, I/PRP 've/VBP only/RB been/VBN out/IN of/IN ,/, I/PRP 've/VBP been/VBN out/IN of/IN college/NN only/JJ two/CD years/NNS ,/,","{E I mean, } [ I've only been out of, + I've been out of ] college only two years, /"
b,B,Uh-huh/UH ./.,Uh-huh. /
sd,A,and/CC you/PRP were/VBD saying/VBG that/IN you/PRP do/VBP n't/RB appreciate/VB education/NN until/IN you/PRP get/VBP out/RB,{C and } you were saying that you don't appreciate education until you get out /
sd,A,"and/CC I/PRP ,/, I/PRP already/RB ,/, you/PRP know/VBP ,/, I/PRP really/RB did/VBD n't/RB ,/, I/PRP really/RB do/VBP n't/RB see/VB myself/PRP going/VBG back/RB to/IN school/NN or/CC anything/NN ,/,","{C and } [ [ [ I, + I already, ] + {D you know, } I really didn't, ] + I really don't ] see myself going back to school or anything, /"
sd,A,"but/CC ,/, I/PRP appreciate/VBP more/JJR what/WP I/PRP had/VBD ./.","{C but, } I appreciate more what I had. /"
b,B,Uh-huh/UH ./.,Uh-huh. /
sd,A,"And/CC I/PRP had/VBD all/PDT these/DT classes/NNS and/CC all/PDT this/DT knowledge/NN and/CC this/DT big/JJ library/NN across/IN the/DT street/NN from/IN my/PRP$ dorm/NN ,/,","{C And } I had all these classes and all this knowledge and this big library across the street from my dorm, /"
b,B,"Yeah/UH ,/,","Yeah, /"
qy,B,were/VBD you/PRP at/IN Baylor/NNP ?/.,were you at Baylor? /
sd,A,and/CC I/PRP just/RB did/VBD n't/RB take/VB as/RB much/JJ advantage/NN of/IN it/PRP as/IN I/PRP should/MD have/VB ./.,{C and } I just didn't take as much advantage of it as I should have. /
b,B,"Yeah/UH ,/,","Yeah, /"
qy,B,did/VBD you/PRP go/VB to/IN Baylor/NNP ?/.,did you go to Baylor? /
nn,A,"No/UH ,/,","No, /"
sd,A,"I/PRP went/VBD to/IN U/NNP T/NNP at/IN Austin/NNP ,/,","I went to U T at Austin, /"
%,A,uh-huh/UH ./.,uh-huh. /
bk,B,"Oh/UH ,/, oh/UH ,/, okay/UH ./.","{F Oh, } {F oh, } okay. /"
%,B,"I/PRP 'm/VBP ,/, uh/UH ,/,","I'm, {F uh, } -/"
sd,A,"So/RB ,/, I/PRP mean/VBP all/DT kinds/NNS of/IN resources/NNS and/CC ,/, you/PRP know/VBP ,/, just/RB there/RB ,/,","{C So, } I mean all kinds of resources and, {D you know, } just there, /"
b,B,Yeah/UH ./.,Yeah. /
sd,A,"and/CC I/PRP 'd/MD give/VB anything/NN to/TO have/VB that/DT right/RB now/RB in/IN my/PRP$ ,/, in/IN my/PRP$ regular/JJ li-/NN ,/,","{C and } I'd give anything to have that right now [ in my, + in my ] regular li-, - /"
sv,A,"I/PRP mean/VBP you/PRP ,/, you/PRP have/VBP everything/NN given/VBN to/IN you/PRP ./.","{E I mean } [ you, + you ] have everything given to you. /"
sd,A,I/PRP do/VBP n't/RB see/VB why/WRB people/NNS would/MD n't/RB want/VB that/DT ./.,I don't see why people wouldn't want that. /
h,A,"I/PRP do/VBP n't/RB know/VB ,/,","I don't know, /"
%,A,"I/PRP ,/,","I, - /"
sd,A,"but/CC then/RB ,/, if/IN I/PRP was/VBD young/JJ ,/, I/PRP would/MD n't/RB see/VB it/PRP ./.","{C but } then, if I was young, I wouldn't see it. /"
aa,B,"Uh-huh/UH ,/,","Uh-huh, /"
ba,B,"well/UH that/DT 's/BES ,/, that/DT 's/BES it/PRP","{D well } [ that's, + that's ] it /"
sv,B,"you/PRP ,/, you/PRP do/VBP n't/RB have/VB ,/, uh/UH ,/,","[ [ you, + you don't have, ] + {F uh, }"
sd,A,"But/CC you/PRP know/VBP ,/, now/RB that/IN it/PRP 's/HVS gone/VBN ,/, I/PRP ,/,","{C But } {D you know, } now that it's gone, I, -/"
+,B,you/PRP do/VBP n't/RB have/VB the/DT view/NN ./.,you don't have ] the view. /
b,A,Right/UH ./.,Right. /
sd,B,"I/PRP graduated/VBD from/IN Texas/NNP Tech/NNP ,/,","I graduated from Texas Tech,"
b,A,Uh-huh/UH ./.,Uh-huh. /
+,B,"more/JJR than/IN two/CD years/NNS ago/RB ,/, I/PRP guarantee/VBP ,/,","more than two years ago, I guarantee, /"
x,A,,<Laughter>.
sd,B,"and/CC ,/, you/PRP know/VBP ,/, I/PRP kind/RB of/RB look/VBP back/RB at/IN it/PRP sometimes/RB ,/,","{C and, } {D you know, } I kind of look back at it sometimes, /"
^q,B,"well/UH that/DT was/VBD a/DT lot/NN of/IN fun/NN ,/,","{D well } that was a lot of fun, /"
sd,B,"but/CC ,/, we-/XX ,/,","{C but, } [ we-, +"
b,A,Uh-huh/UH ./.,Uh-huh. /
+,B,"you/PRP know/VBP ,/, I/PRP 'm/VBP not/RB sure/JJ that/IN ,/, that/IN I/PRP took/VBD the/DT greatest/JJS advantage/NN of/IN ,/, you/PRP know/VBP ,/, what/WP ,/, I/PRP went/VBD through/IN there/RB ./.","{D you know, } I'm ] not sure [ that, + that ] I took the greatest advantage of, {D you know, } what, I went through there. /"
b,A,"Right/UH ,/,","Right, /"
b,A,"yeah/UH ,/,","yeah, /"
sd,A,I/PRP did/VBD a/DT lot/NN,I did a lot /
sd,A,and/CC I/PRP experienced/VBD a/DT lot/NN,{C and } I experienced a lot /
sd,A,"and/CC I/PRP ,/, I/PRP feel/VBP like/IN I/PRP got/VBD a/DT good/JJ college/NN education/NN","{C and } [ I, + I ] feel like I got a good college education /"
sd,A,"but/CC just/RB when/WRB I/PRP got/VBD out/RB I/PRP feel/VBP like/IN I/PRP should/MD have/VB spent/VBN more/JJR time/NN in/IN the/DT library/NN ,/,","{C but } just when I got out I feel like I should have spent more time in the library, /"
sd,A,"I/PRP should/MD have/VB taken/VBN those/DT continuing/VBG educations/NNS classes/NNS or/CC whatever/WP they/PRP were/VBD ,/, you/PRP know/VBP ,/,","I should have taken those continuing educations classes or whatever they were, {D you know, } /"
b,B,Uh-huh/UH ./.,Uh-huh. /
sd,A,"the/DT informal/JJ classes/NNS that/WDT you/PRP do/VBP n't/RB get/VB credit/NN for/IN ,/, you/PRP know/VBP .../:","the informal classes that you don't get credit for, {D you know } ... /"
