act_tag,speaker,pos,text
%,A,"American-/XX ,/, Americans/NNPS like/IN me/PRP","[ American-, + Americans ] like me - /"
%,A,"and/CC whether/IN I/PRP night/NN ,/, uh/UH ,/, uh/UH ,/, not/RB ,/,","{C and } whether I night, {F uh, } {F uh, } not, - /"
sv,A,"I/PRP think/VBP that/IN we/PRP 're/VBP paying/VBG too/RB much/JJ taxes/NNS ./. Um/UH ,/, that/IN ,/, including/VBG taxes/NNS in/IN general/JJ or/CC income/NN tax/NN ,/,","I think that we're paying too much taxes. {F Um, } [ that, + ] including taxes in general or income tax, /"
sd,A,"and/CC ,/, um/UH ,/, the/DT other/JJ thing/NN was/VBD do/VBP we/PRP get/VB what/WP we/PRP pay/VBP for/IN ,/,","{C and, } {F um, } the other thing was do we get what we pay for, - /"
sd,A,"I/PRP mean/VBP ,/, what/WP ,/, what/WP is/VBZ our/PRP$ ,/, what/WP is/VBZ our/PRP$ opinion/NN on/IN that/DT","{E I mean, } [ [ what, + what ] is our, + what is our ] opinion on that /"
qy,A,so/RB --/:,{C so } --
b,B,Okay/UH ./.,Okay. /
+,A,--/: are/VBP you/PRP prepared/JJ to/TO talk/VB ?/.,-- are you prepared to talk? /
x,A,./.,<Laughter>.
na,B,"Oh/UH ,/, I/PRP guess/VBP so/RB ,/,","{F Oh, } I guess so, /"
sd,B,"go/VB by/IN ear/NN ,/,","go by ear, /"
oo_co_cc,A,Let/VB me/PRP push/VB ./.,Let me push. /
aa,B,"Okay/UH ,/,","Okay, /"
oo_co_cc,A,Let/VB me/PRP push/VB one/CD here/RB ./.,Let me push one here <beep>. /
^h,A,"Okay/UH ,/, um/UH ,/,","Okay, {F um, } /"
sd,A,well/UH I/PRP can/MD just/RB tell/VB you/PRP a/DT little/JJ bit/NN about/IN taxes/NNS in/IN Texas/NNP ./.,{D well } I can just tell you a little bit about taxes in Texas. /
sv,A,"It/PRP 's/BES most/RBS interesting/JJ because/IN we/PRP 're/VBP one/CD of/IN the/DT few/NN ,/, if/IN ,/,","It's most interesting because we're one of the few, if, - /"
sd,A,"I/PRP do/VBP n't/RB know/VB of/IN any/DT other/JJ state/NN ,/, um/UH ,/, does/VBZ not/RB have/VB a/DT ,/, a/DT state/NN income/NN tax/NN --/:","I don't know of any other state, {F um, } does not have [ a, + a ] state income tax -- /"
b,B,"Right/UH ,/,","Right, /"
sd,A,"--/: so/RB we/PRP do/VBP n't/RB have/VB a/DT state/NN income/NN tax/NN ,/,","-- {C so } we don't have a state income tax, /"
sv,A,but/CC we/PRP certainly/RB make/VBP up/RP for/IN it/PRP in/IN other/JJ ways/NNS here/RB ./.,{C but } we certainly make up for it in other ways here. /
sd,A,"Um/UH ,/, for/IN instance/NN ,/, the/DT local/NN ,/, um/UH ,/, sales/NNS tax/NN is/VBZ eight/CD and/CC a/DT quarter/NN percent/NN ./.","{F Um, } for instance, the local, {F um, } sales tax is eight and a quarter percent. /"
b,B,"Oh/UH ,/, wow/UH ./.","{F Oh, } wow. /"
qy,A,Is/VBZ n't/RB that/DT awful/JJ ./.,Isn't that awful <laughter>. /
x,B,,<Laughter>.
qo,A,How/WRB about/IN you/PRP ?/.,How about you? /
qw,A,What/WP do/VBP you/PRP have/VB there/RB ?/.,What do you have there? /
sd,B,Uh/UH we/PRP have/VBP a/DT six/CD percent/NN --/:,{F Uh } we have a six percent --
b,A,Uh-huh/UH ./.,Uh-huh. /
+,B,--/: sales/NNS tax/NN ./.,-- sales tax. /
qy,A,And/CC you/PRP have/VBP state/NN income/NN tax/NN also/RB ?/.,{C And } you have state income tax also? /
ny,B,Yes/UH ./.,Yes. /
b,A,"Uh-huh/UH ,/,","Uh-huh, /"
b,A,yeah/UH ./.,yeah. /
%,A,"Well/UH ,/, it/PRP 's/HVS been/VBN ,/,","{D Well, } it's been, - /"
%,A,"people/NNS here/RB have/VBP just/RB ,/, have/VBP this/DT ,/, um/UH ,/,","people here [ have just, + have ] this, {F um, } - /"
sv,A,"they/PRP 've/VBP been/VBN really/RB holding/VBG out/RP in/IN the/DT legislature/NN ,/,","they've been really holding out in the legislature, /"
sv,A,"and/CC it/PRP 's/BES starting/VBG to/TO show/VB ,/, um/UH ,/, in/IN a/DT lot/NN of/IN ways/NNS as/RB far/RB as/IN things/NNS that/WDT are/VBP just/RB totally/RB under/GW funded/^VBN ,/,","{C and } it's starting to show, {F um, } in a lot of ways as far as things that are just totally under funded, /"
sv,A,"and/CC ,/, and/CC I/PRP do/VBP n't/RB know/VB if/IN Texas/NNP is/VBZ ever/RB going/VBG to/TO be/VB able/JJ to/TO ,/, to/TO ,/, um/UH ,/, totally/RB avoid/VB having/VBG an/DT income/NN tax/NN or/CC not/RB ./.","[ {C and, } + {C and } ] I don't know if Texas is ever going to be able [ to, + to, ] {F um, } totally avoid having an income tax or not. /"
sv,A,I/PRP think/VBP eventually/RB they/PRP 're/VBP going/VBG to/TO have/VB to/TO do/VB it/PRP --/:,I think eventually they're going to have to do it -- /
b,B,Uh-huh/UH ./.,Uh-huh. /
qy,A,"--/: but/CC ,/, um/UH ./. Do/VBP you/PRP think/VB you/PRP pay/VBP too/RB much/JJ there/RB ,/,","-- {C but, } {F um. } Do you think you pay too much there, /"
qrr,A,or/CC how/WRB do/VBP you/PRP feel/VB about/IN that/DT ?/.,{C or } how do you feel about that? /
sd,B,I/PRP do/VBP n't/RB mind/VB my/PRP$ taxes/NNS as/RB much/JJ as/IN my/PRP$ social/JJ security/NN ./.,I don't mind my taxes as much as my social security. /
b,A,"Oh/UH ,/, really/UH --/:","{F Oh, } really -- /"
ny,B,"Yeah/UH ,/,","Yeah, /"
b,A,"--/: interesting/UH ,/,","-- interesting, /"
b,A,uh-huh/UH ./.,uh-huh. /
b,B,"Yeah/UH ,/,","Yeah, /"
%,B,"um/UH ,/, the/DT taxes/NNS ,/,","{F um, } the taxes, - /"
sd,B,"I/PRP do/VBP n't/RB know/VB ,/,","I don't know, /"
sv,B,"I/PRP can/MD deal/VB with/IN that/DT because/IN I/PRP know/VBP everyone/NN else/RB is/VBZ paying/VBG in/IN too/RB ,/, I/PRP guess/VBP --/:","I can deal with that because I know everyone else is paying in too, <laughter> I guess --"
b,A,Yeah/UH ./.,Yeah. /
+,B,--/: you/PRP know/VBP ./.,-- {D you know. } /
b,A,Yes/UH ./.,Yes. /
h,B,"But/CC ,/, uh/UH ,/, oh/UH ,/, I/PRP do/VBP n't/RB know/VB ,/, uh/UH ,/,","{C But, } {F uh, } {F oh, } I don't know, {F uh, } /"
%,B,"the/DT one/CD thing/NN that/WDT ,/,","the one thing that, - /"
qy,B,"we/PRP do/VBP n't/RB have/VB ,/, uh/UH ,/, tax/NN on/IN clothes/NNS --/:","we don't have, {F uh, } tax on clothes --"
b,A,Uh-huh/UH ./.,Uh-huh. /
+,B,--/: do/VBP you/PRP ?/.,-- do you? /
ny,A,"Um/UH ,/, yes/UH","{F Um, } yes /"
sd,A,we/PRP do/VBP have/VB tax/NN on/IN clothes/NNS ./.,we do have tax on clothes. /
sd,B,That/DT 's/BES what/WP I/PRP thought/VBD ./.,That's what I thought. /
sd,B,I/PRP know/VBP New/NNP York/NNP also/RB has/VBZ a/DT sales/NNS tax/NN on/IN clothes/NNS --/:,I know New York also has a sales tax on clothes -- /
b,A,Uh-huh/UH ./.,Uh-huh. /
sd,B,"--/: and/CC I/PRP know/VBP a/DT lot/NN of/IN kids/NNS ,/, like/UH going/VBG to/IN college/NN with/IN me/PRP ,/, that/WDT lived/VBD in/IN New/NNP York/NNP or/CC out/IN of/IN state/NN ,/, and/CC a/DT lot/NN of/IN them/PRP would/MD buy/VB their/PRP$ clothes/NNS in/IN Pennsylvania/NNP just/RB for/IN the/DT simple/JJ sake/NN of/IN not/RB paying/VBG that/DT ,/,","-- {C and } I know a lot of kids, {D like } going to college with me, that lived in New York or out of state, [ and + ] a lot of them would buy their clothes in Pennsylvania just for the simple sake of not paying that, /"
ba,A,How/WRB interesting/JJ ./.,How interesting. /
sd,A,I/PRP guess/VBP I/PRP did/VBD n't/RB realize/VB that/DT ./.,I guess I didn't realize that. /
b,B,Uh-huh/UH ./.,Uh-huh. /
sd,A,"Um/UH ,/, we/PRP do/VBP n't/RB have/VB tax/NN on/IN groceries/NNS ,/, for/IN instance/NN ,/, uh/UH ,/,","{F Um, } we don't have tax on groceries, for instance, {F uh, } /"
b,B,"No/UH ,/,","No, /"
sd,B,"well/UH ,/, we/PRP do/VBP n't/RB have/VB it/PRP necessarily/RB on/IN food/NN ,/,","{D well, } we don't have it necessarily on food, /"
sv,B,but/CC then/RB there/EX 's/BES other/JJ things/NNS that/WDT they/PRP nail/VB you/PRP for/IN it/PRP --/:,{C but } then there's other things that they nail you for it --
b,A,Yeah/UH ./.,Yeah. /
+,B,--/: like/IN health/NN and/CC beauty/NN products/NNS --/:,-- like health and beauty products --
b,A,Right/UH --/:,Right -- /
+,B,"--/: you/PRP know/VBP ,/,","-- {D you know, } /"
aa,A,"--/: yes/UH ,/,","-- yes, /"
aa,A,"yes/UH ,/,","yes, /"
sd,A,"I/PRP should/MD ,/, I/PRP should/MD have/VB ,/, um/UH ,/, delineated/VBN ,/,","[ I should, + I should ] have, {F um, } delineated, - /"
sv,A,"yet/RB ,/, your/PRP$ absolutely/RB right/JJ ./.","yet, your absolutely right. /"
sd,A,"It/PRP 's/BES the/DT food/NN ,/, the/DT consumable/NN food/NN parts/NNS that/WDT ,/, you/PRP know/VBP ,/, we/PRP do/VBP n't/RB have/VB to/TO pay/VB --/:","It's [ the food, + the consumable food ] parts that, {D you know, } we don't have to pay --"
b,B,Yeah/UH ./.,Yeah. /
+,A,--/: tax/NN on/IN ./.,-- tax on. /
%,A,"Yeah/UH ,/,","Yeah, /"
%,A,"yeah/UH ,/,","yeah, /"
sd,A,"and/CC you/PRP really/RB have/VBP to/TO watch/VB your/PRP$ ,/, your/PRP$ ,/, um/UH ,/, bill/NN ./.","{C and } you really have to watch [ your, + your, ] {F um, } bill. /"
sd,A,"Sometimes/RB I/PRP think/VBP ,/, um/UH ,/, it/PRP 's/BES real/RB interesting/JJ to/TO look/VB to/TO see/VB how/WRB many/JJ things/NNS that/WDT I/PRP buy/VBP in/IN a/DT grocery/NN store/NN which/WDT are/VBP not/RB really/RB edible/JJ groceries/NNS ./.","Sometimes I think, {F um, } it's real interesting to look to see how many things that I buy in a grocery store which are not really edible groceries <laughter>. /"
x,B,,<Laughter>.
sv,A,"And/CC that/DT 's/BES when/WRB it/PRP really/RB starts/VBZ to/TO add/VB on/RP ,/,","{C And } that's when it really starts to add on, /"
sv,A,"and/CC ,/, um/UH ,/, so/RB ,/, um/UH ,/, that/DT 's/BES ,/, that/DT is/VBZ sort/RB of/RB a/DT help/NN ,/,","[ {C and, } + {F um, } {C so, } ] {F um, } [ that's, + that ] is sort of a help, /"
h,A,"but/CC ,/, um/UH ,/, I/PRP do/VBP n't/RB know/VB ,/,","{C but, } {F um, } I don't know, /"
sv,A,"it/PRP 's/BES just/RB eight/CD and/CC a/DT quarter/NN just/RB seems/VBZ like/IN an/DT awfully/RB lot/NN of/IN ,/, of/IN tax/NN on/IN uh/UH ,/, any/DT sale/NN ,/, as/RB far/RB as/IN I/PRP 'm/VBP concerned/JJ ,/, um/UH ,/,","it's just eight and a quarter just seems like an awfully lot [ of, + of ] tax on {F uh, } any sale, as far as I'm concerned, {F um, } /"
b,B,"Yeah/UH ,/,","Yeah, /"
%,B,"that/DT MUMBLEx/XX ,/,","that (( )) , -/"
sv,A,"It/PRP 's/BES real/RB interesting/JJ ,/, this/DT last/NN ,/, um/UH ,/, tax/NN season/NN ,/,","It's real interesting, this last, {F um, } tax season, - /"
sd,A,"I/PRP 'm/VBP a/DT student/NN ,/,","I'm a student, /"
sd,A,"and/CC the/DT last/JJ tax/NN season/NN I/PRP had/VBD a/DT ,/, just/RB a/DT part/NN time/NN job/NN helping/VBG out/RP in/IN a/DT tax/NN office/NN ./.","{C and } the last tax season I had [ a, + just a ] part time job helping out in a tax office. /"
sd,A,"And/CC the/DT woman/NN that/WDT owned/VBD the/DT office/NN was/VBD saying/VBG ,/, she/PRP 'd/VBD had/VBN this/DT business/NN for/IN oh/UH ,/, probably/RB seventeen/CD or/CC eighteen/CD years/NNS ,/,","{C And } the woman that owned the office was saying, she'd had this business for {F oh, } probably seventeen or eighteen years, /"
sd,A,"and/CC she/PRP was/VBD saying/VBG as/IN the/DT years/NNS have/VBP gone/VBN on/RP ,/, there/EX are/VBP fewer/JJR and/CC fewer/JJR things/NNS that/WDT people/NNS can/MD ,/, uh/UH ,/, take/VB off/IN of/IN their/PRP$ income/NN tax/NN ./.","{C and } she was saying as the years have gone on, there are fewer and fewer things that people can, {F uh, } take off of their income tax. /"
bf,B,"Deduct/UH ,/, yeah/UH ./.","Deduct, yeah. /"
sd,A,"And/CC ,/, you/PRP know/VBP ,/, if/IN you/PRP 're/VBP not/RB a/DT home/NN owner/NN ,/, or/CC if/IN you/PRP have/VBP n't/RB sold/VBN property/NN ,/, or/CC ,/, uh/UH ,/, have/VBP something/NN major/JJ like/IN that/DT ,/, it/PRP 's/BES hardly/RB ,/, you/PRP know/VBP --/:","{C And, } {D you know, } if you're not a home owner, or if you haven't sold property, or, {F uh, } have something major like that, [ it's hardly, + {D you know } --"
b,B,Uh-huh/UH ./.,Uh-huh. /
+,A,"--/: it/PRP 's/BES just/RB not/RB much/JJ else/RB you/PRP can/MD do/VB ,/,","-- it's ] just not much else you can do, /"
sd,A,"and/CC she/PRP said/VBD it/PRP 's/HVS really/RB taken/VBN the/DT fun/NN out/IN of/IN doing/VBG taxes/NNS for/IN people/NNS for/IN her/PRP$ ,/, because/IN she/PRP used/VBD to/TO be/VB real/RB creative/JJ about/IN helping/VBG them/PRP --/:","{C and } she said it's really taken the fun out of doing taxes for people for her, because she used to be real creative about helping them --"
b,B,Uh-huh/UH ./.,Uh-huh. /
+,A,"--/: find/VB ways/NNS of/IN ,/,","-- find ways of,"
%,B,"And/CC see/UH ,/,","{C And } {D see, } -/"
+,A,"you/PRP know/VBP ,/, accumulating/VBG receipts/NNS ./.","{D you know, } accumulating receipts. /"
qy^d,B,I/PRP take/VBP it/PRP she/PRP was/VBD an/DT accountant/NN ./.,I take it she was an accountant. /
sd,A,"Ca/MD n't/RB do/VB ,/, oh/UH ,/, really/RB --/:","[ Can't do, + {F oh, } really --"
b,B,Yeah/UH ./.,Yeah. /
+,A,--/: ca/MD n't/RB do/VB it/PRP any/DT more/JJR ./.,-- can't do ] it any more. /
b,B,"Yeah/UH ,/,","Yeah, /"
b,B,uh-huh/UH ./.,uh-huh. /
%,A,So/UH ./.,{D So. } -/
b,B,"I/PRP know/VBP ,/,","I know, /"
sd,B,"well/UH ,/, I/PRP ,/, I/PRP ,/, I/PRP also/RB was/VBD a/DT student/NN ,/,","{D well, } [ [ I, + I, ] + I ] also was a student, /"
sd,B,I/PRP just/RB graduated/VBD in/IN May/NNP --/:,I just graduated in May -- /
b,A,Uh-huh/UH ./.,Uh-huh. /
sd,B,"--/: and/CC ,/, um/UH ,/, I/PRP graduated/VBD with/IN a/DT finance/NN degree/NN ,/,","-- {C and, } {F um, } I graduated with a finance degree, /"
sd,B,"but/CC that/DT was/VBD the/DT big/JJ joke/NN ,/, the/DT accountants/NNS or/CC the/DT people/NNS who/WP found/VBD ways/NNS to/TO cheat/VB on/IN your/PRP$ income/NN tax/NN ./.","{C but } that was the big joke, the accountants or the people who found ways to cheat on your income tax. -/"
x,A,,<Laughter>.
sd,B,That/DT was/VBD the/DT big/JJ joke/NN ./.,<Laughter> That was the big joke. /
qw,A,Where/WRB did/VBD you/PRP go/VBP to/IN school/NN ?/.,Where did you go to school? /
sd,B,Clarion/NNP University/NNP ./.,Clarion University. /
b,A,"Uh-huh/UH ,/,","Uh-huh, /"
b,A,uh-huh/UH ./.,uh-huh. /
sv,A,"Well/UH ,/, you/PRP are/VBP ,/, you/PRP are/VBP the/DT same/JJ age/NN as/IN my/PRP$ daughter/NN ,/, because/IN she/PRP just/RB graduated/VBD from/IN college/NN this/DT year/NN too/RB ./.","{D Well, } [ you are, + you are ] the same age as my daughter, because she just graduated from college this year too. /"
sd,A,I/PRP 'm/VBP a/DT graduate/NN student/NN having/VBG gone/VBN back/RB after/IN many/JJ years/NNS ./.,I'm a graduate student having gone back after many years. /
%,A,So/RB ./.,{C So. } -/
b,B,Uh-huh/UH ./.,Uh-huh. /
sd,A,"Um/UH ,/, nevertheless/RB ,/, I/PRP am/VBP a/DT student/NN ,/, and/CC poor/JJ ./.","{F Um, } nevertheless, I am a student, and poor <laughter>. /"
b,B,"Yeah/UH ,/,","Yeah, /"
b,B,uh-huh/UH ./.,uh-huh. /
%,A,"So/RB ,/, it/PRP 's/HVS ,/, uh/UH ,/, um/UH ,/, you/PRP know/VBP ,/, it/PRP 's/HVS been/VBN ,/,","{C So, } [ it's, + {F uh, } {F um, } {D you know, } it's ] been, - /"
sv,A,"I/PRP guess/VBP ,/, as/RB far/RB as/IN people/NNS like/IN ,/, uh/UH ,/, our/PRP$ family/NN ,/, we/PRP can/MD feel/VB like/IN sometimes/RB we/PRP pay/VBP more/JJR than/IN our/PRP$ share/NN as/IN middle/NN class/NN people/NNS with/IN ,/, Americans/NNPS with/IN --/:","I guess, as far as people like, {F uh, } our family, we can feel like sometimes we pay more than our share as middle class [ people with, + Americans with ] --"
b,B,Uh-huh/UH ./.,Uh-huh. /
+,A,"--/: um/UH ,/, college/NN age/NN --/:","-- {F um, } college age --"
b,B,Yeah/UH ./.,Yeah. /
+,A,"--/: students/NNS ,/, you/PRP know/VBP ,/,","-- students, {D you know, } /"
sd,A,"and/CC ,/, and/CC ,/, I/PRP ,/, there/EX just/RB ,/, I/PRP do/VBP n't/RB know/VB ,/,","[ {C and, } + {C and, } ] [ I, + [ there just, + ] I ] don't know, /"
sv,A,"I/PRP guess/VBP as/IN you/PRP say/VBP ,/, you/PRP just/RB have/VBP to/TO look/VB around/RB and/CC decide/VB that/IN most/RBS of/IN the/DT other/JJ people/NNS that/WDT you/PRP know/VBP are/VBP paying/VBG about/RB what/WP --/:","I guess as you say, you just have to look around and decide that most of the other people that you know are paying about what --"
b,B,Uh-huh/UH ./.,Uh-huh. /
+,A,"--/: you/PRP are/VBP ,/,","-- you are, /"
%,A,"and/CC ,/,","{C and, } -/"
sv,B,"I/PRP think/VBP they/PRP should/MD go/VB back/RB ,/,","I think they should go back, /"
sd,B,"I/PRP ,/, I/PRP realize/VBP ,/, you/PRP know/VBP ,/, that/IN we/PRP have/VBP ,/, uh/UH ,/, graduated/VBN tax/NN brackets/NNS ,/,","[ I, + I ] realize, {D you know, } that we have, {F uh, } graduated tax brackets, /"
sv,B,but/CC I/PRP think/VBP they/PRP should/MD still/RB go/VB back/RB,{C but } I think they should still go back /
sv,B,"and/CC instead/IN of/IN putting/VBG the/DT burden/NN more/RBR on/IN the/DT middle/NN class/NN ,/, I/PRP think/VBP the/DT burden/NN should/MD be/VB put/VBN more/RBR on/IN the/DT wealthy/JJ ./.","{C and } instead of putting the burden more on the middle class, I think the burden should be put more on the wealthy. /"
aa,A,"Oh/UH ,/, yes/UH ./.","{F Oh, } yes. /"
aa,A,"Absolutely/UH ,/,","Absolutely, /"
aa,A,yeah/UH ./.,yeah. /
sd,A,"Because/IN it/PRP seems/VBZ like/IN ,/, they/PRP still/RB come/VBP out/RP okay/JJ --/:","{C Because } it seems like, they still come out okay --"
b,B,"Yeah/UH ,/,","Yeah, /"
b,B,yeah/UH --/:,yeah -- /
+,A,"--/: um/UH ,/, you/PRP know/VBP ./.","-- {F um, } {D you know. } /"
sv,B,"--/: you/PRP know/VBP ,/, they/PRP always/RB have/VBP the/DT argument/NN ,/, Well/UH ,/, you/PRP know/VBP ,/, well/UH who/WP 's/BES to/TO say/VB we/PRP do/VBP n't/RB work/VB harder/RBR to/TO get/VB that/DT --/:","-- {D you know, } they always have the argument, {D Well, } {D you know, } {D well } who's to say we don't work harder to get that --"
b,A,Yeah/UH ./.,Yeah. /
+,B,"--/: you/PRP know/VBP ,/,","-- {D you know, } /"
sv,B,well/UH --/:,{D well } <laughter> --
sv,A,I/PRP kind/RB of/RB have/VBP my/PRP$ doubts/NNS ./.,I kind of have my doubts <laughter>. /
+,B,"--/: I/PRP do/VBP n't/RB care/VB how/WRB much/JJ they/PRP take/VBP off/IN of/IN you/PRP ,/, you/PRP know/VBP --/:","-- I don't care how much they take off of you, {D you know } -- /"
b,A,Uh-huh/UH ./.,Uh-huh. /
sv,B,"--/: you/PRP 're/VBP still/RB going/VBG to/TO be/VB above/IN ,/, on/IN top/JJ ,/,","-- you're still going to be above, on top, /"
%,B,"and/CC I/PRP ,/,","{C and } I, - /"
%,B,you/PRP now/RB --/:,you now -- -/
%,A,"That/DT 's/BES ,/,","That's, -/"
sd,B,"--/: like/IN you/PRP said/VBD ,/, I/PRP 've/VBP worked/VBN in/IN different/JJ places/NNS ,/,","-- like you said, I've worked in different places, /"
sv,B,and/CC the/DT ones/NNS that/WDT get/VBP the/DT most/JJS pay/NN do/VBP the/DT least/JJS work/NN ./.,{C and } the ones that get the most pay do the least work. /
aa,A,Yes/UH ./.,Yes. /
%,A,"that/IN the/DT higher/JJR they/PRP get/VBP ,/, the/DT ,/, you/PRP know/VBP ,/,","that the higher they get, the, {D you know, } - /"
%,A,"at/IN least/JJS ,/,","at least, - /"
h,A,"I/PRP do/VBP n't/RB know/VB ,/,","I don't know, /"
sv,A,"it/PRP seems/VBZ like/IN ,/, um/UH ,/, they/PRP must/MD feel/VB like/IN they/PRP 're/VBP paid/VBN for/IN all/DT of/IN the/DT years/NNS of/IN experience/NN or/CC ,/, um/UH ,/, or/CC something/NN ,/, or/CC just/RB the/DT title/NN ,/, sometimes/RB --/:","it seems like, {F um, } they must feel like they're paid for all of the years of experience [ or, + {F um, } or ] something, or just the title, sometimes --"
b,B,Uh-huh/UH ./.,Uh-huh. /
+,A,"--/: um/UH ,/,","-- {F um, } /"
sv,A,"and/CC it/PRP ,/, it/PRP does/VBZ n't/RB seem/VB fair/JJ ,/,","{C and } [ it, + it ] doesn't seem fair, /"
sd,A,"and/CC I/PRP ,/, I/PRP know/VBP a/DT lot/NN of/IN people/NNS do/VBP make/VB money/NN ,/, um/UH ,/, you/PRP know/VBP ,/, in/IN ,/, in/IN good/JJ investments/NNS and/CC things/NNS like/IN that/DT ,/,","{C and } [ I, + I ] know a lot of people do make money, {F um, } {D you know, } [ in, + in ] good investments and things like that, /"
sv,A,"but/CC I/PRP think/VBP that/DT 's/BES a/DT lot/NN of/IN luck/NN and/CC a/DT lot/NN of/IN gambling/NN ,/, and/CC not/RB a/DT ,/, not/RB a/DT whole/JJ lot/NN of/IN work/NN ./.","{C but } I think that's a lot of luck and a lot of gambling, and [ not a, + not a ] whole lot of work <laughter>. /"
aa,B,I/PRP agree/VBP with/IN you/PRP ./.,I agree with you. /
sv,B,"I/PRP do/VBP think/VB it/PRP 's/BES a/DT lot/NN of/IN luck/NN ,/,","I do think it's a lot of luck, /"
sd,B,"and/CC I/PRP do/VBP n't/RB like/VB that/DT part/NN of/IN the/DT finance/NN ,/, you/PRP know/VBP --/:","{C and } I don't like that part of the finance, {D you know } --"
b,A,Yeah/UH ./.,Yeah. /
+,B,--/: whatsoever/RB ./.,-- whatsoever. /
b,A,Right/UH ./.,Right. /
h,B,"I/PRP do/VBP n't/RB know/VB ,/,","I don't know, /"
sv,B,"but/CC like/IN what/WP I/PRP was/VBD saying/VBG about/IN the/DT social/JJ security/NN ,/, that/DT 's/BES real/JJ ,/, you/PRP know/VBP ,/,","{C but } like what I was saying about the social security, that's real, {D you know, } - /"
sd,B,it/PRP never/RB bothered/VBD me/PRP until/IN we/PRP started/VBD talking/VBG about/IN it/PRP in/IN my/PRP$ classes/NNS --/:,it never bothered me until we started talking about it in my classes -- /
b,A,Uh-huh/UH ./.,Uh-huh. /
sd,B,"--/: and/CC then/RB the/DT more/RBR I/PRP think/VBP about/IN it/PRP ,/, the/DT more/RBR I/PRP think/VBP ,/, I/PRP 'm/VBP paying/VBG in/IN to/IN something/NN that/WDT I/PRP ,/,","-- {C and then } the more I think about it, the more I think, I'm paying in to something that I, - /"
sd,B,"granted/VBD ,/, you/PRP know/VBP ,/, I/PRP 'm/VBP paying/VBG for/IN my/PRP$ grandparents/NNS --/:","granted, {D you know, } I'm paying for my grandparents -- /"
b,A,Right/UH ./.,Right. /
sv,B,--/: but/CC I/PRP 'm/VBP never/RB going/VBG to/TO see/VB that/DT ./.,-- {C but } I'm never going to see that. /
ba,A,Probably/RB not/RB ./.,Probably not. /
sv,B,Social/NNP Security/NNP is/VBZ going/VBG to/TO be/VB gone/VBN before/IN I/PRP ever/RB get/VBP any/DT ./.,Social Security is going to be gone before I ever get any. /
b,A,"Yeah/UH ,/,","Yeah, /"
b,A,"yes/UH ,/,","yes, /"
sv,A,or/CC what/WP 's/BES left/VBN is/VBZ not/RB going/VBG to/TO be/VB worth/JJ anything/NN --/:,{C or } what's left is not going to be worth anything --
b,B,Uh-huh/UH ./.,Uh-huh. /
+,A,"--/: you/PRP know/VBP ,/, in/IN terms/NNS of/IN how/WRB ,/,","-- {D you know, } in terms of how,"
b,B,Right/UH,Right /
^2,B,they/PRP 're/VBP going/VBG to/TO pay/VB me/PRP,they're going to pay me
+,A,you/PRP can/MD actually/RB use/VB it/PRP ./.,you can actually use it. /
+,B,"fifty/CD dollars/NNS a/DT month/NN ,/, right/UH ./.","fifty dollars a month, right <laughter>. /"
aa,A,"Yeah/UH ,/,","Yeah, /"
b,A,right/UH ./.,right. /
%,A,"But/CC that/DT 's/BES ,/,","{C But } that's, - /"
%,A,"well/UH ,/, and/CC ,/,","{D well, } {C and, } -/"
sv,B,"I/PRP 'm/VBP sorry/JJ ,/,","I'm sorry, /"
sv,B,"I/PRP put/VBP in/IN much/RB more/JJR than/IN that/DT ,/, you/PRP know/VBP ./.","I put in much more than that, {D you know. } /"
ba,A,"That/DT 's/BES right/UH ,/,","That's right, /"
aa,A,yeah/UH ./.,yeah. /
aa,A,"Yeah/UH ,/,","Yeah, /"
%,A,"that/DT 's/BES ,/,","that's, - /"
sd,A,"I/PRP have/VBP n't/RB heard/VBN much/JJ in/IN recent/JJ years/NNS ,/, um/UH ,/, about/IN social/JJ security/NN ,/,","I haven't heard much in recent years, {F um, } about social security, /"
sd,A,"I/PRP mean/VBP ,/, for/IN a/DT while/NN there/EX ,/, not/RB too/RB long/JJ ago/RB ,/, they/PRP were/VBD ,/, they/PRP were/VBD saying/VBG that/IN the/DT whole/JJ system/NN was/VBD going/VBG to/TO be/VB bankrupt/JJ --/:","{E I mean, } for a while there, not too long ago, [ they were, + they were ] saying that the whole system was going to be bankrupt --"
b,B,Uh-huh/UH ./.,Uh-huh. /
+,A,"--/: you/PRP know/VBP ,/, before/IN very/RB long/JJ ,/, because/IN so/RB much/JJ was/VBD going/VBG out/RB for/IN programs/NNS that/WDT were/VBD ,/, it/PRP wa-/XX ,/, that/WDT originally/RB it/PRP was/VBD never/RB intended/VBN to/TO be/VB used/VBN for/IN ./.","-- {D you know, } before very long, because so much was going out for programs [ that were, + [ it wa-, + ] that ] originally it was never intended to be used for."
b,B,Right/UH ./.,Right. /
+,A,"Or/CC ,/, you/PRP know/VBP ,/, programs/NNS just/RB were/VBD n't/RB in/IN existence/NN --/:","Or, you know, programs just weren't in existence -- /"
b,B,Uh-huh/UH ./.,Uh-huh. /
%,A,"--/: and/CC then/RB ,/, um/UH ,/, I/PRP ,/,","-- {C and then, } {F um, } I, - /"
sv,A,it/PRP sort/RB of/RB calmed/VBD down/RP ./.,it sort of calmed down. /
sd,A,"I/PRP have/VBP n't/RB heard/VBN much/JJ lately/RB ,/,","I haven't heard much lately, /"
qy^d,A,"but/CC if/IN you/PRP have/VBP talked/VBN about/IN that/DT in/NN your/PRP$ classes/NNS ,/, you/PRP know/VBP ,/, in/IN the/DT last/JJ few/JJ years/NNS ,/, I/PRP 'm/VBP sure/JJ that/IN you/PRP have/VBP heard/VBN ,/,","{C but } if you have talked about that in your classes, {D you know, } in the last few years, I'm sure that you have heard, /"
ny,B,"Oh/UH ,/, yeah/UH ./.","{F Oh, } yeah. /"
b,A,"Yeah/UH ,/,","Yeah, /"
h,A,"well/UH ,/, um/UH ,/, I/PRP do/VBP n't/RB know/VB ,/,","{D well, } {F um, } I don't know, /"
sv,A,"I/PRP guess/VBP we/PRP complain/VBP about/IN taxes/NNS ,/,","I guess we complain about taxes, /"
sv,A,"but/CC ,/, I/PRP guess/VBP ,/, you/PRP know/VBP ,/,","{C but, } I guess, {D you know, }"
b,B,"Yeah/UH ,/,","Yeah, /"
b,B,"yeah/UH ,/,","yeah, /"
+,A,"you/PRP have/VBP to/TO be/VB sort/RB of/RB ,/,","you have to be sort of, -/"
^2,B,"you/PRP got/VBD to/TO look/VB to/IN what/WP they/PRP put/VBP ,/, you/PRP know/VBP --/:","you got to look to what they put, {D you know } -- -/"
b,A,"Yeah/UH ,/,","Yeah, /"
sv,A,you/PRP have/VBP to/TO --/:,you have to --
sv,B,--/: you/PRP have/VBP decent/JJ roads/NNS at/IN least/JJS ./.,-- you have decent roads at least <laughter>. /
+,A,"--/: appreciate/VB ,/, yeah/UH ,/, what/WP ,/, what/WP you/PRP do/VBP get/VB for/IN them/PRP sometimes/RB --/:","-- appreciate, {D yeah, } [ what, + what ] you do get for them sometimes -- /"
b,B,Yeah/UH ./.,Yeah. /
sv,A,"--/: and/CC ,/, um/UH ,/, I/PRP guess/VBP it/PRP 's/BES ,/, it/PRP 's/BES worse/JJR ,/, you/PRP know/VBP ,/,","-- {C and, } {F um, } I guess [ it's, + it's ] worse, {D you know, } - /"
sd,A,I/PRP 'd/MD rather/RB be/VB able/JJ to/TO control/VB my/PRP$ money/NN as/RB much/JJ as/IN I/PRP do/VBP with/IN what/WP 's/BES left/VBN over/RP --/:,I'd rather be able to control my money as much as I do with what's left over --
b,B,Uh-huh/UH ./.,Uh-huh. /
+,A,"--/: taxes/NNS than/IN to/TO live/VB in/IN ,/, oh/UH ,/, England/NNP or/CC ,/, um/UH ,/, some/DT countries/NNS where/WRB so/RB much/JJ of/IN it/PRP is/VBZ socialized/VBN that/IN you/PRP do/VBP n't/RB see/VB any/DT of/IN that/DT money/NN at/IN all/DT --/:","-- taxes than to live in, {F oh, } England or, {F um, } some countries where so much of it is socialized that you don't see any of that money at all -- /"
ba,B,That/DT 's/BES true/JJ ./.,That's true. /
sv,A,"--/: and/CC ,/, so/RB ,/, you/PRP know/VBP ,/, I/PRP guess/VBP it/PRP 's/BES all/DT relative/JJ ,/,","-- {C and, so, } {D you know, } I guess it's all relative, /"
b,B,"Uh-huh/UH ,/,","Uh-huh, /"
sv,B,it/PRP 's/BES how/WRB you/PRP look/VBP at/IN it/PRP too/RB ./.,it's how you look at it too. /
ba,A,That/DT 's/BES exactly/RB right/JJ ./.,That's exactly right. /
%,B,"I/PRP like/VBP to/TO ,/,","I like to, - /"
sd,B,"instead/IN of/IN thinking/VBG how/WRB much/JJ ,/, you/PRP know/VBP ,/, that/IN I/PRP 'm/VBP paying/VBG out/RB ,/, I/PRP like/VBP to/TO just/RB look/VB at/IN it/PRP and/CC say/VB oh/UH ,/, well/UH everyone/NN else/RB is/VBZ doing/VBG it/PRP too/RB ,/, you/PRP know/VBP ./.","instead of thinking how much, {D you know, } that I'm paying out, I like to just look at it and say {F oh, } {D well } everyone else is doing it too, {D you know. } /"
ba,A,"That/DT 's/BES right/JJ ,/,","That's right, /"
b,A,"yeah/UH ,/,","yeah, /"
%,A,"and/CC I/PRP ,/,","{C and } I, -/"
