act_tag,speaker,pos,text
ad,A,"So/UH ,/, uh/UH ,/, tell/VB me/PRP about/IN changes/NNS from/IN say/VBP twenty/CD years/NNS ago/RB ,/, since/IN you/PRP were/VBD an/DT adult/NN ,/, twenty/CD years/NNS ago/RB ./.","{D So, } {F uh, } tell me about changes from say twenty years ago, since you were an adult, twenty years ago. /"
sd,B,"Well/UH ,/, let/VB 's/PRP see/VB ,/, well/UH ,/, we/PRP assume/VBP I/PRP was/VBD an/DT adult/NN twenty/CD years/NNS ago/RB ,/, ./. Um/UH ,/,","{D Well, } let's see, {D well, } we assume I was an adult twenty years ago, <laughter>. {F Um, } /"
sd,A,"Well/UH ,/, you/PRP 're/VBP ,/, you/PRP 're/VBP able/JJ to/TO ,/, you/PRP 're/VBP able/JJ to/TO ,/, uh/UH ,/, vote/VB and/CC go/VB to/IN war/NN and/CC things/NNS like/IN that/DT","{D Well, } [ [ you're, + you're able to, ] + you're able to, ] {F uh, } vote and go to war and things like that/"
%,A,"so/RB ,/,","{C so, } -/"
arp_nd,B,"Yeah/UH ,/,","Yeah, /"
arp_nd,B,definitely/RB able/JJ to/TO go/VB to/IN war/NN twenty/CD years/NNS ago/RB but/CC not/RB vote/VB ./.,definitely able to go to war twenty years ago but not vote. /
sd,A,"Oh/UH ,/, that/DT 's/BES right/JJ ,/,","{F Oh, } that's right, /"
sd,A,that/DT 's/BES one/CD of/IN the/DT changes/NNS ./.,that's one of the changes <laughter>. /
sd,B,Not/RB vote/VBP ./.,Not vote. /
sd,B,That/DT was/VBD one/CD of/IN the/DT changes/NNS that/WDT came/VBD about/IN in/IN the/DT last/JJ twenty/CD years/NNS ./.,That was one of the changes that came about in the last twenty years. /
%,B,"Um/UH ,/, yeah/UH ,/,","{F Um, } yeah, /"
sd,B,"twenty/CD years/NNS ago/RB is/VBZ nineteen/CD seventy/CD ,/,","twenty years ago is nineteen seventy, /"
sd,B,"uh/UH ,/, nineteen/CD seventy/CD I/PRP had/VBD been/VBN married/JJ two/CD years/NNS ./.","{F uh, } nineteen seventy I had been married two years. /"
b,A,Uh-huh/UH ./.,Uh-huh. /
sd,B,"Um/UH ,/, we/PRP had/VBD all/PDT the/DT great/JJ civil/JJ rights/NNS legislation/NN of/IN nineteen/CD sixty-eight/CD ,/,","{F Um, } we had all the great civil rights legislation of nineteen sixty-eight, /"
b,A,Uh-huh/UH ./.,Uh-huh. /
sd,B,"And/CC ,/, uh/UH ,/, around/IN here/RB on/IN the/DT ,/, uh/UH ,/, east/JJ coast/NN ,/, uh/UH ,/,","{C And, } {F uh, } around here on the, {F uh, } east coast, {F uh, }"
b,A,Uh-huh/UH ./.,Uh-huh. /
+,B,we/PRP were/VBD heavy/JJ into/IN affirmative/JJ action/NN ./.,we were heavy into affirmative action. /
b,A,Yes/UH ./.,Yes. /
b,A,Uh-huh/UH ./.,Uh-huh. /
b,A,Uh-huh/UH ./.,Uh-huh. /
b,A,"Uh-huh/UH ,/,","Uh-huh, /"
b,A,uh-huh/UH ./.,uh-huh. /
b,A,Uh-huh/UH ./.,Uh-huh. /
b,A,Uh-huh/UH ./.,Uh-huh. /
sd,B,"Uh/UH ,/, the/DT problem/NN was/VBD that/IN my/PRP$ hair/NN was/VBD too/RB long/JJ ./.","{F Uh, } the problem was that my hair was too long. /"
b,A,Uh-huh/UH ./.,Uh-huh. /
sd,B,"and/CC ,/, uh/UH ,/, MUMBLEx/XX you/PRP were/VBD n't/RB allowed/VBN to/TO have/VB a/DT ,/, uh/UH ,/, mustache/NN or/CC a/DT beard/NN ,/,","{C and, } {F uh, } (( )) you weren't allowed to have a, {F uh, } mustache or a beard, /"
b,A,"Uh-huh/UH ,/,","Uh-huh, /"
b,A,uh-huh/UH ./.,uh-huh. /
b,A,Uh-huh/UH ./.,Uh-huh. /
b,A,Uh-huh/UH ./.,Uh-huh. /
+,B,"if/IN you/PRP wanted/VBD to/TO get/VB ahead/RB with/IN the/DT company/NN ,/,","<Throat_clearing> if you wanted to get ahead with the company, - /"
sv,B,"well/UH if/IN you/PRP were/VBD a/DT ,/, uh/UH ,/, black/JJ female/JJ you/PRP were/VBD destined/VBN to/TO be/VB store/NN manager/NN in/IN six/CD to/IN nine/CD months/NNS ,/,","{D well } if you were a, {F uh, } black female you were destined to be store manager in six to nine months, /"
sv,B,if/IN you/PRP were/VBD white/JJ male/JJ you/PRP 're/VBP talking/VBG six/CD years/NNS ./.,if you were white male you're talking six years. /
b,A,Huh/UH ./.,Huh. /
sd,B,And/CC that/DT 's/BES basically/RB where/WRB I/PRP ended/VBD up/RP ./.,{C And } that's basically where I ended up. /
b,A,"Uh-huh/UH ,/,","Uh-huh, /"
b,A,uh-huh/UH ./.,uh-huh. /
qy,A,"And/CC is/VBZ the/DT company/NN now/RB ,/, uh/UH ,/, well/RB represented/JJ ,/, uh/UH ,/, demographically/RB ,/, at/IN the/DT higher/JJR echelons/NNS ?/.","{C And } is the company now, {F uh, } well represented, {F uh, } demographically, at the higher echelons? /"
%,B,"Um/UH ,/,","{F Um, } /"
qy,A,Did/VBD it/PRP work/VBP ?/.,Did it work? /
na,B,"I/PRP think/VBP so/RB ,/,","I think so, /"
sd,B,"I/PRP ,/, I/PRP ,/, I/PRP ,/, I/PRP stopped/VBD working/VBG for/IN them/PRP in/IN ,/, uh/UH ,/, seventy-eight/CD ,/, seventy-nine/CD ./.","[ [ [ I, + I, ] + I, ] + I ] stopped working for them in, {F uh, } seventy-eight, seventy-nine. /"
b,A,Uh-huh/UH ./.,Uh-huh. /
%,B,"And/CC ,/, uh/UH ,/, it/PRP 's/BES ,/,","{C And, } {F uh, } <throat_clearing> it's, - /"
sv,B,"I/PRP think/VBP they/PRP 're/VBP ,/, they/PRP 're/VBP like/IN all/DT companies/NNS ,/, well/RB represented/JJ ./.","I think [ they're, + they're ] like all companies, well represented. /"
b,A,Uh-huh/UH ./.,Uh-huh. /
sv,B,"And/CC ,/, uh/UH ,/, you/PRP know/VBP ,/, everything/NN seems/VBZ to/TO be/VB fine/JJ ./.","{C And, } {F uh, } {D you know, } everything seems to be fine. /"
b,A,Uh-huh/UH ./.,Uh-huh. /
sd,B,"I/PRP ,/, I/PRP 've/VBP kind/RB of/RB lost/VBN touch/NN with/IN the/DT company/NN ,/,","[ I, + I've ] kind of lost touch with the company,/"
sd,B,"we/PRP had/VBD a/DT falling/NN out/RP ,/,","we had a falling out, /"
b,A,"Uh-huh/UH ,/,","Uh-huh, /"
b,A,uh-huh/UH ./.,uh-huh. /
sv,B,"but/CC ,/, uh/UH ,/, as/RB far/RB as/IN ,/, uh/UH ,/, as/IN their/PRP$ management/NN goes/VBZ ,/, um/UH ,/, I/PRP 'm/VBP not/RB sure/JJ they/PRP 're/VBP any/DT ,/, any/DT better/JJR off/RP than/IN they/PRP were/VBD ,/, were/VBD before/IN management/NN wise/JJ ./.","{C but, } {F uh, } as far [ as, + {F uh, } as ] their management goes, {F um, } I'm not sure they're [ any, + any ] better off than they [ were, + were ] before management wise. /"
b,A,Uh-huh/UH ./.,Uh-huh. /
sv,B,"But/CC ,/, uh/UH ,/, other/JJ changes/NNS ,/, um/UH ,/, just/RB people/NNS seem/VBP to/TO be/VB more/RBR outspoken/JJ now/RB individually/RB ,/, rather/IN than/IN collectively/RB ./.","{C But, } {F uh, } other changes, {F um, } just people seem to be more outspoken now individually, rather than collectively. /"
b,A,Uh-huh/UH ./.,Uh-huh. /
sd,B,"Um/UH ,/, back/RB in/IN the/DT seventies/NNS we/PRP had/VBD ,/, uh/UH ,/, a/DT lot/NN of/IN ,/, uh/UH ,/, protests/NNS against/IN the/DT war/NN ,/, and/CC ,/, uh/UH ,/, bring/VB our/PRP$ troops/NNS home/RB","{F Um, } back in the seventies we had, {F uh, } a lot of, {F uh, } protests against the war, and, {F uh, } bring our troops home /"
sv,B,"and/CC things/NNS were/VBD ,/, more/RBR organized/JJ ./.","{C and } things were, more organized. /"
b,A,Uh-huh/UH ./.,Uh-huh. /
sv,B,"And/CC ,/, uh/UH ,/, I/PRP 've/VBP noticed/VBN ,/, that/IN now/RB ,/, more/JJR and/CC more/JJR individual/JJ people/NNS are/VBP speaking/VBG out/RP for/IN their/PRP$ own/JJ rights/NNS rather/IN than/IN massing/VBG together/RB ./.","{C And, } {F uh, } I've noticed, that now, more and more individual people are speaking out for their own rights rather than massing together. /"
b,A,"Uh-huh/UH ,/,","Uh-huh, /"
b,A,uh-huh/UH ./.,uh-huh. /
%,B,"Um/UH ,/,","{F Um, } /"
b,B,"Yeah/UH ,/,","Yeah, /"
sv,B,"I/PRP 'm/VBP not/RB sure/JJ if/IN that/DT was/VBD because/IN ,/, you/PRP know/VBP ,/, eighties/NNS was/VBD like/IN the/DT ,/, uh/UH ,/, the/DT me/PRP decade/NN ./.","I'm not sure if that was because, {D you know, } eighties was {D like } [ the, + {F uh, } the ] me decade. /"
b^m,A,The/DT me/PRP decade/NN ./.,The me decade. /
b,A,Uh-huh/UH ./.,Uh-huh. /
sv,B,"And/CC ,/, uh/UH ,/, everybody/NN was/VBD into/IN me/PRP ,/,","{C And, } {F uh, } everybody was into me, /"
sv,B,and/CC then/RB we/PRP are/VBP getting/VBG back/RB into/IN us/PRP ./.,{C and then } we are getting back into us. /
%,B,"But/CC ,/, um/UH ,/, it/PRP ,/, it/PRP ,/, it/PRP 's/BES","{C But, } {F um, } [ [ it, + it, ] + it's ] - /"
sd,B,"I/PRP 've/VBP seen/VBN ,/, uh/UH ,/, uh/UH ,/, a/DT great/JJ deal/NN of/IN change/NN as/RB far/RB as/IN ,/, um/UH ,/, corporate/JJ responsibility/NN and/CC things/NNS ,/, um/UH ,/,","I've seen, {F uh, } {F uh, } a great deal of change as far as, {F um, } corporate responsibility and things, {F um, } /"
b,A,"Uh-huh/UH ,/,","Uh-huh, /"
b,A,uh-huh/UH ./.,uh-huh. /
sv,B,"and/CC ,/, people/NNS 's/POS response/NN to/IN that/DT ,/, you/PRP know/VBP ,/, at/IN first/JJ not/RB trusting/VBG and/CC now/RB ,/, expecting/VBG more/JJR ./.","{C and, } people's response to that, {D you know, } at first not trusting and now, expecting more. /"
b,A,"Uh-huh/UH ,/,","Uh-huh, /"
b,A,uh-huh/UH ./.,uh-huh. /
qw^d,B,"And/CC what/WP ab-/XX ,/, what/WP about/IN the/DT last/JJ ten/CD years/NNS that/WDT you/PRP 've/VBP been/VBN aware/JJ ./.","{C And } [ what ab-, + what about ] the last ten years that you've been aware. /"
sd,A,"Well/UH ,/, that/WDT I/PRP 've/VBP been/VBN aware/JJ of/IN ,/, I/PRP 've/VBP ,/,","{D Well, } that I've been aware of, I've, - /"
sd,A,"at/IN least/JJS in/IN my/PRP$ own/JJ circles/NNS I/PRP 've/VBP been/VBN aware/JJ of/IN an/DT increasing/JJ from/IN my/PRP$ generation/NN ,/,","at least in my own circles I've been aware of an increasing from my generation, - /"
sd,A,"I/PRP do/VBP n't/RB know/VB if/IN I/PRP can/MD quite/RB call/VB myself/PRP a/DT distinct/JJ generation/NN from/IN you/PRP ,/,","I don't know if I can quite call myself a distinct generation from you, /"
sd,A,"but/CC half/JJ generation/NN off/RP ,/, I/PRP guess/VBP ./.","{C but } half generation off, I guess. /"
sv,A,"Um/UH ,/, I/PRP 've/VBP noticed/VBN ,/, uh/UH ,/, a/DT certain/JJ increase/NN ,/, um/UH ,/, pessimism/NN with/IN America/NNP no/RB longer/RB being/VBG sort/RB of/RB on/IN top/NN ./.","{F Um, } I've noticed, {F uh, } a certain increase, {F um, } pessimism with America no longer being sort of on top. /"
sd,A,"I/PRP had/VBD the/DT impression/NN ,/,","I had the impression, - /"
sd,A,"well/UH ,/, I/PRP mean/VBP ,/, there/EX was/VBD the/DT quote/NN ,/, unquote/NN losing/VBG of/IN the/DT Vietnam/NNP war/NN ,/, which/WDT was/VBD a/DT blow/NN ,/,","<lipsmack> {D well, } {E I mean, } there was the quote, unquote losing of the Vietnam war, which was a blow, /"
sd,A,"and/CC it/PRP was/VBD right/RB around/IN that/DT time/NN when/WRB I/PRP started/VBD becoming/VBG socially/RB ,/, you/PRP know/VBP ,/, a/DT socially/RB conscious/JJ adult/NN ./.","{C and } it was right around that time when I started becoming [ socially, + ] {D you know, } a socially conscious adult. /"
sd,A,"And/CC ,/, I/PRP realize/VBP that/IN people/NNS of/IN my/PRP$ age/NN have/VBP no/DT ,/, um/UH ,/, no/DT major/JJ success/NN in/IN the/DT sense/NN that/IN ,/, uh/UH ,/, you/PRP saw/VBD the/DT passage/NN of/IN the/DT Civil/NNP Rights/NNPS Act/NNP ,/, and/CC ,/, um/UH ,/, major/JJ social/JJ change/NN in/IN that/DT sense/NN ,/,","{C And, } I realize that people of my age have [ no, + {F um, } no ] major success in the sense that, {F uh, } you saw the passage of the Civil Rights Act, and, {F um, } major social change in that sense, /"
%,A,"and/CC I/PRP ,/,","{C and } I, - /"
sv,A,"and/CC all/PDT the/DT changes/NNS that/WDT have/VBP happened/VBN in/IN the/DT last/NN ,/, uh/UH ,/, even/RB during/IN my/PRP$ adulthood/NN ,/, have/VBP been/VBN more/RBR incremental/JJ ./.","{C and } all the changes that have happened in the last, {F uh, } even during my adulthood, have been more incremental. /"
sv,A,"They/PRP 've/VBP been/VBN continual/JJ perhaps/RB and/CC good/JJ gains/NNS have/VBP been/VBN made/VBN ,/,","They've been continual perhaps and good gains have been made, /"
sd,A,"but/CC there/EX has/VBZ n't/RB been/VBN the/DT same/JJ sort/NN of/IN fiery/JJ speeches/NNS of/IN Martin/NNP Luther/NNP King/NNP or/CC whatever/WDT ,/, that/WDT has/VBZ really/RB ,/, uh/UH ,/, galvanized/VBN the/DT population/NN ./.","{C but } there hasn't been the same sort of fiery speeches of Martin Luther King or whatever, that has really, {F uh, } galvanized the population. /"
%,A,"And/CC there/EX 's/BES just/RB ,/,","{C And } there's just, - /"
sv,A,"instead/RB there/EX 's/HVS been/VBN sort/RB of/RB an/DT increasing/JJ ,/, oh/UH ,/, I/PRP do/VBP n't/RB know/VB ,/, Japan/NNP bashing/VBG and/CC things/NNS like/IN that/DT ./.","instead there's been sort of an increasing, {F oh, } I don't know, Japan bashing and things like that. /"
b,B,Uh-huh/UH ./.,Uh-huh. /
%,A,"And/CC ,/, uh/UH ,/, a/DT lot/NN of/IN ,/,","{C And, } {F uh, } a lot of, - /"
sv,A,"I/PRP see/VBP among/IN some/DT of/IN my/PRP$ friends/NNS and/CC even/RB more/JJR among/IN some/DT of/IN my/PRP$ students/NNS ,/, who/WP are/VBP ,/, you/PRP know/VBP ,/, maybe/RB twenty/CD ,/, a/DT real/JJ sense/NN of/IN ,/, you/PRP know/VBP ,/, America/NNP 's/BES losing/VBG it/PRP ./.","I see among some of my friends and even more among some of my students, who are, {D you know, } maybe twenty, a real sense of, {D you know, } America's losing it. /"
aa,B,Yes/UH ./.,Yes. /
sv,A,"And/CC losing/VBG it/PRP in/IN the/DT competitive/JJ market/NN ,/,","{C And } losing it in the competitive market, /"
%,A,"and/CC a/DT real/JJ knowl-/XX ,/, uh/UH ,/,","{C and } a real knowl-, {F uh, } - /"
qh,A,"a/DT lack/NN of/IN understanding/NN how/WRB that/DT could/MD be/VB ./. In/IN the/DT sense/NN that/IN how/WRB could/MD America/NNP have/VB gone/VBN from/IN being/VBG number/NN one/CD ,/, to/IN possibly/RB being/VBG number/NN two/CD ,/,","a lack of understanding how that could be. In the sense that how could America have gone from being number one, to possibly being number two, /"
%,A,"to/IN ,/,","to, - /"
sd,A,"you/PRP know/VBP ,/, our/PRP$ former/JJ enemies/NNS and/CC things/NNS like/IN that/DT","{D you know, } our former enemies and things like that - /"
sv,A,"and/CC ,/, uh/UH ,/, so/RB I/PRP see/VBP ,/, I/PRP see/VBP a/DT lot/NN of/IN ,/, uh/UH ,/, a/DT lot/NN of/IN pessimism/NN growing/VBG ,/,","[ {C and, } + {F uh, } {C so } ] [ I see, + I see ] [ a lot of, + {F uh, } a lot of ] pessimism growing, /"
sd,A,"um/UH ,/, and/CC at/IN the/DT same/JJ time/NN I/PRP think/VBP there/EX 's/BES ,/, there/EX 's/BES ,/, there/EX 's/BES a/DT growing/VBG environmentalist/NN movement/NN and/CC sense/NN of/IN corporate/JJ respon-/XX ,/, increased/JJ corporate/JJ responsible/JJ towards/IN ,/, uh/UH ,/, you/PRP know/VBP ,/, environmental/JJ safety/NN and/CC things/NNS like/IN that/DT ./.","{F um, } {C and } at the same time I think [ [ there's, + there's, ] + there's ] a growing environmentalist movement and sense of corporate respon-, increased corporate responsible towards, {F uh, } {D you know, } environmental safety and things like that. /"
sv,A,"And/CC that/DT might/MD potentially/RB be/VB sort/RB of/RB the/DT civil/JJ right/NN ,/, the/DT equivalent/NN of/IN the/DT Civil/NNP Rights/NNPS Act/NNP in/IN ,/, in/IN the/DT near/JJ future/NN ,/, in/IN terms/NNS of/IN ,/, you/PRP know/VBP ,/, some/DT real/JJ landmark/NN bills/NNS passing/VBG and/CC things/NNS like/IN that/DT ./.","{C And } that might potentially be sort of the civil right, the equivalent of the Civil Rights Act [ in, + in ] the near future, in terms of, {D you know, } some real landmark bills passing and things like that. /"
%,A,"Such/JJ that/IN ,/, you/PRP know/VBP ,/, people/NNS ./.","Such that, {D you know, } people. - /"
sv,A,The/DT thing/NN about/IN civil/JJ rights/NNS is/VBZ people/NNS take/VBP it/PRP for/IN granted/VBN now/RB ./.,The thing about civil rights is people take it for granted now. /
sv,A,"I/PRP mean/VBP my/PRP$ generation/NN does/VBZ n't/RB ,/, ca/MD n't/RB rest/VB on/IN the/DT ,/, the/DT glow/NN of/IN having/VBG achieved/VBN civil/JJ rights/NNS because/IN we/PRP were/VBD born/VBN into/IN an/DT assumption/NN that/IN ,/, you/PRP know/VBP ,/, yes/UH there/EX 's/BES still/RB some/DT racism/NN","{E I mean } my generation [ doesn't, + ] can't rest on [ the, + the ] glow of having achieved civil rights because we were born into an assumption that, {D you know, } {D yes } there's still some racism /"
sv,A,"but/CC ,/, you/PRP know/VBP ,/, basically/RB things/NNS are/VBP ,/,","{C but, } {D you know, } basically things are, - /"
sv,A,"the/DT assumption/NN ,/, things/NNS are/VBP basically/RB kind/RB of/RB taken/VBN care/NN of/IN","the assumption, things are basically kind of taken care of /"
sv,A,and/CC there/EX 's/BES a/DT notion/NN of/IN fairness/NN ./.,{C and } there's a notion of fairness. /
aa,B,Yes/UH ./.,Yes. /
%,A,"That/DT 's/BES ,/, um/UH ,/,","That's, {F um, } - /"
sv,A,"while/IN still/RB far/RB from/IN perfect/JJ ,/, is/VBZ much/RB more/RBR established/VBN ,/, I/PRP think/VBP ./.","while still far from perfect, is much more established, I think. /"
sv,B,"But/CC even/RB ,/, uh/UH ,/, I/PRP think/VBP ,/, uh/UH ,/, along/IN the/DT line/NN of/IN the/DT ,/, uh/UH ,/, goals/NNS of/IN civil/JJ rights/NNS ,/,","{C But } even, {F uh, } I think, {F uh, } along the line of the, {F uh, } goals of civil rights,"
b,A,Uh-huh/UH ./.,Uh-huh. /
+,B,"um/UH ,/, there/EX always/RB seems/VBZ to/TO be/VB some/DT prejudice/NN to/IN someone/NN by/IN anyone/NN ./.","{F um, } there always seems to be some prejudice to someone by anyone. /"
aa,A,"Oh/UH ,/, of/IN course/NN ./.","{F Oh, } of course <laughter>. /"
%,B,"I/PRP mean/VBP ,/, you/PRP know/VBP ./.","{E I mean, } {D you know } <laughter>. /"
sv,A,It/PRP 's/BES human/JJ nature/NN,It's human nature <laughter> /
sv,B,"You/PRP know/VBP ,/, do/VBP n't/RB like/VB the/DT way/NN you/PRP look/VBP ,/, do/VBP n't/RB like/VB the/DT way/NN you/PRP dress/VBP ,/, do/VBP n't/RB like/VB your/PRP$ hair/NN ,/, do/VBP n't/RB like/VB ,/, you/PRP know/VBP it/PRP 's/BES just/RB something/NN that/WDT always/RB sets/VBZ people/NNS off/RB ./.","{D You know, } don't like the way you look, don't like the way you dress, don't like your hair, don't like, {D you know } it's just something that always sets people off. /"
sv,B,"You/PRP know/VBP ,/, you/PRP either/DT like/VBP someone/NN or/CC you/PRP do/VBP n't/RB like/VB someone/NN or/CC you/PRP 're/VBP just/RB completely/RB indifferent/JJ ./.","{D You know, } you {C either } like someone {C or } you don't like someone {C or } you're just completely indifferent <cough>. /"
b,A,"Yeah/UH ,/,","Yeah, /"
b,A,yeah/UH,yeah /
x,A,./.,<throat_clearing>.
sv,B,"And/CC the/DT problem/NN is/VBZ that/IN ideally/RB you/PRP they/PRP ,/, you/PRP know/VBP ,/, the/DT world/NN would/MD like/VB you/PRP to/TO be/VB completely/RB indifferent/JJ ./.","{C And } the problem is that ideally [ you they, + ] {D you know, } the world would like you to be completely indifferent. /"
sd,B,"So/RB ,/, um/UH ,/, but/CC I/PRP ,/, I/PRP ,/, I/PRP understand/VBP what/WP you/PRP say/VBP about/IN the/DT environmental/JJ movement/NN ,/,","[ {C So, } + {F um, } {C but } ] [ [ I, + I, ] + I ] understand what you say about the environmental movement, /"
sv,B,"um/UH ,/, it/PRP 's/BES ,/, it/PRP 's/HVS been/VBN a/DT long/JJ time/NN coming/VBG ,/,","{F um, } [ it's, + it's ] been a long time coming,/"
b,A,Uh-huh/UH ./.,Uh-huh. /
b,A,"Yeah/UH ,/,","Yeah, /"
b,A,yeah/UH ./.,yeah. /
%,B,"And/CC I/PRP ,/, I/PRP just/RB ,/,","{C And } [ I, + I ] just, - /"
sd,B,"I/PRP 've/VBP seen/VBN a/DT lot/NN of/IN changes/NNS ,/, I/PRP mean/VBP ,/, from/IN the/DT original/JJ earth/NN day/NN --/:","I've seen a lot of changes, {E I mean, } from the original earth day -- /"
b,A,Uh-huh/UH ./.,Uh-huh. /
sd,B,"--/: and/CC ,/, um/UH ,/, I/PRP 'm/VBP heavily/RB involved/VBN in/IN ,/, you/PRP know/VBP ,/, my/PRP$ own/JJ personal/JJ recycling/NN ./.","-- {C and, } {F um, } I'm heavily involved in, {D you know, } my own personal recycling. /"
sd,B,"We/PRP recycle/VBP paper/NN ,/,","We recycle paper,"
b,A,"Uh-huh/UH ,/,","Uh-huh, /"
b,A,uh-huh/UH ./.,uh-huh. /
+,B,and/CC cans/NNS here/RB at/IN work/NN,and cans here at work /
sd,B,"and/CC ,/, you/PRP know/VBP ,/, I/PRP do/VBP the/DT newspaper/NN and/CC cardboard/NN and/CC paper/NN and/CC ,/,","{C and, } {D you know, } I do the newspaper and cardboard and paper and,"
b,A,"Uh-huh/UH ,/,","Uh-huh, /"
b,A,uh-huh/UH ./.,uh-huh. /
+,B,"you/PRP know/VBP ,/, all/PDT that/DT stuff/NN at/IN home/NN","{D you know, } all that stuff at home /"
sd,B,"and/CC I/PRP 'm/VBP starting/VBG to/TO see/VB more/JJR and/CC more/JJR recycling/NN centers/NNS ,/,","{C and } I'm starting to see more and more recycling centers,"
b,A,Uh-huh/UH ./.,Uh-huh. /
+,B,"cropping/VBG up/RP all/DT over/IN the/DT place/NN here/RB ,/, on/IN the/DT ,/,","cropping up all over the place here, on the,"
b,A,Right/UH ./.,Right. /
+,B,"east/JJ coast/NN ,/,","east coast, /"
sd,A,"And/CC that/DT 's/BES a/DT real/JJ change/NN ,/, except/IN it/PRP sort/VBP of/IN ,/, brings/VBZ back/RB to/IN the/DT nineteen/CD forties/NNS more/JJR than/IN anything/NN else/RB ./.","{C And } that's a real change, except it sort of, brings back to the nineteen forties more than anything else <laughter>. /"
b,B,"Yeah/UH ,/,","Yeah, /"
%,B,"like/IN ,/,","<laughter> like, -/"
sv,A,"I/PRP mean/VBP ,/, all/PDT this/DT recycling/NN used/VBD to/TO be/VB in/IN tact/NN ,/,","{E I mean, } all this recycling used to be in tact, *[[typo in tact should be 'intact']]"
b,B,Yeah/UH ./.,Yeah. /
+,A,"or/CC not/RB all/DT of/IN it/PRP ,/,","or not all of it, /"
sv,A,but/CC much/NN of/IN it/PRP did/VBD ./.,{C but } much of it did. /
sd,A,"I/PRP mean/VBP ,/, recycling/NN was/VBD a/DT ,/, was/VBD a/DT wartime/NN thing/NN ./.","{E I mean, } recycling [ was a, + was a ] wartime thing. /"
sd,B,"And/CC then/RB they/PRP turned/VBD around/RB and/CC called/VBD them/PRP junkyards/NNS ,/, and/CC ,/,","{C And then } they turned around and called them junkyards, and,"
aa,A,Yes/UH ./.,Yes. /
+,B,"started/VBD making/VBG profits/NNS off/RP ,/,","started making profits off,"
aa,A,Yes/UH ./.,Yes <laughter>. /
+,B,them/PRP after/IN the/DT war/NN ./.,them after the war. /
sd,B,"And/CC now/RB we/PRP got/VBD to/IN the/DT point/NN where/WRB the/DT junkyards/NNS ,/, you/PRP 've/VBP got/VBN to/TO pay/VB them/PRP to/TO take/VB something/NN there/RB ,/,","{C And } now we got to the point where the junkyards, you've got to pay them to take something there, /"
b,A,Uh-huh/UH ./.,Uh-huh. /
sv,B,"so/RB ,/, things/NNS have/VBP really/RB changed/VBN a/DT lot/NN ./.","{C so, } things have really changed a lot. /"
sv,B,"I/PRP think/VBP the/DT ,/, uh/UH ,/, the/DT other/JJ part/NN about/IN ,/, uh/UH ,/, America/NNP 's/POS decline/NN I/PRP think/VBP has/VBZ to/TO do/VB with/IN ,/,","I think [ the, + {F uh, } the ] other part about, {F uh, } America's decline I think has to do with, /"
aap_am,A,"A/DT perceived/JJ decline/NN anyway/RB ,/, yeah/UH ./.","A perceived decline anyway, yeah. /"
b,B,"yeah/UH ,/,","yeah, /"
sv,B,"the/DT perceived/JJ decline/NN ,/, has/VBZ to/TO do/VB with/IN ,/, uh/UH ,/, um/UH ,/, the/DT attitudes/NNS and/CC the/DT educational/JJ system/NN ,/, uh/UH ,/,","the perceived decline, has to do with, {F uh, } {F um, } the attitudes and the educational system, {F uh, } /"
sd,B,"I/PRP have/VBP children/NNS in/IN ,/, in/IN ,/, s-/XX ,/, I/PRP have/VBP three/CD children/NNS in/IN school/NN right/RB now/RB ,/,","[ I have children [ in, + in, ] + [ s-, + ] I have three children ] in school right now, /"
sd,B,and/CC I/PRP 'm/VBP not/RB impressed/JJ with/IN the/DT teachers/NNS that/WDT are/VBP teaching/VBG them/PRP ./.,{C and } I'm not impressed with the teachers that are teaching them. /
%,B,"Uh/UH ,/, I/PRP had/VBD ,/,","{F Uh, } I had, - /"
sd,B,"when/WRB I/PRP was/VBD down/IN in/IN Dallas/NNP for/IN two/CD years/NNS ,/, I/PRP had/VBD ,/, uh/UH ,/, my/PRP$ children/NNS come/VBP home/NN from/IN school/NN with/IN papers/NNS that/WDT were/VBD corrected/VBN by/IN the/DT teacher/NN that/WDT had/VBD words/NNS spelled/VBN correctly/RB marked/VBN wrong/JJ ,/,","when I was down in Dallas for two years, I had, {F uh, } my children come home from school with papers that were corrected by the teacher that had words spelled correctly marked wrong,"
b,A,Uh-huh/UH ./.,Uh-huh. /
+,B,and/CC words/NNS spelled/VBD wrong/RB not/RB marked/VBN as/IN such/JJ ./.,and words spelled wrong not marked as such. /
b,A,Yeah/UH ./.,Yeah. /
qy,B,And/CC this/DT person/NN 's/BES teaching/VBG my/PRP$ children/NNS ?/.,{C And } this person's teaching my children? /
b,A,Uh-huh/UH ./.,Uh-huh. /
sd,B,"You/PRP know/VBP ,/, I/PRP had/VBD a/DT real/JJ problem/NN with/IN that/DT ./.","{D You know, } I had a real problem with that. /"
b,A,Yeah/UH ./.,Yeah. /
sv,A,"Well/UH ,/, I/PRP 'd/MD ,/, I/PRP 'd/MD say/VB actually/UH I/PRP mean/VBP as/IN someone/NN who/WP 's/BES involved/VBN in/IN education/NN I/PRP 'd/MD say/VB that/IN maybe/RB one/CD of/IN the/DT changes/NNS is/VBZ that/IN the/DT ,/, role/NN of/IN the/DT teacher/NN has/VBZ incrementally/RB gotten/VBN lower/JJR and/CC lower/JJR value/NN and/CC society/NN ./.","{D Well, } [ I'd, + I'd ] say {D actually } {E I mean } as someone who's involved in education I'd say that maybe one of the changes is that the, role of the teacher has incrementally gotten lower and lower value and society. /"
sv,A,"I/PRP mean/VBP ,/, relative/JJ pay/NN which/WDT is/VBZ a/DT major/JJ way/NN we/PRP value/VBP people/NNS ,/, has/VBZ been/VBN poorer/JJR and/CC poorer/JJR over/IN the/DT years/NNS ./.","{E I mean, } relative pay which is a major way we value people, has been poorer and poorer over the years. /"
%,A,"Uh/UH ,/, you/PRP know/VBP ,/, that/IN","{F Uh, } {D you know, } that - /"
sd,A,there/EX 's/HVS been/VBN cost/NN of/IN living/VBG increases/NNS,there's been cost of living increases /
sd,A,but/CC not/RB quite/RB in/IN proportion/NN to/IN cost/NN of/IN living/VBG,{C but } not quite in proportion to cost of living/
sd,A,"and/CC ,/, you/PRP know/VBP it/PRP 's/BES just/RB more/JJR and/CC more/JJR ,/, uh/UH ,/, a/DT real/JJ low/JJ income/NN sort/NN of/IN job/NN and/CC very/RB low/JJ prestige/NN ./.","{C and, } {D you know } it's just more and more, {F uh, } a real low income sort of job and very low prestige. /"
sd,A,"I/PRP mean/VBP ,/, there/RB 's/BES that/DT ,/, that/DT old/JJ saying/NN those/DT who/WP can/MD do/VB it/PRP and/CC those/DT who/WP ca/MD n't/RB teach/VB ,/,","{E I mean, } there's [ that, + that ] old saying those who can do it and those who can't teach, /"
x,B,,<Laughter>.
sv,A,this/DT is/VBZ the/DT way/NN of/IN let/NN 's/PRP make/VB fun/NN of/IN the/DT teachers/NNS those/DT are/VBP the/DT people/NNS who/WP ca/MD n't/RB do/VB anything/NN ./.,this is the way of let's make fun of the teachers those are the people who can't do anything. /
b,B,Yeah/UH ./.,Yeah. /
sv,A,"And/CC if/IN you/PRP have/VBP that/DT kind/NN of/IN social/JJ attitude/NN it/PRP 's/BES hard/JJ to/TO get/VB sufficient/JJ numbers/NNS of/IN people/NNS who/WP are/VBP going/VBG to/TO overlook/VB all/DT of/IN that/DT work/NN for/IN lower/JJR pay/NN ,/, work/NN for/IN low/JJ social/JJ prestige/NN ,/, just/RB because/IN they/PRP care/VBP about/IN good/JJ education/NN ./.","{C And } if you have that kind of social attitude it's hard to get sufficient numbers of people who are going to overlook all of that work for lower pay, work for low social prestige, just because they care about good education. /"
b,B,Yeah/UH ./.,Yeah. /
sv,A,"And/CC you/PRP get/VBP more/JJR and/CC more/JJR people/NNS MUMBLEx/XX and/CC up/IN there/RB because/IN it/PRP 's/BES ,/, uh/UH ,/, it/PRP 's/BES the/DT safety/NN net/NN of/IN those/DT of/IN ,/, you/PRP know/VBP ,/, average/JJ intelligence/NN or/CC something/NN ,/, they/PRP can/MD always/RB teach/VB ./.","{C And } you get more and more people (( )) and up there because [ it's, + {F uh, } it's ] the safety net of those of, {D you know, } average intelligence or something, they can always teach. /"
qy^d,B,"Um/UH ,/, I/PRP 'm/VBP not/RB sure/JJ if/IN your/PRP$ familiar/JJ with/IN the/DT movement/NN they/PRP have/VBP here/RB in/IN Maryland/NNP ,/,","{F Um, } I'm not sure if your familiar with the movement they have here in Maryland, /"
sd,B,"but/CC they/PRP 're/VBP trying/VBG to/TO get/VB a/DT ,/, uh/UH ,/, a/DT ,/, uh/UH ,/, a/DT merit/NN system/NN here/RB in/IN Maryland/NNP rather/IN than/IN a/DT ,/, uh/UH ,/, tenure/NN system/NN ,/,","{C but } they're trying to get [ [ a, + {F uh, } a, ] + {F uh, } a ] merit system here in Maryland rather than a, {F uh, } tenure system,"
b,A,Uh-huh/UH ./.,Uh-huh. /
b,A,Uh-huh/UH ./.,Uh-huh. /
