act_tag,speaker,pos,text
%,A,Well/UH ./.,{D Well. } -/
qy,B,"Do/VBP you/PRP have/VB ,/, uh/UH ,/, some/DT strong/JJ feelings/NNS one/CD way/NN or/CC the/DT other/JJ about/IN ,/, about/IN the/DT care/NN of/IN the/DT elderly/JJ ?/.","<Throat_clearing> Do you have, {F uh, } some strong feelings one way or the other [ about, + about ] the care of the elderly? /"
ny,A,"Well/UH ,/, yes/UH ,/,","{D Well, } yes, /"
sd,A,I/PRP do/VBP ./.,I do. /
sd,A,"Uh/UH ,/, this/DT is/VBZ a/DT ,/, a/DT question/NN that/WDT hit/VBD pretty/RB close/RB to/IN home/NN ./.","{F Uh, } this is [ a, + a ] question that hit pretty close to home. /"
sd,A,I/PRP had/VBD to/TO go/VB through/IN this/DT with/IN my/PRP$ dad/NN about/RB four/CD years/NNS ago/RB ./.,I had to go through this with my dad about four years ago. /
sd,A,"He/PRP was/VBD ,/, his/PRP$ health/NN was/VBD failing/VBG --/:","[ He was, + his health was ] failing -- /"
b,B,Uh-huh/UH ./.,Uh-huh. /
sd,A,"--/: and/CC ,/, uh/UH ,/, he/PRP was/VBD adamant/JJ about/IN two/CD things/NNS ./.","-- {C and, } {F uh, } he was adamant about two things. /"
sd,A,"One/LS was/VBD that/IN I/PRP take/VBP care/NN of/IN my/PRP$ mother/NN ,/,","One was that I take care of my mother, /"
sd,A,"and/CC two/LS ,/, that/IN he/PRP not/RB be/VBP put/VBN into/IN a/DT home/NN ./.","and two, that he not be put into a home. /"
b,B,Uh-huh/UH ./.,Uh-huh. /
sd,A,"And/CC we/PRP talked/VBD ,/, uh/UH ,/, about/IN some/DT length/NN ,/,","{C And } we talked, {F uh, } about some length, /"
sd,A,and/CC I/PRP respected/VBD his/PRP$ wishes/NNS ./.,{C and } I respected his wishes. /
sd,A,"He/PRP ,/, uh/UH ,/, stayed/VBD at/IN home/NN as/RB long/RB as/IN he/PRP could/MD ,/,","He, {F uh, } stayed at home as long as he could, /"
sd,A,"and/CC then/RB ,/, uh/UH ,/, he/PRP died/VBD in/IN a/DT hospital/NN ./.","{C and then, } {F uh, } he died in a hospital. /"
sd,A,"But/CC ,/, um/UH ,/, I/PRP think/VBP that/IN ,/, my/PRP$ position/NN wa/VBD ,/, is/VBZ that/IN ,/, uh/UH ,/, you/PRP need/VBP to/TO find/VB one/CD that/WDT you/PRP can/MD really/RB have/VB confidence/NN that/IN they/PRP are/VBP taking/VBG care/NN of/IN the/DT ,/, of/IN the/DT ,/, uh/UH ,/, of/IN their/PRP$ clients/NNS --/:","{C But, } {F um, } I think that, my position [ wa-, + is ] that, {F uh, } you need to find one that you can really have confidence that they are taking care [ [ of the, + of the, ] {F uh, } of their ] clients -- /"
b,B,Yes/UH ./.,Yes. /
sd,A,"--/: and/CC ,/, um/UH ,/, because/IN I/PRP 've/VBP heard/VBN about/IN the/DT many/JJ abuses/NNS ,/, and/CC because/IN he/PRP had/VBD heard/VBN of/IN so/RB many/JJ abuses/NNS ,/, he/PRP just/RB did/VBD n't/RB want/VB that/DT ./.","-- {C and, } {F um, } because I've heard about the many abuses, and because he had heard of so many abuses, he just didn't want that. /"
b,B,"Yeah/UH ,/,","Yeah, /"
b,B,yeah/UH ./.,yeah. /
qo,A,How/WRB about/IN you/PRP ?/.,How about you? /
sd,B,"Well/UH ,/, my/PRP$ graduate/NN work/NN is/VBZ in/IN speech/NN pathology/NN ,/,","{D Well, } <throat_clearing> my graduate work is in speech pathology, /"
sd,B,"and/CC ,/, uh/UH ,/, so/RB ,/, so/RB ,/, uh/UH ,/, I/PRP 've/VBP thought/VBN about/IN this/DT more/JJR than/IN once/RB ,/, uh/UH ,/, you/PRP know/VBP ,/, dealing/VBG with/IN","{C and, } {F uh, } {C so, } {C so, } {F uh, } I've thought about this more than once, {F uh, } {D you know, } dealing with - /"
sd,B,"uh/UH ,/, you/PRP know/VBP ,/, I/PRP 'm/VBP concerned/JJ ,/, we/PRP 're/VBP going/VBG to/TO have/VB a/DT geriatric/JJ ,/, uh/UH ,/, population/NN ,/, in/IN in/IN twenty/CD years/NNS it/PRP 's/BES going/VBG to/TO be/VB ,/, you/PRP know/VBP ,/, phenomenal/JJ ./.","<throat_clearing> {F uh, } {D you know, } I'm concerned, we're going to have a geriatric, {F uh, } population, [ in + in ] twenty years it's going to be, {D you know, } phenomenal. /"
b,A,"Yeah/UH ,/,","Yeah, /"
qy,A,"almost/RB thirty/CD ,/, all/DT over/IN thirty/CD percent/NN ,/, is/VBZ n't/RB it/PRP ./.","[ almost thirty, + all over thirty ] percent, isn't it. /"
ny,B,"Yeah/UH ,/,","Yeah, /"
ny,B,yeah/UH ./.,yeah. /
sd,B,"Uh/UH ,/, and/CC ,/, um/UH ,/, but/CC I/PRP have/VBP been/VBN amazed/VBN","{F Uh, } <throat_clearing> {C and, } {F um, } {C but } I have been amazed /"
sd,B,"and/CC ,/, and/CC in/IN talking/VBG with/IN ,/, uh/UH ,/, some/DT of/IN my/PRP$ fellow/NN students/NNS ,/, it/PRP looks/VBZ as/IN though/RB ,/, um/UH ,/, nursing/NN homes/NNS are/VBP not/RB going/VBG to/TO be/VB the/DT only/JJ option/NN any/GW more/RB","[ {C and, } + {C and } ] in talking with, {F uh, } some of my fellow students, it looks as though, {F um, } nursing homes are not going to be the only option any more /"
sd,B,"and/CC ,/, uh/UH ,/, in/IN twenty/CD years/NNS ./. Uh/UH ,/, where/WRB a/DT lot/NN of/IN students/NNS are/VBP hoping/VBG ,/, uh/UH ,/, to/TO work/VB as/IN an/DT in/NN the/DT home/NN type/NN ,/, uh/UH ,/, uh/UH ,/, approach/NN ,/, where/WRB ,/, where/WRB the/DT ,/, uh/UH ,/, where/WRB there/EX 's/BES ,/, you/PRP know/VBP ,/, the/DT speech/NN therapist/NN ,/, or/CC whether/IN it/PRP 's/BES a/DT nursing/NN specialist/NN or/CC someone/NN plans/VBZ to/TO ,/, uh/UH ,/, work/VB out/IN of/IN a/DT family/NN 's/POS home/NN and/CC take/VB the/DT responsibility/NN away/RB from/IN the/DT family/NN but/CC yet/RB allow/VB the/DT ,/, the/DT loved/JJ one/NN to/TO stay/VB ,/, you/PRP know/VBP ,/, at/IN home/NN --/:","{C and, } {F uh, } <throat_clearing> in twenty years. {F Uh, } where a lot of students are hoping, {F uh, } to work as an in the home type, {F uh, } {F uh, } approach, [ [ where, + where ] the, + {F uh, } where there's, ] {D you know, } the speech therapist, or whether it's a nursing specialist or someone plans to, {F uh, } work out of a family's home and take the responsibility away from the family but yet allow [ the, + the ] loved one to stay, {D you know, } at home --"
b,A,Uh-huh/UH ./.,Uh-huh. /
+,B,--/: with/IN the/DT family/NN members/NNS ./.,-- with the family members. /
sd,B,"Uh/UH ,/, it/PRP 's/BES ,/, it/PRP 's/BES difficult/JJ for/IN many/JJ families/NNS ,/, especially/RB in/IN the/DT case/NN of/IN ,/, uh/UH ,/, of/IN Alzheimer/NNP 's/POS and/CC ,/, and/CC ,/, uh/UH ,/, some/DT of/IN the/DT more/RBR degenerative/JJ diseases/NNS to/TO ,/, uh/UH ,/, say/UH ,/, uh/UH ,/, uh/UH ,/, leave/VB them/PRP ,/, to/TO have/VB them/PRP at/IN home/NN ,/, because/IN then/RB the/DT family/NN becomes/VBZ completely/RB ,/, uh/UH --/:","{F Uh, } [ it's, + it's ] difficult for many families, especially in the case [ of, + {F uh, } of ] Alzheimer's [ and, + and, ] {F uh, } some of the more degenerative diseases to, {F uh, } {D say, } {F uh, } {F uh, } [ leave them, + to have them ] at home, because then the family becomes completely, {F uh } -- -/"
sv,A,They/PRP 're/VBP captive/JJ ./.,They're captive. /
aa,B,--/: exactly/UH ./.,-- exactly. /
b,B,"Yeah/UH ,/,","Yeah, /"
qy,B,"and/CC ,/, and/CC did/VBD ,/, did/VBD you/PRP experience/VB that/DT with/IN your/PRP$ ,/, with/IN your/PRP$ father/NN or/CC not/RB ?/.","[ {C and, } + {C and } ] [ did, + did ] you experience that [ with your, + with your ] father or not? /"
sd,A,"Uh/UH ,/, we/PRP had/VBD a/DT ,/, at/IN one/CD stage/NN we/PRP had/VBD care/NN somewhat/RB like/IN ,/, like/IN what/WP you/PRP 're/VBP talking/VBG about/RB ./.","{F Uh, } [ we had a, + at one stage we had ] care somewhat [ like, + like ] what you're talking about. /"
sd,A,We/PRP had/VBD the/DT Visiting/NNP Nurses/NNP program/NN --/:,We had the Visiting Nurses program -- /
b,B,Uh-huh/UH ./.,Uh-huh. /
sd,A,"--/: and/CC they/PRP sent/VBD somebody/NN in/IN ,/,","-- {C and } they sent somebody in, /"
sd,A,"and/CC it/PRP ,/, it/PRP was/VBD a/DT ,/, a/DT nominal/JJ charge/NN that/IN this/DT ,/, uh/UH ,/, it/PRP started/VBD out/RP that/IN the/DT lady/NN would/MD come/VB in/RB I/PRP think/VBP three/CD times/NNS a/DT week/NN and/CC eventually/RB got/VBD up/IN to/IN the/DT point/NN where/WRB they/PRP were/VBD coming/VBG by/RP every/DT day/NN ./.","{C and } [ it, + it ] was [ a, + a ] nominal charge that [ this, + ] {F uh, } it started out that the lady would come in I think three times a week and eventually got up to the point where they were coming by every day. /"
b,B,Yeah/UH ./.,Yeah. /
sd,A,They/PRP would/MD try/VB to/TO get/VB him/PRP to/TO exercise/VB ./.,They would try to get him to exercise. /
sd,A,"They/PRP would/MD try/VB to/TO ,/, uh/UH ,/, you/PRP know/VBP ,/,","They would try to, {F uh, } {D you know, } - /"
sd,A,"they/PRP would/MD check/VB him/PRP over/RP to/IN ,/, to/IN ,/, you/PRP know/VBP ,/, the/DT basic/JJ checks/NNS ./.","they would check him over [ to, + to, ] {D you know, } the basic checks. /"
sd,A,Try/VB to/TO get/VB him/PRP to/TO talk/VB and/CC be/VB motivated/JJ --/:,Try to get him to talk and be motivated -- /
b,B,Uh-huh/UH ./.,Uh-huh. /
sd,A,"--/: and/CC ,/, uh/UH ,/, that/DT 's/BES what/WP we/PRP went/VBD through/RB ./.","-- {C and, } {F uh, } that's what we went through. /"
sd,A,"Uh/UH ,/, up/IN to/IN a/DT point/NN things/NNS seemed/VBD to/TO be/VB working/VBG ,/,","{F Uh, } up to a point things seemed to be working, /"
sd,A,"and/CC then/RB ,/, uh/UH ,/, I/PRP think/VBP ,/, he/PRP ,/, he/PRP became/VBD discouraged/JJ --/:","{C and then, } {F uh, } I think, [ he, + he ] became discouraged -- /"
b,B,Right/UH ./.,Right. /
sd,A,"--/: and/CC they/PRP did/VBD not/RB know/VB how/WRB to/TO take/VB care/NN of/IN that/DT ,/,","-- {C and } they did not know how to take care of that, /"
sv,A,"and/CC then/RB ,/, um/UH ,/, at/IN that/DT point/NN I/PRP think/VBP it/PRP 's/BES mostly/RB a/DT psychological/JJ problem/NN ./.","{C and then, } {F um, } at that point I think it's mostly a psychological problem. /"
b,B,Oh/UH ./.,Oh. /
aa,A,"And/CC ,/, uh/UH ,/, but/CC ,/, yes/UH ,/,","{C And, } {F uh, } {C but, } yes, /"
sd,A,I/PRP agree/VBP there/EX 's/BES a/DT lot/NN of/IN options/NNS ./.,I agree there's a lot of options. /
sv,A,There/EX could/MD be/VB a/DT lot/NN of/IN options/NNS ./.,There could be a lot of options. /
b,B,Uh-huh/UH ./.,Uh-huh. /
sv,A,"I/PRP think/VBP it/PRP 's/BES time/NN that/IN ,/, uh/UH ,/, we/PRP decide/VBP to/TO do/VB something/NN about/IN it/PRP ./.","I think it's time that, {F uh, } we decide to do something about it. /"
b,B,Yeah/UH ./.,Yeah. /
%,A,Um/UH ./.,{F Um. } /
aa,B,Definitely/UH ./.,Definitely. /
sd,B,"You/PRP know/VBP ,/, one/CD of/IN the/DT other/JJ subjects/NNS on/IN the/DT switchboard/NN ,/, and/CC this/DT is/VBZ one/CD that/WDT I/PRP 've/VBP been/VBN thinking/VBG applies/VBZ here/RB ,/, uh/UH ,/, where/WRB ,/, where/WRB ,/, uh/UH ,/, young/JJ ,/, young/JJ kids/NNS ,/, uh/UH ,/, graduating/VBG from/IN high/JJ school/NN ,/, whether/IN they/PRP should/MD do/VB a/DT community/NN service/NN type/NN work/NN ./.","{D You know, } one of the other subjects on the switchboard, and this is one that I've been thinking applies here, {F uh, } <throat_clearing> [ where, + where, ] {F uh, } young, young kids, {F uh, } graduating from high school, whether they should do a community service type work. /"
sv,B,"This/DT would/MD be/VB an/DT excellent/JJ example/NN of/IN some/DT where/WRB ,/, uh/UH ,/, some/DT place/NN where/WRB ,/, um/UH ,/, the/DT community/NN could/MD be/VB more/RBR involved/JJ ,/, you/PRP know/VBP ,/, more/JJR than/IN just/RB leaving/VBG it/PRP only/RB to/IN professionals/NNS ./.","This would be an excellent example of [ some where, + {F uh, } some place ] where, {F um, } the community could be more involved, {D you know, } more than just leaving it only to professionals. /"
sv,B,"There/EX is/VBZ a/DT lot/NN the/DT community/NN ,/, the/DT community/NN can/MD do/VB to/TO ,/, uh/UH ,/, enhance/VB the/DT ,/, or/CC ,/, or/CC assist/VB the/DT lives/NNS of/IN those/DT who/WP are/VBP keeping/VBG a/DT loved/JJ one/NN at/IN home/NN ./.","There is a lot [ the community, + the community ] can do to, {F uh, } [ enhance the, + [ or, + or ] assist ] the lives of those who are keeping a loved one at home. /"
sd,A,I/PRP suppose/VBP at/IN one/CD time/NN the/DT church/NN would/MD fulfill/VB this/DT need/NN ./.,I suppose at one time the church would fulfill this need. /
sv,B,Possibly/RB before/RB ./.,Possibly before. /
sd,B,I/PRP do/VBP n't/RB know/VB now/RB ./.,I don't know now. /
b,A,"Yeah/UH ,/,","Yeah, /"
sv,A,"the/DT church/NN or/CC synagogue/NN ,/, whatever/WDT --/:","the church or synagogue, whatever --"
b,B,Uh-huh/UH ./.,Uh-huh. /
+,A,"--/: because/IN typically/RB these/DT were/VBD close/RB knit/JJ groups/NNS at/IN one/CD time/NN ,/,","-- because typically these were close knit groups at one time, /"
sv,A,"but/CC in/IN today/NN 's/POS large/JJ metropolitan/JJ areas/NNS ,/, or/CC even/RB in/IN most/RBS ,/, even/RB ,/, even/RB the/DT rural/JJ areas/NNS now/RB ,/, people/NNS are/VBP not/RB quite/RB as/RB close/JJ as/IN they/PRP once/RB were/VBD ./.","{C but } in today's large metropolitan areas, or [ even in most, + [ even, + even ] the rural areas ] now, people are not quite as close as they once were. /"
aa,B,Huh-uh/UH ./.,Huh-uh. /
sv,A,"Uh/UH ,/, the/DT mobility/NN factor/NN ,/, the/DT factor/NN that/IN ,/, uh/UH ,/, oh/UH ,/, we/PRP 're/VBP living/VBG longer/RBR and/CC people/NNS are/VBP less/RBR trusting/JJ ,/, all/PDT these/DT things/NNS tend/VBP to/TO destroy/VB this/DT type/NN of/IN system/NN ./.","{F Uh, } the mobility factor, the factor that, {F uh, } {F oh, } we're living longer and people are less trusting, all these things tend to destroy this type of system. /"
sd,A,"But/CC I/PRP agree/VBP with/IN you/PRP ,/,","{C But } I agree with you, /"
sv,A,there/EX might/MD be/VB some/DT possibilities/NNS there/RB ./.,there might be some possibilities there. /
b,B,Uh-huh/UH ./.,Uh-huh. /
sv,A,Although/IN dealing/VBG with/IN geriatrics/NNS is/VBZ something/NN a/DT lot/NN of/IN young/JJ people/NNS just/RB are/VBP n't/RB emotionally/RB prepared/JJ to/TO do/VB ./.,Although dealing with geriatrics is something a lot of young people just aren't emotionally prepared to do. /
aa,B,I/PRP agree/VBP ./.,I agree. /
sv,B,"That/DT 's/BES a/DT ,/, that/DT 's/BES a/DT good/JJ point/NN ./.","[ That's a, + that's a ] good point. /"
sv,A,I/PRP think/VBP they/PRP would/MD have/VB to/TO have/VB some/DT training/NN ./.,I think they would have to have some training. /
