act_tag,speaker,pos,text
"fo_o_fw_""_by_bc",A,Okay/UH ./.,Okay. /
sv,A,"Uh/UH ,/, far/RB as/IN ,/, you/PRP know/VBP ,/, crime/NN in/IN the/DT cities/NNS ,/, I/PRP 'm/VBP sure/JJ ,/, like/IN in/IN yours/PRP it/PRP 's/BES pretty/RB ,/, pretty/RB bad/JJ ./.","{F Uh, } far as, {D you know, } crime in the cities, I'm sure, like in yours it's [ pretty, + pretty ] bad. /"
sv,A,"Uh/UH ,/, probably/RB the/DT biggest/JJS thing/NN we/PRP 've/VBP got/VBN going/VBG now/RB is/VBZ the/DT robberies/NNS","{F Uh, } probably the biggest thing we've got going now is the robberies /"
sv,A,and/CC theft/NN and/CC probably/RB murder/NN --/:,and theft and probably murder --
b,B,Uh-huh/UH ./.,Uh-huh. /
+,A,--/: are/VBP the/DT two/CD top/JJ ones/NNS that/WDT we/PRP have/VBP ./.,-- are the two top ones that we have. /
qo,A,How/WRB about/IN you/PRP ?/.,How about you? /
h,B,"Uh/UH ,/, well/UH ,/, I/PRP do/VBP n't/RB actually/RB live/VB in/IN the/DT city/NN ,/,","{F Uh, } {D well, } I don't actually live in the city, /"
aap_am,B,but/CC I/PRP 'd/MD probably/RB say/VB that/DT 's/BES roughly/RB right/JJ ./.,{C but } I'd probably say that's roughly right. /
sv,B,"I/PRP mean/VBP crimes/NNS against/IN property/NN seem/VBP to/TO outnumber/VB crimes/NNS against/IN life/NN ,/,","{E I mean } crimes against property seem to outnumber crimes against life, /"
sv,B,"but/CC I/PRP ,/, I/PRP think/VBP with/IN the/DT current/JJ war/NN on/IN drugs/NNS and/CC all/PDT this/DT kind/NN of/IN stuff/NN I/PRP 'd/MD say/VB probably/RB the/DT police/NN department/NN would/MD claim/VB the/DT number/NN one/CD crimes/NNS ,/, crimes/NNS are/VBP probably/RB solicitation/NN of/IN prostitution/NN ,/, uh/UH ,/, and/CC sale/NN of/IN drugs/NNS ./.","{C but } [ I, + I ] think with the current war on drugs and all this kind of stuff I'd say probably the police department would claim the number one [ crimes, + crimes ] are probably solicitation of prostitution, {F uh, } and sale of drugs. /"
aa,A,Uh-huh/UH ./.,Uh-huh. /
sv,A,"Prob-/RB ,/, probably/RB right/JJ ,/, if/IN you/PRP look/VBP at/IN it/PRP from/IN that/DT stand/GW point/^NN ./.","[ Prob-, + probably ] right, if you look at it from that stand point. /"
b,B,Uh-huh/UH ./.,Uh-huh. /
%,A,"What/WP ,/, uh/UH ,/,","What, {F uh, } - /"
qy,A,"is/VBZ there/EX anything/NN ,/, uh/UH ,/, that/WDT you/PRP particularly/RB are/VBP concerned/JJ with/IN in/IN your/PRP$ particular/JJ area/NN as/RB far/RB as/IN security/NN and/CC that/DT sort/NN of/IN thing/NN ?/.","is there anything, {F uh, } that you particularly are concerned with in your particular area as far as security and that sort of thing? /"
sd,B,"Uh/UH ,/, where/WRB I/PRP live/VBP now/RB it/PRP 's/BES ,/, it/PRP 's/BES not/RB so/RB bad/JJ ./.","{F Uh, } where I live now [ it's, + it's ] not so bad. /"
sd,B,I/PRP mean/VBP I/PRP can/MD basically/RB leave/VB my/PRP$ front/JJ door/NN unlocked/JJ and/CC not/RB have/VB to/TO worry/VB about/IN it/PRP ./.,{E I mean } I can basically leave my front door unlocked and not have to worry about it. /
sd,B,"Uh/UH ,/, but/CC I/PRP do/VBP have/VB friends/NNS that/WDT live/VBP in/IN the/DT city/NN","{F Uh, } {C but } I do have friends that live in the city /"
sv,B,"and/CC I/PRP think/VBP that/IN they/PRP get/VBP a/DT lot/NN of/IN fallout/NN from/IN this/DT war/NN on/IN drug/NN thing/NN ./. Uh/UH ,/, just/RB because/IN there/EX are/VBP ,/, like/UH ,/, crack/NN houses/NNS ,/, you/PRP know/VBP ,/, on/IN their/PRP$ street/NN and/CC stuff/NN like/IN this/DT ./.","{C and } I think that they get a lot of fallout from this war on drug thing. {F Uh, } just because there are, {D like, } crack houses, {D you know, } on their street and stuff like this. /"
b,A,Uh-huh/UH ./.,Uh-huh. /
qy,A,"Do/VBP you/PRP live/VB in/IN a/DT real/RB small/JJ town/NN or/CC ,/, or/CC out/IN in/IN the/DT country/NN ?/.","Do you live in a real small town [ or, + or ] out in the country? /"
sd,B,"I/PRP live/VBP out/IN in/IN the/DT country/NN ,/,","I live out in the country, /"
%,B,yeah/UH ./.,yeah. /
qw,A,"How/WRB far/RB out/IN from/IN the/DT city/NN ,/, I/PRP mean/VBP ,/, do/VBP you/PRP ,/,","How far out from the city, {E I mean, } do you, -/"
sd,B,I/PRP 'm/VBP about/RB fifteen/CD miles/NNS out/RB ./.,I'm about fifteen miles out. /
b^m,A,About/RB fifteen/CD miles/NNS ./.,About fifteen miles. /
sd,A,"I/PRP live/VBP in/IN a/DT little/JJ suburb/NN ,/, uh/UH ,/, which/WDT is/VBZ ,/, I/PRP guess/VBP from/IN Dallas/NNP is/VBZ twelve/CD miles/NNS or/CC so/RB --/:","I live in a little suburb, {F uh, } which [ is, + I guess from Dallas is ] twelve miles or so -- /"
b,B,Uh-huh/UH ./.,Uh-huh. /
sd,A,--/: but/CC it/PRP 's/BES pretty/RB congested/JJ ./.,-- {C but } it's pretty congested. /
sd,A,"We/PRP are/VBP considered/VBN in/IN the/DT country/NN ,/,","We are considered in the country, /"
%,B,Um/UH ./.,{F Um. } /
sv,A,but/CC it/PRP does/VBZ n't/RB really/RB feel/VB like/IN you/PRP 're/VBP in/IN the/DT country/NN ./.,{C but } it doesn't really feel like you're in the country. /
%,B,Um/UH ./.,{F Um. } /
sv,A,"Our/PRP$ major/JJ crimes/NNS in/IN our/PRP$ immediate/JJ town/NN ,/, uh/UH ,/, is/VBZ probably/RB robberies/NNS ,/, house/NN robberies/NNS --/:","Our major crimes in our immediate town, {F uh, } is probably [ robberies, + house robberies -- ]"
b,B,Uh-huh/UH ./.,Uh-huh. /
+,A,"--/: and/CC very/RB few/JJ instances/NNS of/IN ,/, you/PRP know/VBP ,/, alcohol/NN ,/, drugs/NNS ,/, uh/UH ,/, reported/VBN ./.","-- and very few instances of, {D you know, } alcohol, drugs, {F uh, } reported. /"
sv,A,"However/RB ,/, I/PRP 'm/VBP sure/JJ they/PRP 're/VBP there/RB ./.","However, I'm sure they're there. /"
b,B,Uh-huh/UH ./.,Uh-huh. /
sd,A,"But/CC ,/, uh/UH ,/, right/RB now/RB our/PRP$ neighborhood/NN is/VBZ running/VBG about/RB ,/, uh/UH ,/, eighty/CD percent/NN of/IN the/DT homeowners/NNS have/VBP been/VBN robbed/VBN ,/,","{C But, } {F uh, } right now our neighborhood is running about, {F uh, } eighty percent of the homeowners have been robbed,"
ba,B,Wow/UH ./.,Wow. /
+,A,"sometime/RB during/IN their/PRP$ ,/, their/PRP$ ,/, uh/UH ,/, existence/NN in/IN that/DT neighborhood/NN ./.","sometime during [ their, + their, ] {F uh, } existence in that neighborhood. /"
sv,B,That/DT 's/BES huge/JJ ./.,(( That's huge )) . /
sd,A,"And/CC since/IN that/DT time/NN everybody/NN 's/HVS got/VBN some/DT sort/NN of/IN burglar/NN system/NN or/CC ,/, you/PRP know/VBP ,/, uh/UH ,/, burglar/NN alarms/NNS --/:","{C And } since that time everybody's got some sort of burglar system or, {D you know, } {F uh, } burglar alarms --"
b,B,Uh-huh/UH ./.,Uh-huh. /
+,A,"--/: uh/UH ,/, and/CC including/VBG the/DT out/JJ ,/, uh/UH ,/, the/DT outer/JJ perimeter/NN type/NN ,/, uh/UH ,/, devices/NNS ,/,","-- {F uh, } and including [ the out, + {F uh, } the outer ] perimeter type, {F uh, } devices,"
b,B,Uh-huh/UH ./.,Uh-huh. /
+,A,sensors/NNS and/CC things/NNS like/IN that/DT ./.,sensors and things like that. /
sd,A,"It/PRP 's/HVS cut/VBN back/RB ,/, you/PRP know/VBP ,/, considerably/RB ,/,","It's cut back, {D you know, } considerably, /"
sv,A,"but/CC it/PRP ,/, it/PRP just/RB shifts/VBZ it/PRP from/IN our/PRP$ neighborhood/NN to/IN another/DT neighborhood/NN to/IN other/JJ neighborhood/NN ,/,","{C but } [ it, + it ] just shifts it from our neighborhood to another neighborhood to other neighborhood, /"
sv,A,"so/RB it/PRP still/RB ,/, uh/UH ,/, remains/VBZ city/NN wide/RB ,/, pretty/RB ,/, pretty/RB high/JJ ./.","{C so } it still, {F uh, } remains city wide, [ pretty, + pretty ] high. /"
qy,B,"Are/VBP there/EX ,/, are/VBP there/EX any/DT theories/NNS on/IN why/WRB this/DT is/VBZ happening/VBG ?/.","[ Are there, + are there ] any theories on why this is happening? /"
sv,A,"Uh/UH ,/, I/PRP would/MD say/VB the/DT majority/NN of/IN it/PRP 's/BES happening/VBG during/IN the/DT day/NN ,/, uh/UH ,/, between/IN probably/RB ten/CD in/IN the/DT morning/NN and/CC three/CD in/IN the/DT afternoon/NN ./.","{F Uh, } I would say the majority of it's happening during the day, {F uh, } between probably ten in the morning and three in the afternoon. /"
b,B,Uh-huh/UH ./.,Uh-huh. /
%,A,"Most/JJS ,/,","Most, -/"
qw,B,But/CC why/WRB ?/.,{C But } why? /
qw,B,Why/WRB is/VBZ it/PRP happening/VBG ?/.,Why is it happening? /
sd,A,"Well/UH ,/, most/JJS families/NNS ,/, most/JJS families/NNS are/VBP young/JJ","{D Well, } [ most families, + most families ] are young /"
sd,A,and/CC both/DT people/NNS are/VBP working/VBG ./.,{C and } both people are working. /
b,B,Uh-huh/UH ./.,Uh-huh. /
sd,A,So/RB they/PRP 're/VBP happening/VBG during/IN the/DT hours/NNS they/PRP 're/VBP gone/VBN from/IN work/NN ./.,{C So } they're happening during the hours they're gone from work. /
b,B,Uh-huh/UH ./.,Uh-huh. /
sv,A,"Uh/UH ,/, so/RB ,/, uh/UH ,/, I/PRP would/MD say/VB that/DT 's/BES probably/RB their/PRP$ prime/JJ motivation/NN ./.","{F Uh, } {C so, } {F uh, } I would say that's probably their prime motivation. /"
sv,A,"They/PRP 'll/MD ,/, they/PRP 'll/MD stock/^VB your/PRP$ house/NN and/CC ,/, uh/UH ,/, look/VB at/IN your/PRP$ pattern/NN and/CC then/RB go/VB from/IN there/RB ./.","[ They'll, + they'll ] stock your house and, {F uh, } look at your pattern and then go from there. /"
qy^d,B,So/RB they/PRP 're/VBP professionals/NNS ?/.,{C So } they're professionals? /
na,A,"Uh/UH ,/, they/PRP classify/VBP most/JJS of/IN them/PRP as/IN professionals/NNS ./.","{F Uh, } they classify most of them as professionals. /"
%,B,Um/UH ./.,{F Um. } /
sd,A,"Uh/UH ,/, you/PRP get/VBP a/DT few/NN of/IN them/PRP that/WDT are/VBP a/DT little/JJ bit/NN sloppier/JJR ,/, uh/UH ,/, just/RB taking/VBG ,/, uh/UH ,/, you/PRP know/VBP ,/, just/RB junk/NN items/NNS that/WDT they/PRP ,/, they/PRP can/MD just/RB get/VB ,/, you/PRP know/VBP ,/, ten/CD to/IN twenty/CD bucks/NNS for/IN real/RB quick/RB ./.","{F Uh, } you get a few of them that are a little bit sloppier, {F uh, } just taking, {F uh, } {D you know, } just junk items that [ they, + they ] can just get, {D you know, } ten to twenty bucks for real quick. /"
b,B,Uh-huh/UH ./.,Uh-huh. /
sv,A,"Probably/RB the/DT biggest/JJS items/NNS that/WDT ,/, uh/UH ,/, that/WDT you/PRP get/VBP in/IN our/PRP$ neighborhood/NN ,/, or/CC ,/, would/MD be/VB the/DT high/RB classed/VBN automobiles/NNS ,/,","Probably the biggest items [ that, + {F uh, } that ] you get in our neighborhood, [ or, + ] would be the high classed automobiles, /"
sd,A,"the/DT ,/, you/PRP know/VBP ,/, Mercedes/NNPS ,/, Volvos/NNPS ,/, things/NNS that/WDT they/PRP can/MD get/VB ,/, you/PRP know/VBP ,/, big/JJ dollars/NNS for/IN --/:","the, {D you know, } Mercedes, Volvos, things that they can get, {D you know, } big dollars for --"
b,B,Uh-huh/UH ./.,Uh-huh. /
+,A,"--/: and/CC the/DT jewelry/NN are/VBP the/DT major/JJ targets/NNS ,/,","-- and the jewelry are the major targets, /"
sd,A,"guns/NNS ,/, that/DT sort/NN of/IN stuff/NN ./.","guns, that sort of stuff. /"
%,B,Um/UH ./.,{F Um. } /
sd,A,"Very/RB few/JJ ,/, you/PRP know/VBP ,/, penny/NN ,/, penny/NN ante/NN stuff/NN ./.","Very few, {D you know, } [ penny, + penny ] ante stuff. /"
qw,B,"Well/UH ,/, what/WP do/VBP you/PRP think/VB can/MD be/VB done/VBN to/TO reduce/VB that/DT sort/NN of/IN crime/NN ?/.","{D Well, } what do you think can be done to reduce that sort of crime? /"
sv,A,"Well/UH ,/, uh/UH ,/, the/DT police/NN force/NN ,/, for/IN one/CD ,/,","{D Well, } {F uh, } the police force, for one, /"
sv,A,"I/PRP think/VBP they/PRP could/MD ,/, uh/UH ,/, definitely/RB add/VB to/IN the/DT police/NN force/NN and/CC the/DT type/NN equipment/NN that/WDT they/PRP use/VBP ./.","I think they could, {F uh, } definitely add to the police force and the type equipment that they use. /"
%,A,"Uh/UH ,/, it/PRP 's/BES ,/,","{F Uh, } it's, /"
sv,A,"oh/UH ,/, right/RB now/RB I/PRP think/VBP ,/, we/PRP are/VBP about/RB thirty/CD thousand/CD people/NNS","{F oh, } right now I think, we are about thirty thousand people /"
sd,A,"and/CC there/EX 's/BES only/RB eight/CD officers/NNS that/WDT patrol/VBP for/IN thirty/CD ,/,","{C and } there's only eight officers that patrol [ for thirty, +"
b,B,Uh-huh/UH ./.,Uh-huh. /
+,A,for/IN that/DT amount/NN of/IN people/NNS --/:,for that amount ] of people --
b,B,Uh-huh/UH ./.,Uh-huh. /
+,A,--/: which/WDT is/VBZ not/RB very/RB many/JJ ./.,-- which is not very many. /
b,B,Right/UH ./.,Right. /
%,A,"And/CC ,/,","{C And, } -/"
sv,B,"But/CC ,/, I/PRP mean/VBP ,/, that/DT 's/BES going/VBG to/TO tend/VB to/TO ,/,","{C But, } {E I mean, } that's going to tend to, - /"
sv,B,"I/PRP mean/VBP it/PRP seems/VBZ to/IN me/PRP that/DT sort/NN of/IN approach/NN will/MD tend/VB to/TO simply/RB make/VB the/DT cost/NN of/IN committing/VBG the/DT crime/NN slightly/RB higher/JJR ,/,","{E I mean } it seems to me that sort of approach will tend to simply make the cost of committing the crime slightly higher <ringing>, /"
sv,B,"in/IN other/JJ words/NNS ,/, you/PRP 've/VBP increased/VBN the/DT probability/NN of/IN somebody/NN being/VBG caught/VBN a/DT little/JJ bit/NN ./.","in other words, you've increased the probability of somebody being caught a little bit. /"
sv,B,The/DT real/JJ question/NN is/VBZ how/WRB do/VBP you/PRP convince/VB people/NNS not/RB to/TO commit/VB such/JJ crimes/NNS in/IN the/DT first/JJ place/NN ./.,The real question is how do you convince people not to commit such crimes in the first place. /
%,A,"Well/UH ,/, the/DT ,/,","{D Well, } the, - /"
sd,A,"course/NN in/IN our/PRP$ particular/JJ state/NN ,/, uh/UH ,/, we/PRP have/VBP the/DT prison/NN overcrowding/NN ,/, whatever/WP ,/,","course in our particular state, {F uh, } we have the prison overcrowding, whatever, /"
sd,A,"so/RB they/PRP 're/VBP giving/VBG the/DT early/JJ release/NN ,/, uh/UH ,/,","{C so } they're giving the early release, {F uh, } /"
b,B,Right/UH ./.,Right. /
sd,B,"They/PRP 're/VBP doing/VBG that/DT in/IN our/PRP$ state/NN ,/, too/RB ./.","They're doing that in our state, too. /"
b,A,"Yeah/UH ,/,","Yeah, /"
%,A,"and/CC ,/, and/CC it/PRP 's/BES ,/,","[ {C and, } + {C and } ] it's, - /"
sd,A,"I/PRP think/VBP what/WP they/PRP need/VBP to/TO do/VB is/VBZ stop/VB building/VBG more/JJR jails/NNS and/CC start/VB giving/VBG stiffer/JJR sentences/NNS ,/, uh/UH ,/,","I think what they need to do is stop building more jails and start giving stiffer sentences, {F uh, } /"
%,A,"but/CC for/IN the/DT ,/,","{C but } for the, -/"
qy,B,So/RB you/PRP think/VBP that/DT would/MD be/VB a/DT deterrent/NN ?/.,{C So } you think that would be a deterrent? /
na,A,"That/DT would/MD be/VB ,/, certainly/RB be/VB a/DT deterrent/NN ./.","That would [ be, + certainly be ] a deterrent. /"
b,B,Uh-huh/UH ./.,Uh-huh. /
sv,A,"And/CC ,/, uh/UH ,/, not/RB necessarily/RB ,/, you/PRP know/VBP ,/, give/VB in/RP to/IN their/PRP$ ,/, uh/UH ,/, human/JJ rights/NNS desires/NNS ./.","{C And, } {F uh, } not necessarily, {D you know, } give in to their, {F uh, } human rights desires. /"
ad,A,"You/PRP know/VBP ,/, if/IN they/PRP 're/VBP overcrowded/JJ ,/, just/RB keep/VB cramming/VBG them/PRP in/IN there/RB till/IN they/PRP just/RB suffocate/VBP ./. Uh/UH ,/,","{D You know, } if they're overcrowded, just keep cramming them in there till they just suffocate. {F Uh, } /"
qw,B,"Well/UH ,/, what/WP about/IN an/DT innocent/JJ person/NN who/WP happens/VBZ to/TO have/VB been/VBN found/VBN guilty/JJ ?/.","{D Well, } what about an innocent person who happens to have been found guilty? /"
sv,A,"Uh/UH ,/, I/PRP think/VBP they/PRP 'd/MD have/VB to/TO go/VB to/IN extra/JJ measures/NNS to/TO make/VB sure/JJ a/DT person/NN 's/BES guilty/JJ ,/, you/PRP know/VBP ,/, in/IN a/DT lot/NN of/IN cases/NNS ./.","{F Uh, } I think they'd have to go to extra measures to make sure a person's guilty, {D you know, } in a lot of cases. /"
sv,A,"Course/NN ,/, I/PRP ,/, I/PRP know/VBP you/PRP ca/MD n't/RB be/VB a/DT hundred/CD percent/NN foolproof/JJ ./.","Course, [ I, + I ] know you can't be a hundred percent foolproof. /"
b,B,Right/UH ./.,Right. /
%,A,"Uh/UH ,/,","{F Uh, } /"
bf,B,"So/RB you/PRP 'd/MD ,/, you/PRP 'd/MD rather/RB see/VB it/PRP harder/JJR to/TO convict/VB somebody/NN ./.","{C So } [ you'd, + you'd ] rather see it harder to convict somebody. /"
aa,A,"I/PRP 'd/MD rather/RB see/VB it/PRP a/DT little/JJ bit/NN harder/JJR and/CC have/VB a/DT little/JJ bit/NN more/JJR evidence/NN ,/,","I'd rather see it a little bit harder and have a little bit more evidence,"
b,B,Uh-huh/UH ./.,Uh-huh. /
+,A,"uh/UH ,/, to/TO convict/VB somebody/NN","{F uh, } to convict somebody /"
sd,A,"and/CC then/RB those/DT convicted/VBN ,/, especially/RB of/IN ,/, you/PRP know/VBP ,/, murder/NN and/CC ,/, and/CC ,/, uh/UH ,/, you/PRP know/VBP ,/, major/JJ crimes/NNS ,/,","{C and then } those convicted, especially of, {D you know, } murder [ and, + and, ] {F uh, } {D you know, } major crimes,"
b,B,Uh-huh/UH ./.,Uh-huh. /
+,A,"uh/UH ,/, to/TO reach/VB the/DT life/NN sentences/NNS and/CC ,/, you/PRP know/VBP ,/, death/NN penalties/NNS and/CC follow/VB through/RP with/IN that/DT ./.","{F uh, } to reach the life sentences and, {D you know, } death penalties and follow-through with that. /"
%,B,Huh/UH ./.,{F Huh. } /
sd,A,"Uh/UH ,/, especially/RB ,/, you/PRP know/VBP ,/, in/IN the/DT case/NN of/IN murder/NN --/:","{F Uh, } especially, {D you know, } in the case of murder -- /"
b,B,Right/UH ./.,Right. /
sd,A,"--/: uh/UH ,/, I/PRP know/VBP in/IN my/PRP$ case/NN ,/, I/PRP ,/, my/PRP$ wife/NN and/CC daughter/NN were/VBD kidnapped/VBN ,/,","-- {F uh, } I know in my case, [ I, + my wife and daughter ] were kidnapped,"
ba,B,"Oh/UH ,/, wow/UH ./.","{F Oh, } wow. /"
+,A,during/IN a/DT house/NN robbery/NN back/RB in/IN eighty-five/CD --/:,during a house robbery back in eighty-five -- /
ba,B,"Oh/UH ,/, my/PRP$ goodness/NN ./.","{F Oh, } my goodness. /"
sd,A,"--/: and/CC we/PRP caught/VBD ,/, the/DT individuals/NNS got/VBD caught/VBN ,/,","-- {C and } [ we caught, + the individuals got caught, ] /"
sd,A,"we/PRP ,/, uh/UH ,/,","[ we, + {F uh, }"
b,B,Uh-huh/UH ./.,Uh-huh. /
+,A,we/PRP went/VBD through/IN the/DT court/NN system/NN and/CC all/PDT that/DT sort/NN of/IN thing/NN,we ] went through the court system and all that sort of thing /
sd,A,"and/CC ,/, uh/UH ,/, you/PRP know/VBP ,/, two/CD counts/NNS of/IN kidnapping/NN ,/, uh/UH --/:","{C and, } {F uh, } {D you know, } two counts of kidnapping, {F uh } --"
b,B,Uh-huh/UH ./.,Uh-huh. /
+,A,"--/: you/PRP know/VBP ,/, the/DT ,/, the/DT forty-five/CD to/IN the/DT head/NN ,/, you/PRP know/VBP ,/, just/RB the/DT ,/, the/DT mental/JJ anguish/NN and/CC the/DT whole/JJ nine/CD yards/NNS --/:","-- {D you know, } [ the, + the ] forty-five to the head, {D you know, } just [ the, + the ] mental anguish and the whole nine yards --"
b,B,Right/UH ./.,Right. /
+,A,"--/: uh/UH ,/, you/PRP know/VBP ,/, the/DT guy/NN only/RB got/VBD five/CD years/NNS ./.","-- {F uh, } {D you know, } the guy only got five years. /"
ba,B,Wow/UH ./.,Wow. /
sd,A,"And/CC ,/, you/PRP know/VBP ,/, he/PRP was/VBD out/RB within/IN two/CD months/NNS because/IN of/IN the/DT parole/NN system/NN ./.","{C And, } {D you know, } he was out within two months because of the parole system. /"
%,A,"So/RB what/WP ,/, what/WP ,/,","{C So } [ what, + what, ] -/"
qy,B,"Did/VBD you/PRP ,/, did/VBD you/PRP sue/VB him/PRP under/IN the/DT civil/JJ system/NN ?/.","[ Did you, + did you ] sue him under the civil system? /"
br,A,Do/VB what/WP now/RB ?/.,Do what now? /
qy,B,Did/VBD you/PRP sue/VB him/PRP under/IN the/DT civil/JJ system/NN ?/.,Did you sue him under the civil system? /
nn,A,"N-/UH ,/, no/UH ./.","[ N-, + no. ] /"
sd,A,I/PRP 'm/VBP not/RB real/RB familiar/JJ with/IN that/DT ./.,I'm not real familiar with that. /
sv,B,"Well/UH ,/, you/PRP could/MD probably/RB sue/VB him/PRP for/IN mental/JJ anguish/NN or/CC something/NN ,/, right/UH ,/,","{D Well, } you could probably sue him for mental anguish or something, right,"
b,A,Oh/UH ./.,Oh. /
+,B,and/CC try/VB to/TO get/VB money/NN from/IN him/PRP,and try to get money from him /
%,B,"and/CC ,/,","{C and, } -/"
sd,A,"Well/UH ,/, the/DT insurance/NN companies/NNS and/CC all/PDT that/DT tried/VBD to/TO ,/, tried/VBD to/TO go/VB after/IN him/PRP","{D Well, } the insurance companies and all that [ tried to, + tried to ] go after him /"
sd,A,"and/CC they/PRP said/VBD ,/, well/UH ,/, you/PRP know/VBP ,/, he/PRP ,/, they/PRP 're/VBP ,/, he/PRP has/VBZ no/DT job/NN ,/,","{C and } they said, {D well, } {D you know, } [ [ he, + they're, ] + he ] has no job, /"
^q,A,"he/PRP has/VBZ nothing/NN ,/,","he has nothing, /"
^q,A,"there/EX 's/BES nothing/NN that/WDT he/PRP has/VBZ that/WDT ,/, that/WDT you/PRP could/MD go/VB after/IN ./.","there's nothing that he has [ that, + that ] you could go after. /"
b,B,Yeah/UH ./.,Yeah. /
sv,B,"Makes/VBZ you/PRP wish/VB that/IN had/VBD ,/, uh/UH ,/, still/RB had/VBD indentured/JJ servitude/NN ,/, for/IN this/DT sort/NN of/IN thing/NN ./.","Makes you wish that [ had, + {F uh, } still had ] indentured servitude, for this sort of thing. /"
aa,A,Yeah/UH ./.,Yeah. /
%,A,"Uh/UH ,/, very/RB seld-/RB ,/,","{F Uh, } very seld-, -/"
sd,B,But/CC they/PRP give/VBP the/DT guy/NN a/DT job/NN in/IN prison/NN and/CC make/VBP him/PRP pay/VB his/PRP$ damn/JJ debt/NN ./.,{C But } they give the guy a job in prison and make him pay his damn debt. /
b,A,Yeah/UH ./.,Yeah. /
sd,A,They/PRP do/VBP n't/RB do/VB that/DT here/RB ./.,They don't do that here. /
sd,A,"Course/NN they/PRP pay/VBP them/PRP ,/,","Course they pay them, /"
%,A,"but/CC they/PRP do/VBP n't/RB ,/, you/PRP do/VBP n't/RB ,/,","{C but } [ they don't, + you don't, ] - /"
sd,A,you/PRP or/CC the/DT insurance/NN companies/NNS never/RB see/VBP any/DT of/IN that/DT money/NN ./.,you or the insurance companies never see any of that money. /
b,B,"Yeah/UH ,/,","Yeah, /"
ba,B,that/DT 's/BES too/RB bad/JJ ./.,that's too bad. /
sd,A,"And/CC ,/, uh/UH ,/, you/PRP know/VBP ,/, and/CC they/PRP 're/VBP ,/, right/RB now/RB they/PRP 're/VBP reluctant/JJ to/TO go/VB after/IN him/PRP because/IN they/PRP 're/VBP ,/, you/PRP know/VBP ,/, they/PRP 're/VBP ,/, they/PRP 're/VBP repeat/JJ offenders/NNS ,/,","[ {C And, } + {F uh, } {D you know, } {C and } ] [ they're + <ringing>, right now they're ] reluctant to go after him because [ [ they're, + {D you know, } they're, ] + they're ] repeat offenders, /"
sd,A,"they/PRP ,/, uh/UH ,/, been/VBN in/IN jail/NN before/RB ,/,","they, {F uh, } been in jail before <ringing>, /"
b,B,"Uh-huh/UH ,/,","Uh-huh, /"
b,B,uh-huh/UH ./.,uh-huh. /
sv,A,"they/PRP 've/VBP been/VBN released/VBN ,/, you/PRP know/VBP ,/, several/JJ times/NNS ,/, which/WDT is/VBZ another/DT ,/,","they've been released, {D you know, } several times, which is another,"
b,B,Uh-huh/UH ./.,Uh-huh. /
+,A,"uh/UH ,/, deal/NN I/PRP hate/VBP to/TO see/VB ./.","{F uh, } deal I hate to see. /"
b,B,Uh-huh/UH ./.,Uh-huh. /
sd,A,"But/CC ,/, uh/UH ,/, you/PRP know/VBP ,/, basically/RB the/DT guy/NN commits/VBZ ,/, you/PRP know/VBP three/CD major/JJ crimes/NNS and/CC ,/, and/CC ,/, uh/UH ,/,","{C But, } {F uh, } {D you know, } basically the guy commits, {D you know } three major crimes [ [ and, + and, ] + {F uh, }"
b,B,"Yeah/UH ,/,","Yeah, /"
sv,B,"I/PRP ,/, I/PRP think/VBP that/DT 's/BES re-/XX ,/,","[ I, + I ] think that's re-, -/"
+,A,"and/CC car/NN theft/NN on/IN top/NN of/IN it/PRP ,/,","and ] car theft on top of it,"
b,B,Yeah/UH ./.,Yeah. /
+,A,"destroys/VBZ my/PRP$ car/NN ,/,","destroys my car, /"
b,B,Yeah/UH ./.,Yeah. /
sd,A,"and/CC we/PRP 're/VBP out/RB ,/, you/PRP know/VBP ,/, uh/UH ,/, you/PRP know/VBP ,/, fifteen/CD thousand/CD dollars/NNS","{C and } we're out, {D you know, } {F uh, } {D you know, } fifteen thousand dollars /"
sd,A,"and/CC ,/,","{C and, }"
ba,B,That/DT 's/BES awful/JJ ./.,That's awful <<faint>>. /
+,A,"you/PRP know/VBP ,/, the/DT guy/NN gets/VBZ out/RB in/IN two/CD months/NNS","{D you know, } the guy gets out in two months /"
sd,A,and/CC he/PRP goes/VBZ out/RB and/CC commits/VBZ it/PRP again/RB ./.,{C and } he goes out and commits it again. /
sd,A,"Fact/NN ,/, he/PRP 's/BES back/RB in/IN jail/NN now/RB ./.","Fact, he's back in jail now. /"
%,A,"So/RB ,/, what/WP ,/, what/WP ,/, uh/UH ,/,","{C So, } [ what, + what, ] {F uh, } -/"
sv,B,Gives/VBZ you/PRP sympathy/NN for/IN the/DT vigilantes/NNS ./.,Gives you sympathy for the vigilantes. /
aa,A,Yeah/UH ./.,Yeah. /
qh,A,"What/WDT ,/, what/WDT deterrent/NN does/VBZ he/PRP really/RB have/VB ?/.","[ What, + what ] deterrent does he really have? /"
b,B,Yeah/UH ./.,Yeah. /
b^m,A,"Yeah/UH ,/,","Yeah, /"
sv,A,"I/PRP think/VBP in/IN our/PRP$ ,/, in/IN our/PRP$ particular/JJ neighborhood/NN ,/, vigilantism/NN is/VBZ becoming/VBG a/DT real/JJ ,/, real/JJ possibility/NN ./.","I think [ in our, + in our ] particular neighborhood, vigilantism is becoming a [ real, + real ] possibility. /"
b,B,Uh-huh/UH ./.,Uh-huh. /
sd,A,"Uh/UH ,/, we/PRP 've/VBP had/VBN a/DT couple/NN instances/NNS where/WRB break/GW ins/^NNS where/WRB the/DT people/NNS have/VBP actually/RB ,/, you/PRP know/VBP ,/, shot/VBN the/DT people/NNS --/:","{F Uh, } we've had a couple instances where break ins where the people have actually, {D you know, } shot the people -- /"
ba,B,"Oh/UH ,/, my/PRP$ God/NNP ./.","{F Oh, } my God. /"
sd,A,"--/: and/CC ,/, uh/UH ,/, return/NN offenders/NNS have/VBP ,/,","-- {C and, } {F uh, } return offenders have, - /"
sd,A,"they/PRP 've/VBP actually/RB waited/VBN for/IN them/PRP ,/, where/WRB they/PRP 've/VBP robbed/VBN ,/, you/PRP know/VBP ,/, particular/JJ neighborhood/NN ,/,","they've actually waited for them, where they've robbed, {D you know, } particular neighborhood, /"
sd,A,"they/PRP 'll/MD rob/VB one/CD house/NN ,/,","they'll rob one house, /"
sd,A,"then/RB other/JJ people/NNS will/MD wait/VB up/RP ,/, you/PRP know/VBP ,/, and/CC wait/VB for/IN somebody/NN to/TO do/VB something/NN else/RB ,/, try/VB to/TO take/VB it/PRP in/IN their/PRP$ own/JJ hands/NNS ./.","then other people will wait up, {D you know, } and wait for somebody to do something else, try to take it in their own hands. /"
b,B,Right/UH ./.,Right. /
sd,A,Course/NN it/PRP does/VBZ n't/RB always/RB work/VB out/RP in/IN their/PRP$ favor/NN ./.,Course it doesn't always work out in their favor. /
b,B,Right/UH ./.,Right. /
sd,A,"But/CC ,/, uh/UH ,/, nevertheless/RB ,/,","{C But, } {F uh, } nevertheless,"
b,B,Uh-huh/UH ./.,Uh-huh. /
+,A,"I/PRP think/VBP people/NNS are/VBP just/RB getting/VBG fed/JJ up/RP and/CC saying/VBG ,/, you/PRP know/VBP ,/, you/PRP ca/MD n't/RB arrest/VB all/DT of/IN us/PRP ,/,","I think people are just getting fed up and saying, {D you know, } you can't arrest all of us, /"
^q,A,"you/PRP can/MD ,/,","[ you can, +"
b,B,Right/UH ./.,Right. /
+,A,"you/PRP know/VBP ,/, you/PRP can/MD get/VB some/DT of/IN us/PRP ,/,","{D you know, } you can ] get some of us, /"
^q,A,you/PRP ca/MD n't/RB get/VB all/DT of/IN us/PRP ./.,you can't get all of us. /
b,B,Uh-huh/UH ./.,Uh-huh. /
sd,A,"Uh/UH ,/, and/CC we/PRP 're/VBP beginning/VBG to/TO see/VB more/JJR and/CC more/JJR of/IN that/DT ./.","{F Uh, } {C and } we're beginning to see more and more of that. /"
sv,B,"And/CC that/DT ,/, that/DT 's/BES a/DT deterrent/NN ,/, too/RB ./. If/IN you/PRP think/VBP the/DT home/NN owner/NN might/MD be/VB armed/JJ ,/, right/UH ,/, and/CC awake/JJ --/:","{C And } [ that, + that's ] a deterrent, too. If you think the home owner might be armed, right, and awake -- /"
b,A,Yeah/UH ./.,Yeah. /
sd,B,"--/: here/RB you/PRP break/VBP in/RP ,/,","-- here you break in, /"
sd,B,and/CC you/PRP 're/VBP going/VBG to/TO get/VB shot/VBN ./.,{C and } you're going to get shot. /
b,A,"Yeah/UH ,/,","Yeah, /"
sv,A,"that/DT 's/BES ,/, I/PRP mean/VBP that/DT 's/BES certainly/RB a/DT possibility/NN in/IN ,/, in/IN ,/,","[ that's, + {E I mean } that's ] certainly a possibility [ in, + in, ] - /"
sd,A,"we/PRP have/VBP had/VBN a/DT few/JJ cases/NNS where/WRB the/DT guy/NN has/VBZ broken/VBN in/RP ,/, you/PRP know/VBP ,/, during/IN the/DT middle/NN of/IN the/DT night/NN and/CC gotten/VBN himself/PRP shot/VBN to/IN death/NN ./.","we have had a few cases where the guy has broken in, {D you know, } during the middle of the night and gotten himself shot to death. /"
b,B,Uh-huh/UH ./.,Uh-huh. /
sd,A,"And/CC ,/, uh/UH ,/, it/PRP helps/VBZ for/IN a/DT while/NN --/:","{C And, } {F uh, } it helps for a while -- /"
b,B,Uh-huh/UH ./.,Uh-huh. /
sd,A,"--/: but/CC then/RB just/RB another/DT different/JJ set/NN of/IN people/NNS come/VBP in/RB ,/,","-- {C but } then just another different set of people come in, /"
sd,A,"and/CC most/JJS of/IN the/DT people/NNS are/VBP transients/NNS from/IN out/NN ,/, outside/NN of/IN the/DT state/NN ./.","{C and } most of the people are transients from [ out, + outside ] of the state. /"
%,B,Huh/UH ./.,{F Huh. } /
sv,A,"Uh/UH ,/, I/PRP would/MD say/VB probably/RB eighty/CD percent/NN of/IN them/PRP that/WDT are/VBP caught/VBN ,/, they/PRP 're/VBP from/IN places/NNS like/IN up/IN in/IN Oklahoma/NNP ,/, and/CC Louisiana/NNP ,/, Arkansas/NNP ,/, you/PRP know/VBP ,/, across/IN the/DT ,/, the/DT border/NN ./.","{F Uh, } I would say probably eighty percent of them that are caught, they're from places like up in Oklahoma, and Louisiana, Arkansas, {D you know, } across [ the, + the ] border. /"
ba,B,"Wow/UH ,/,","Wow, /"
sd,A,"So/RB ,/, you/PRP know/VBP ,/, people/NNS who/WP do/VBP n't/RB readily/RB read/VB the/DT newspapers/NNS in/IN our/PRP$ town/NN or/CC whatever/WP --/:","{C So, } {D you know, } people who don't readily read the newspapers in our town or whatever -- /"
b,B,Uh-huh/UH ./.,Uh-huh. /
sv,A,--/: it/PRP 's/BES not/RB many/JJ from/IN the/DT local/JJ communities/NNS ./.,-- it's not many from the local communities. /
b,B,Uh-huh/UH ./.,Uh-huh. /
sv,A,"But/CC ,/, uh/UH ,/, it/PRP 's/BES a/DT problem/NN ,/,","{C But, } {F uh, } it's a problem, /"
sv,A,"and/CC I/PRP ,/, I/PRP just/RB ,/, I/PRP think/VBP that/IN the/DT court/NN systems/NNS need/VBP to/TO be/VB more/RBR accurate/JJ in/IN ,/, in/IN ,/, stiffer/JJR in/IN their/PRP$ penalties/NNS ,/,","{C and } [ [ I, + I just, ] + I think ] that the court systems need to be more [ accurate [ in, + in, ] + stiffer in ] their penalties, /"
b,B,Yeah/UH ./.,Yeah. /
sv,A,would/MD be/VB a/DT definite/JJ deterrent/NN,would be a definite deterrent /
sv,A,"and/CC ,/,","[ {C and, } +"
b,B,Yeah/UH ./.,Yeah. /
+,A,"and/CC ,/, uh/UH ,/, giving/VBG the/DT ,/, uh/UH ,/, police/NN ,/, uh/UH ,/, agencies/NNS a/DT little/JJ bit/NN more/JJR jurisdiction/NN over/IN what/WP they/PRP do/VBP when/WRB they/PRP ,/, when/WRB they/PRP catch/VBP these/DT people/NNS ./.","{C and, } ] {F uh, } giving the, {F uh, } police, {F uh, } agencies a little bit more jurisdiction over what they do [ when they, + when they ] catch these people. /"
aa,B,Uh-huh/UH ./.,Uh-huh. /
aa,B,"I/PRP mean/VBP ,/, I/PRP ,/, I/PRP tend/VBP to/TO agree/VB with/IN you/PRP ./.","{E I mean, } [ I, + I ] tend to agree with you. /"
sv,B,"I/PRP think/VBP ,/, uh/UH ,/, what/WP I/PRP would/MD like/VB to/TO see/VB is/VBZ ,/, number/NN one/CD ,/, completely/RB getting/VBG rid/VBN of/IN these/DT victimless/JJ crimes/NNS ./. Uh/UH ,/, there/EX 's/BES no/DT reason/NN to/TO enforce/VB those/DT and/CC spend/VB time/NN and/CC money/NN doing/VBG it/PRP --/:","I think, {F uh, } what I would like to see is, number one, completely getting rid of these victimless crimes. {F Uh, } {A there's no reason to enforce those and spend time and money doing it -- }"
b,A,Right/UH ./.,Right. /
+,B,"--/: and/CC ,/, and/CC worry/VB about/IN these/DT things/NNS where/WRB people/NNS are/VBP getting/VBG hurt/VBN ./.","-- [ and, + and ] worry about these things where people are getting hurt. /"
sv,B,"And/CC I/PRP think/VBP one/CD of/IN the/DT big/JJ things/NNS that/WDT you/PRP can/MD do/VB is/VBZ ,/, to/TO increase/VB deterrence/NN is/VBZ ,/, uh/UH ,/, if/IN someone/NN is/VBZ found/VBN guilty/JJ of/IN a/DT ,/, uh/UH ,/, felony/NN level/NN offense/NN ,/, they/PRP lose/VBP their/PRP$ citizenship/NN ./.","{C And } I think one of the big things that you can do [ is, + to increase deterrence is, ] {F uh, } if someone is found guilty of a, {F uh, } felony level offense, they lose their citizenship. /"
sd,B,And/CC they/PRP lose/VBP their/PRP$ constitutional/JJ rights/NNS ./.,{C And } they lose their constitutional rights.
b,A,Uh-huh/UH ./.,Uh-huh. /
+,B,"You/PRP know/VBP ,/,","{D You know, } /"
sv,B,"and/CC just/RB a/DT lot/NN of/IN things/NNS that/WDT we/PRP 're/VBP trying/VBG to/TO worry/VB about/IN ,/, you/PRP know/VBP ,/, protecting/VBG these/DT people/NNS from/IN ,/, we/PRP just/RB do/VBP n't/RB protect/VB them/PRP ./.","{C and } just a lot of things that we're trying to worry about, {D you know, } protecting these people from, we just don't protect them. /"
sd,A,"I/PRP know/VBP like/IN in/IN my/PRP$ wife/NN 's/POS case/NN ,/, they/PRP made/VBD her/PRP feel/VB like/IN the/DT criminal/NN ./.","I know {D like } in my wife's case, they made her feel like the criminal. /"
aa,B,"I/PRP know/VBP ,/,","I know, /"
sv,B,"and/CC I/PRP think/VBP ,/, I/PRP think/VBP that/DT 's/BES ridiculous/JJ ./.","{C and } [ I think, + I think ] that's ridiculous. /"
%,A,"They/PRP ,/, they/PRP went/VBD to/IN all/DT ,/, all/DT .../:","[ They, + they ] went to [ all, + all ] ... -/"
