act_tag,speaker,pos,text
qo,A,"So/UH ,/, how/WRB do/VBP you/PRP feel/VB about/IN the/DT metric/JJ system/NN ?/.","{D So, } how do you feel about the metric system? /"
sd,B,"Oh/UH ,/, I/PRP like/VBP it/PRP ./.","<T V> {F Oh, } I like it. /"
sd,B,"I/PRP ,/, I/PRP ,/, I/PRP have/VBP a/DT foreign/JJ ,/, actually/UH I/PRP have/VBP more/JJR than/IN one/CD foreign/JJ automobile/NN ./.","[ [ [ I, + I, ] + I ] have a foreign, + {D actually } I have more than one foreign ] automobile. /"
sd,B,"And/CC I/PRP ,/, I/PRP ,/, I/PRP find/VBP the/DT ,/, uh/UH ,/, I/PRP find/VBP the/DT ,/, the/DT nondecimal/NN system/NN with/IN all/PDT the/DT halves/NNS and/CC quarters/NNS ,/,","{C And } [ [ [ I, + I, ] + I ] find the, + {F uh, } I find [ the, + the ] ] nondecimal system with all the halves and quarters, - /"
sd,B,I/PRP was/VBD trying/VBG to/TO build/VB a/DT shed/NN,I was trying to build a shed /
sd,B,and/CC they/PRP give/VBP you/PRP these/DT measurements/NNS like/IN forty-two/CD and/CC three/CD eighths/NNS inches/NNS,{C and } they give you these measurements like forty-two and three eighths inches /
sd,B,"and/CC we/PRP had/VBD to/TO go/VB a/DT little/RB less/JJR and/CC trying/VBG to/TO figure/VB what/WP 's/BES less/JJR than/IN three/CD eighths/NNS ,/, uh/UH .../:","{C and } we had to go a little less and trying to figure what's less than three eighths, {F uh } ... /"
b,A,"Yeah/UH ,/,","Yeah, /"
%,A,"and/CC it/PRP 's/BES ,/,","{C and } it's, - /"
sd,A,I/PRP forget/VBP how/WRB many/JJ millimeters/NNS ./.,I forget how many millimeters. /
qy,A,So/RB you/PRP used/VBD the/DT metric/JJ ?/.,{C So } you used the metric? /
nn,B,"Well/UH ,/, no/UH ./.","{D Well, } no. /"
sd,B,"What/WP we/PRP did/VBD was/VBZ wind/VB up/RP using/VBG ,/,","What we did was wind up using, - /"
sd,B,"and/CC you/PRP just/RB go/VBP ,/, you/PRP just/RB go/VBP down/RB","{C and } [ you just go, + you just go ] down /"
sd,B,"and/CC ,/, and/CC you/PRP get/VBP out/RP the/DT ,/, the/DT ,/, so/RB many/JJ inches/NNS","[ {C and, } + {C and } ] you get out [ [ the, + the, ] + so many ] inches /"
sd,B,"and/CC ,/, and/CC we/PRP just/RB marked/VBD a/DT little/JJ bit/NN less/JJR than/IN that/DT ,/, uh/UH ,/, which/WDT is/VBZ somewhat/RB awkward/JJ","[ {C and, } + {C and } ] we just marked a little bit less than that, {F uh, } which is somewhat awkward /"
sd,B,"but/CC had/VBD it/PRP been/VBN millimeters/NNS ,/, you/PRP could/MD have/VB done/VBN ./.","{C but } had it been millimeters, you could have done. - /"
%,B,"I/PRP think/VBP what/WP 's/BES interesting/JJ ,/,","I think what's interesting, - /"
sd,B,"the/DT way/NN engineering/NN people/NNS do/VBP is/VBZ they/PRP ,/,","the way engineering people do is they, - /"
sd,B,"they/PRP ,/, in/IN essence/NN ,/, have/VBP gotten/VBN around/IN it/PRP by/IN ,/, by/IN listing/VBG ,/, uh/UH ,/, decimal/NN inches/NNS ./.","they, in essence, have gotten around it [ by, + by ] listing, {F uh, } decimal inches. /"
b,A,"Uh/UH ,/, yeah/UH ,/,","{F Uh, } yeah, /"
b,A,yeah/UH ./.,yeah. /
qy,B,"Do/VBP you-/XX ,/, are/VBP you/PRP involved/JJ in/IN any/DT engineering/NN drawing/NN stuff/NN that/WDT ?/. ./.","[ Do you-, + are you ] involved in any engineering drawing stuff that? <Dishes> <talking>. /"
ny,A,"Uh/UH ,/, yeah/UH ,/,","{F Uh, } yeah, /"
ny,A,yeah/UH ./.,yeah. /
sd,A,"Uh/UH ,/, I/PRP work/VBP in/IN metal/NN fab/NN","{F Uh, } I work in metal fab /"
sd,A,"and/CC tenths/NNS of/IN inches/NNS are/VBP ,/, are/VBP normal/JJ ./.","{C and } tenths of inches [ are, + are ] normal. /"
sd,A,"And/CC ,/, you/PRP know/VBP ,/, me-/XX ,/, you/PRP know/VBP ,/, it/PRP is/VBZ broken/VBN up/RP in/IN ,/, you/PRP know/VBP ,/, the/DT inch/NN is/VBZ broken/VBN up/RP and/CC has/VBZ been/VBN for/IN quite/PDT some/DT time/NN for/IN ,/, in/IN tenths/NNS ,/, hundredths/NNS ,/, thousandths/NNS ,/, ten/CD thousandths/NNS ,/, of/IN an/DT inch/NN ./.","{C And, } {D you know, } [ [ me-, + {D you know, } it is broken up in, ] + {D you know, } the inch is broken up ] and has been for quite some time [ for, + in ] tenths, hundredths, thousandths, ten thousandths, of an inch. /"
qy,B,"Well/UH ,/, have/VBP ,/, have/VBP you/PRP ,/, do/VBP you/PRP ,/, are/VBP you/PRP involved/JJ in/IN any/DT other/JJ ,/, uh/UH ,/, metric/JJ type/NN things/NNS like/IN .../:","{D Well, } [ [ [ have, + have you, ] + do you, ] + are you ] involved in any other, {F uh, } metric type things like ... -/"
ny,A,"Yes/UH ,/,","Yes, /"
sd,A,I/PRP am/VBP ./.,I am. /
sd,A,"I/PRP ,/, I/PRP have/VBP a/DT Suzuki/NNP motorcycle/NN","[ I, + I ] have a Suzuki motorcycle /"
sd,A,"and/CC ,/, and/CC I/PRP 've/VBP had/VBN motorcycles/NNS ,/, Japanese/JJ motorcycles/NNS for/IN years/NNS and/CC years/NNS","[ {C and, } + {C and } ] I've had motorcycles, Japanese motorcycles for years and years /"
sd,A,and/CC the/DT metric/JJ system/NN comes/VBZ easy/JJ to/IN me/PRP ./.,{C and } the metric system comes easy to me. /
%,A,But/CC my/PRP$ .../:,{C But } my ... -/
sv,B,"I/PRP think/VBP it/PRP 's/BES interesting/JJ you/PRP we-/XX ,/, you/PRP know/VBP ,/, when/WRB yo-/XX ,/, you/PRP go/VBP out/IN there/RB","I think it's interesting [ you we-, + {D you know, } when [ yo-, + you ] ] go out there /"
sv,B,and/CC you/PRP 're/VBP looking/VBG for/IN a/DT wrench/NN,{C and } you're looking for a wrench /
sv,B,and/CC you/PRP want/VBP the/DT next/JJ size/NN larger/JJR ./.,{C and } you want the next size larger. /
sd,B,"I/PRP 've/VBP got/VBN ,/, I/PRP inherited/VBD some/DT ,/, some/DT stuff/NN like/IN fifteen/CD thirty/CD seconds/NNS ./.","[ I've got, + I inherited ] [ some, + some ] stuff like fifteen thirty seconds. /"
b,A,Right/UH ./.,Right. /
sv,B,"Well/UH ,/, now/UH that/DT one/NN 's/BES fairly/RB easy/JJ ,/, because/IN that/DT 's/BES probably/RB slightly/RB under/IN half/PDT an/DT inch/NN ./.","{D Well, } {D now } that one's fairly easy, because that's probably slightly under half an inch. /"
sv,B,"But/CC some/DT of/IN them/PRP ,/, like/IN ,/, like/IN ,/, twenty-seven/CD","{C But } some of them, [ like, + like, ] twenty-seven - /"
sd,B,"and/CC ,/, and/CC there/EX are/VBP some/DT thirty/CD seconds/NNS and/CC some/DT of/IN the/DT things/NNS that/WDT ,/, that/WDT ,/, uh/UH ,/, do/VBP n't/RB translate/VB ./.","[ {C and, } + {C and } ] there are some thirty seconds and some of the things [ that, + that, ] {F uh, } don't translate. /"
aa,A,"Yeah/UH ,/,","Yeah, /"
aa,A,"yeah/UH ,/,","yeah, /"
%,A,"trans-/XX ,/,","trans-, - /"
aa,A,yeah/UH ./.,yeah. /
sv,A,"To/TO go/VB from/IN ,/, from/IN eighths/NNS to/IN sixteenths/NNS to/IN ,/, uh/UH ,/, thirty/CD seconds/NNS and/CC remember/VB where/WRB it/PRP falls/VBZ ,/, it/PRP .../:","To go [ from, + from ] eighths to sixteenths to, {F uh, } thirty seconds and remember where it falls, it ... -/"
aa,B,Yeah/UH ./.,Yeah. /
sv,B,"and/CC ,/, and/CC you/PRP 've/VBP got/VBN to/TO go/VB over/IN there/RB and/CC try/VB it/PRP","[ {C and, } + {C and } ] you've got to go over there and try it /"
sv,B,"and/CC I/PRP suppose/VBP ,/, you/PRP know/VBP ,/, I/PRP need/VBP a/DT larger/JJR one/NN ./.","{C and } I suppose, {D you know, } I need a larger one. /"
^q,B,I/PRP need/VBP a/DT smaller/JJR one/NN ./.,I need a smaller one. /
sv,B,"I/PRP mean/VBP obviously/RB you/PRP can/MD look/VB at/IN it/PRP and/CC say/VB well/UH ,/, anyway/UH ./.","{E I mean } obviously you can look at it and say {D well, } {D anyway. } - /"
sv,B,"I/PRP think/VBP the/DT other/JJ thing/NN that/WDT 's/BES interesting/JJ is/VBZ that/IN a/DT lot/NN of/IN our/PRP$ stuff/NN is/VBZ already/RB changed/VBN that/IN we/PRP have/VBP n't/RB ,/,","I think the other thing that's interesting is that a lot of our stuff is already changed that we haven't, - /"
h,B,"I/PRP do/VBP n't/RB know/VB ,/,","I don't know, /"
qy,B,"do/VBP you/PRP ,/, do/VBP you/PRP drink/VB adult/NN beverages/NNS ?/.","[ do you, + do you ] drink adult beverages? /"
ny,A,"Yeah/UH ,/,","Yeah, /"
sd,A,I/PRP drink/VBP beer/NN ./.,I drink beer. /
qy,B,"We-/XX ,/, th-/XX ,/, have/VBP you/PRP noticed/VBN that/IN ,/, um/UH ,/, that/IN a/DT lot/NN of/IN the/DT ,/, um/UH ,/, a/DT lot/NN of/IN .../:","[ [ We-, + th-, ] + have ] you noticed [ that, + {F um, } that ] [ a lot of the, + {F um, } a lot of ] ... -/"
ny,A,"Yeah/UH ,/,","Yeah, /"
^2,A,whiskey/NN is/VBZ in/IN liters/NNS ./.,whiskey is in liters. /
aa,B,Yes/UH ./.,Yes. /
%,A,"And/CC ,/, and/CC the/DT next/JJ ,/,","[ {C And, } + {C and } ] the next, - /"
%,A,"yeah/UH ,/,","yeah, /"
sd,A,"point/NN seven/CD five/CD liters/NNS and/CC then/RB liters/NNS and/CC then/RB one/CD point/NN seven/CD five/CD liters/NNS ,/,","point seven five liters and then liters and then one point seven five liters, /"
%,A,yeah/UH ./.,yeah. /
sd,B,"It/PRP 's/BES like/IN a/DT fifth/NN ,/, like/IN fifths/NNS of/IN whiskey/NN I/PRP thought/VBD was/VBD always/RB kind/RB of/RB strange/JJ ./.","[ It's {D like } a fifth, + {D like } fifths of whiskey ] I thought was always kind of strange. /"
b,A,Yeah/UH ./.,Yeah. /
qh,B,What/WP 's/BES a/DT fifth/NN of/IN whiskey/NN ?/. ./.,What's a fifth of whiskey? <Laughter>. /
aa,A,Yeah/UH ./.,Yeah. /
sd,A,"I/PRP ,/, I/PRP always/RB wondered/VBD about/IN that/DT myself/PRP ./.","[ I, + I ] always wondered about that myself. /"
sv,B,It/PRP was/VBD a/DT marketing/NN ploy/NN ./.,It was a marketing ploy. /
sd,A,"And/CC ,/, and/CC they/PRP had/VBD quarts/NNS at/IN the/DT same/JJ time/NN though/RB ./.","[ {C And, } + {C and } ] they had quarts at the same time though. /"
b,B,Yeah/UH ./.,Yeah. /
sv,B,"But/CC the/DT idea/NN was/VBD ,/, is/VBZ that/IN by/IN ,/, with/IN five/CD fifths/NNS ,/, um/UH ,/, they/PRP could/MD ,/, uh/UH ,/, they/PRP could/MD ,/, uh/UH ,/, they/PRP could/MD sell/VB five/CD","{C But } the idea was, is that [ by, + with ] five fifths, {F um, } [ [ they could, + {F uh, } they could, ] + {F uh, } they could ] sell five /"
sv,B,"and/CC ,/, and/CC ,/, um/UH ,/, it/PRP was/VBD simply/RB a/DT ploy/NN to/TO ,/, to/TO get/VB people/NNS ,/, you/PRP know/VBP --/:","[ {C and, } + {C and, } ] {F um, } it was <laughter> simply a ploy [ to, + to ] get people, {D you know } --"
b,A,Yeah/UH ./.,Yeah. /
+,B,"--/: to/TO buy/VB ,/, to/TO buy/VB more/JJR for/IN ,/,","-- [ to buy, + to buy ] more for, - /"
sv,B,"it/PRP 's/BES ,/, uh/UH ,/, I/PRP find/VBP that/DT interesting/JJ ./.","[ it's, + {F uh, } I ] find that interesting. /"
%,A,It/PRP 's/BES .../:,It's ... -/
sd,B,"But/CC it/PRP 's/BES like/IN ,/, you/PRP know/VBP ,/, the/DT ,/, the/DT ,/, the/DT ,/, the/DT soda/NN and/CC this/DT kind/NN of/IN things/NNS coming/VBG in/IN --/:","{C But } it's {D like, } {D you know, } [ [ [ the, + the, ] + the, ] + the ] soda and this kind of things coming in --"
^2,A,Liters/NNS ./.,Liters. /
+,B,"--/: on-/XX ,/, one/CD liter/NN bottles/NNS","-- [ on-, + one ] liter bottles /"
sv,B,"and/CC ,/, um/UH ,/, I/PRP ,/, I/PRP think/VBP it/PRP 's/BES kind/RB of/RB generational/JJ ./.","{C and, } {F um, } [ I, + I ] think it's kind of generational. /"
b,A,Yeah/UH ./.,Yeah. /
sd,A,"It/PRP ,/, it/PRP 's/BES ,/, like/IN I/PRP say/VBP ,/, I/PRP work/VBP in/IN a/DT machine/NN shop/NN","[ It, + it's, + ] like I say, I work in a machine shop /"
sd,A,"and/CC ,/, uh/UH ,/, everything/NN 's/BES still/RB inches/NNS ./.","{C and, } {F uh, } everything's still inches. /"
x,B,MUMBLEx/XX ./.,(( )) . /
sd,A,"Everything/NN 's/BES still/RB fractions/NNS of/IN inches/NNS ,/, or/CC pa-/XX ,/, or/CC tenths/NNS --/:","Everything's still fractions of inches, [ or pa-, + or tenths ] --"
aa,B,Yeah/UH ./.,Yeah. /
sv,B,"It/PRP 's/BES ,/, it/PRP 's/BES hard/JJ to/TO think/VB --/:","[ It's, + it's ] hard to think --"
+,A,"--/: or/CC thousandths/NNS ,/, or/CC ,/, or/CC .../:","-- or thousandths, [ or, + or ] ... -/"
+,B,--/: though/RB ./.,-- though. /
aa,A,Yes/UH ./.,Yes. /
sv,A,it/PRP is/VBZ a/DT mental/JJ thing/NN ./.,it is a mental thing. /
sv,A,It/PRP is/VBZ a/DT conversion/NN thing/NN ./.,It is a conversion thing. /
sv,B,"It/PRP 's/BES like/IN a/DT mill/NN ,/, you/PRP know/VBP ./.","It's like a mill, {D you know. } /"
sd,B,"We/PRP ,/, we/PRP do/VBP ,/, uh/UH ,/, um/UH ,/, well/UH we/PRP use/VBP a/DT one/CD mill/NN bond/NN wire/NN or/CC one/CD point/NN five/CD mill/NN co-/XX ,/, bond/NN wire/NN on/IN --/:","[ [ We, + we do, ] + {F uh, } {F um, } {D well } we use ] a one mill bond wire or one point five mill [ co-, + bond ] wire [ on -- +"
b,A,Right/UH ./.,Right. /
+,B,--/: on/IN semiconductor/NN devices/NNS ./.,-- on ] semiconductor devices. /
qh,B,"And/CC well/UH ,/, what/WP 's/BES a/DT mill/NN","{C And } {D well, } what's a mill /"
%,B,and/CC .../:,{C and } ... -/
b,A,"Yeah/UH ,/,","Yeah, /"
b,A,yeah/UH ./.,yeah. /
sd,A,"But/CC what/WP really/RB annoys/VBZ me/PRP is/VBZ the/DT way/NN we/PRP ,/, in/IN the/DT United/NNP States/NNPS ,/, have/VBP been/VBN converting/VBG to/IN metric/JJ ./.","{C But } what really annoys me is the way we, in the United States, have been converting to metric. /"
sd,A,We/PRP have/VBP a/DT eighty-nine/CD Chevy/NNP Blazer/NNP ./.,We have a eighty-nine Chevy Blazer. /
sd,A,"And/CC before/IN that/DT we/PRP had/VBD a/DT Horizon/NNP ./. Uh/UH ,/, you/PRP know/VBP ,/, Plymouth/NNP Horizon/NNP ?/.","{C And } before that we had a Horizon. {F Uh, } {D you know, } Plymouth Horizon? /"
b,B,Yeah/UH ./.,Yeah. /
sd,A,And/CC both/DT of/IN them/PRP were/VBD a/DT mismatch/NN of/IN both/DT American/JJ and/CC metric/JJ ./.,{C And } both of them were a mismatch of both <<pause>> American and metric. /
qy,B,"Do/VBP n't/RB you/PRP find/VB that/DT interesting/JJ ?/. Uh/UH ,/, that/IN they/PRP ,/, that/IN that/DT they/PRP 're/VBP doing/VBG that/DT ,/, uh/UH ,/, in/IN any/DT field/NN ,/,","Don't you find that interesting? {F Uh, } [ [ that they, + that ] + <laughter> that they're ] doing that, {F uh, } in any field, /"
%,B,"for/IN ho-/XX ,/, why/WRB ,/, why/WRB ,/, why/WRB pieces/NNS ,/,","[ for ho-, + ] [ [ why, + why, ] + why ] pieces, - /"
qy,B,"could/MD you/PRP ,/, could/MD you/PRP get/VB any/DT connection/NN on/IN which/WDT was/VBD metric/JJ and/CC which/WDT was/VBD n't/RB ./.","[ could you, + could you ] get any connection on which was metric and which wasn't. /"
b,A,"Uh/UH ,/, okay/UH ./.","{F Uh, } okay. /"
sd,A,The/DT engine/NN itself/PRP was/VBD mostly/RB metric/JJ because/IN it/PRP came/VBD from/IN Canada/NNP ./.,The engine itself was mostly metric because it came from Canada. /
bk,B,"Oh/UH ,/, okay/UH ./.","{F Oh, } okay. /"
sd,A,"And/CC the/DT starter/NN was/VBD Bosch/NNP American/JJ ,/,","{C And } the starter was Bosch American, /"
%,A,so/RB ./.,{C so. } -/
bf,B,"The/DT bolts/NNS were/VBD ,/, were/VBD Eng-/XX ,/, were/VBD ,/, were/VBD English/JJ then/RB ./.","The bolts [ [ [ were, + were Eng-, ] + were, ] + were English ] then. /"
aa,A,"Yeah/UH ,/,","Yeah, /"
aa,A,yeah/UH ./.,yeah. /
sd,A,"It/PRP was/VBD ,/, it/PRP was/VBD annoying/JJ ./.","[ It was, + it was ] annoying. /"
sd,A,"One/CD ,/, one/CD half/NN of/IN the/DT starter/NN wa-/XX ,/, you/PRP know/VBP ,/, three/CD bolts/NNS on/IN the/DT starter/NN","[ [ One, + one ] half of the starter wa-, + {D you know, } three bolts on the starter ] /"
sd,A,and/CC two/CD of/IN them/PRP were/VBD American/JJ,{C and } two of them were American /
sd,A,and/CC one/CD of/IN them/PRP was/VBD metric/JJ ./.,{C and } one of them was metric. /
ba,B,Now/UH that/DT 's/BES strange/JJ ./.,Now that's strange. /
sd,A,"And/CC ,/, uh/UH ,/, you/PRP go/VBP from/IN the/DT ,/, uh/UH ,/, water/NN pump/NN up/IN to/IN the/DT radiator/NN","{C And, } {F uh, } you go from the, {F uh, } water pump up to the radiator /"
sd,A,"and/CC on/IN the/DT water/NN pump/NN ,/, it/PRP was/VBD all/DT metric/JJ ./.","{C and } on the water pump, it was all metric. /"
sd,A,"And/CC ,/, and/CC on/IN ,/, you/PRP know/VBP ,/, the/DT factory/NN fittings/NNS ,/, you/PRP know/VBP ,/, the/DT factory/NN ,/, uh/UH --/:","[ {C And, } + {C and } ] on, {D you know, } the factory fittings, {D you know, } the factory, {F uh } --"
b,B,Yeah/UH ./.,Yeah. /
b,B,Uh-huh/UH ./.,Uh-huh. /
+,A,--/: screw/NN lock/NN --/:,-- screw lock --
b,B,Yeah/UH ./.,Yeah. /
+,A,"--/: uh/UH ,/, uh/UH ,/, radiator/NN hose/NN clamps/NNS ./.","-- {F uh, } {F uh, } radiator hose clamps. /"
sv,B,Essentially/RB they/PRP do/VBP that/DT though/RB,Essentially they do that though /
sv,B,"because/IN if/IN ,/, if/IN you/PRP look/VBP at/IN General/NNP Motors/NNPS ,/, the/DT size/NN","{C because } [ if, + if ] you look at General Motors, the size - /"
sv,B,"and/CC ,/, and/CC ,/, and/CC of/IN course/NN ,/, Ford/NNP and/CC Chrysler/NNP ./.","[ [ and, + and, ] + and ] of course, Ford and Chrysler. /"
%,B,"If/IN they/PRP all/DT went/VBD ,/, if/IN they/PRP all/DT went/VBD metric/JJ ,/,","[ If they all went, + if they all went ] metric, - /"
sv,B,"but/CC in/IN a/DT sense/NN ,/, um/UH ,/, you/PRP know/VBP ,/, it/PRP 's/BES like/IN when/WRB yo-/XX ,/, a/DT measurement/NN though/RB ,/, when/WRB ,/, when/WRB you/PRP put/VBP ,/, uh/UH ,/, you/PRP know/VBP ,/, one/CD point/NN four/CD three/CD two/CD inches/NNS ,/, whe-/XX ,/, when/WRB you/PRP 're/VBP milling/VBG something/NN ,/, uh/UH --/:","{C but } in a sense, {F um, } {D you know, } it's like [ [ [ [ [ when yo-, + a measurement though, ] + when, ] + when you put, {F uh, } {D you know, } one point four three two inches, ] + whe-, ] + when you're milling something, ] {F uh } --"
b,A,Yeah/UH ./.,Yeah. /
+,B,"--/: you/PRP simply/RB set/VBP your/PRP$ ,/, uh/UH ,/, equipment/NN ,/,","-- you simply set your, {F uh, } equipment, /"
sv,B,"or/CC ,/, or/CC you/PRP measu/VBP ,/, or/CC you/PRP got/VBN your/PRP$ calipers/NNS there/RB","[ [ {C or, } + {C or } you measu-, ] + {C or } you got ] your calipers there /"
sv,B,"and/CC ,/, and/CC you/PRP measure/VBP ,/, you/PRP know/VBP ,/,","[ {C and, } + {C and } ] you measure, {D you know, } /"
sv,B,you/PRP mic/VBP it/PRP to/TO see/VB if/IN it/PRP 's/BES accurate/JJ,you mic it to see if it's accurate /
%,B,and/CC ./.,{C and. } -/
aa,A,Right/UH ./.,Right. /
sv,A,It/PRP 's/BES it/PRP 's/BES not/RB a/DT problem/NN either/DT way/NN ./.,[ It's + it's ] not a problem either way. /
aa,B,No/UH ./.,No. /
sd,A,"Like/IN I/PRP said/VBD ,/, my/PRP$ only/JJ complaint/NN is/VBZ where/WRB they/PRP mixed/VBD them/PRP on/IN the/DT same/JJ car/NN ./.","Like I said, my only complaint is where they mixed them on the same car. /"
b,B,Yeah/UH ./.,Yeah. /
sv,A,And/CC you/PRP go/VBP to/TO look/VB at/IN it/PRP,{C And } you go to look at it /
sv,A,"and/CC you/PRP do/VBP n't/RB know/VB which/WDT set/NN to/TO reach/VB in/IN ,/, American/JJ or/CC metric/JJ ./.","{C and } you don't know which set to reach in, American or metric. /"
b,B,Yeah/UH ./.,Yeah. /
sv,A,"and/CC ,/, and/CC ,/, you/PRP 're/VBP never/RB quite/RB sure/JJ ,/,","[ {C and, } + {C and, } ] you're never quite sure, /"
^q,A,"well/UH ,/, is/VBZ that/DT a/DT metric/JJ bolt/NN ./.","{D well, } is that a metric bolt. /"
qy,B,"You/PRP get/VBP you/PRP a/DT pair/NN of/IN metric/JJ pliers/NNS ,/, right/UH ?/.","You get you a pair of metric pliers, right <laughter>? /"
na,A,"Right/UH ,/,","Right, /"
na,A,right/UH ./.,right. /
qy^d,B,And/CC you/PRP beat/VBP on/IN it/PRP,{C And } you beat on it /
qy^d,B,and/CC a/DT metric/JJ hammer/NN ./.,and a metric hammer <laughter>. /
sv,A,"It/PRP ,/, it/PRP can/MD be/VB annoying/JJ","[ It, + it ] can be annoying /"
qy^d,A,"and/CC my/PRP$ other/JJ con-/NN ,/, concern/NN is/VBZ ,/, is/VBZ the/DT American/JJ government/NN going/VBG to/TO force/VB us/PRP to/TO go/VB ./.","{C and } my other [ con-, + concern ] is, + is the American government going to force us to go. /"
sv,B,"Oh/UH ,/, I/PRP think/VBP ,/, I/PRP do/VBP n't/RB think/VB so/RB ./.","{F Oh, } [ I think, + I don't think ] so. /"
sv,B,"I/PRP ,/, I/PRP think/VBP that/IN ,/, th-/XX ,/, uh/UH ,/, I/PRP think/VBP they/PRP 've/VBP now/RB just/RB taken/VBN the/DT attitude/NN that/IN ,/, well/UH ,/, if/IN it/PRP happens/VBZ ,/, if/IN it/PRP ,/,","[ [ I, + I think that, th-, ] + {F uh, } I think they've ] now just taken the attitude that, {D well, } [ if it happens, + if it, ] - /"
sv,B,"because/IN it/PRP ,/, there/EX a/DT lot/NN of/IN things/NNS that/WDT ,/, that/WDT ,/, uh/UH ,/, um/UH ,/, like/IN sports/NNS ,/, you/PRP know/VBP ./.","{C because } [ it, + there ] a lot of things [ [ that, + that, ] + {F uh, } {F um, } like ] sports, {D you know. } /"
sv,B,It/PRP 's/BES a/DT hundred/CD meter/NN ./.,It's a hundred meter. /
aa,A,"Oh/UH ,/, absolutely/UH ./.","{F Oh, } absolutely. /"
%,B,"And/CC ,/, uh/UH ,/, uh/UH ,/, but/CC automobile/NN races/NNS","[ {C And, } + {F uh, } {F uh, } {C but } ] automobile races - /"
%,B,"if/IN it/PRP ,/,","if it, - /"
sv,B,"I/PRP do/VBP n't/RB think/VB they/PRP 'd/MD ever/RB ,/,","I don't think they'd ever, - /"
qy^d,B,it/PRP 's/BES still/RB going/VBG to/TO be/VB the/DT Indianapolis/NNP Five/CD Hundred/CD ./.,it's still going to be the Indianapolis Five Hundred. /
qy^d,B,They/PRP 're/VBP not/RB going/VBG to/TO .../:,They're not going to ... -/
ny,A,"Yeah/UH ,/,","Yeah, /"
ny,A,Yeah/UH ./.,Yeah. /
sd,A,They/PRP 're/VBP not/RB going/VBG to/TO change/VB that/DT to/IN meters/NNS ./.,They're not going to change that to meters. /
sd,A,It/PRP will/MD always/RB be/VB ./.,It will always be. /
b,B,Yeah/UH ./.,Yeah. /
sv,B,"And/CC ,/, and/CC it/PRP ,/, I/PRP ,/, I/PRP do/VBP n't/RB think/VB it/PRP ,/, I/PRP do/VBP n't/RB ,/, you/PRP know/VBP ,/, I/PRP do/VBP n't/RB think/VB ,/, I/PRP do/VBP n't/RB think/VB it/PRP 's/BES particularly/RB bothersome/JJ because/IN in/IN reality/NN ,/, uh/UH ,/,","[ {C And, } + {C and } ] [ [ [ [ [ it, + I, ] + I don't think it, ] + I don't, ] + {D you know, } I don't think, ] + I don't think it's ] particularly bothersome because in reality, {F uh, } - /"
sv,B,"you/PRP ,/, it/PRP 's/BES like/IN troy/NN ounces/NNS in/IN ounces/NNS of/IN gold/NN ./.","[ you, + it's ] like troy ounces in ounces of gold. /"
qw,B,"How/WRB many/JJ ounces/NNS of/IN gold/NN ,/, you/PRP know/VBP ./.","How many ounces of gold, {D you know. } /"
sd,A,Twelve/CD ./.,Twelve. /
sd,B,"I/PRP was/VBD trying/VBG ,/, I/PRP was/VBD trying/VBG to/TO figure/VB up/RP gold/NN content/NN on/IN something/NN ./.","[ I was trying, + I was trying ] to figure up gold content on something. /"
sd,B,"It/PRP had/VBD ,/, has/VBZ ,/, uh/UH ,/, gold/NN plated/VBN ,/, uh/UH ,/, header/NN ./.","It [ had, + has, ] {F uh, } gold plated, {F uh, } header. /"
sd,B,"And/CC ,/, and/CC they/PRP 're/VBP trying/VBG to/TO think/VB of/IN what/WP 's/BES a/DT Troy/NNP ounce/NN ./.","[ {C And, } + {C and } ] they're trying to think of what's a Troy ounce. /"
b,A,Yeah/UH ./.,Yeah. /
sd,A,There/EX 's/BES twelve/CD troy/NN ounces/NNS to/IN the/DT pound/NN ./.,There's twelve troy ounces to the pound. /
b,B,Yeah/UH ./.,Yeah. /
%,B,"Now/UH that/DT makes/VBZ ,/, you/PRP know/VBP ./.","{D Now } that makes, {D you know. } -/"
b,A,Yeah/UH ./.,Yeah. /
qh,A,"And/CC ,/, and/CC is/VBZ that/DT going/VBG to/TO change/VB too/RB ?/.","[ {C And, } + {C and } ] is that going to change too? /"
sd,B,"Well/UH ,/, I/PRP mean/VBP ,/, and/CC ,/, and/CC then/RB there/EX 's/BES a/DT metric/JJ ton/NN","{D Well, } {E I mean, } [ {C and, } + {C and then } ] there's a metric ton /"
sd,B,and/CC then/RB there/EX 's/BES a/DT ton/NN ./.,{C and then } there's a ton. /
qw,B,But/CC what/WP 's/BES a/DT metric/JJ ton/NN ?/.,{C But } what's a metric ton? /
%,A,"Uh/UH ,/, se-/XX ,/, --/:","{F Uh, } se-, -- -/"
sd,B,I/PRP do/VBP n't/RB know/VB ./.,I don't know. /
no,A,--/: I/PRP do/VBP n't/RB remember/VB ./.,-- I don't remember. /
sd,A,"I/PRP ,/, I/PRP read/VBD it/PRP ./.","[ I, + I ] read it. /"
qy,A,And/CC are/VBP we/PRP still/RB going/VBG to/TO maintain/VB drams/NNS for/IN perfume/NN ?/.,{C And } are we still going to maintain drams for perfume? /
ny,B,Yeah/UH ./.,Yeah. /
sd,B,"And/CC ,/, and/CC then/RB ,/, but/CC then/RB the/DT medicine/NN ./.","[ [ And, + and then, ] + but ] then the medicine. /"
sd,B,"And/CC ,/, and/CC some/DT of/IN these/DT other/JJ things/NNS","[ And, + and ] some of these other things /"
sd,B,"and/CC ,/, and/CC the/DT chemistry/NN in/IN those/DT kinds/NNS of/IN areas/NNS ,/,","[ and, + and ] the chemistry in those kinds of areas, /"
sd,B,milliliter/NN ./.,milliliter. /
qy^d,A,It/PRP 's/BES all/DT metric/JJ all/GW ready/^RB ./.,It's all metric all ready. /
ny,B,Yeah/UH ./.,Yeah. /
sd,B,"And/CC ,/, and/CC so/RB ,/, um/UH ,/, but/CC ,/, but/CC when/WRB you/PRP go/VBP to/TO order/VB a/DT drink/NN ,/, um/UH ,/, you/PRP know/VBP ./. MUMBLEx/XX say/VB ,/, they/PRP ,/, they/PRP ,/, I/PRP do/VBP n't/RB know/VB ,/, it/PRP 's/BES uh/UH .../:","[ [ [ {C And, } + {C and so, } ] + {F um, } {C but, } ] + {C but } ] when you go to order a drink, {F um, } {D you know. } (( )) say, [ [ they, + they, ] + I don't know, it's ] {F uh } ... -/"
qw,A,And/CC what/WP will/MD a/DT shot/NN be/VB ?/.,{C And } what will a shot be? /
qy,A,Will/MD a/DT shot/NN be/VB an/DT ounce/NN ?/.,Will a shot be an ounce? /
no,B,I/PRP do/VBP n't/RB know/VB ./.,I don't know. /
sv,B,"And/CC ,/, and/CC ,/, but/CC ,/, you/PRP know/VBP ,/, when/WRB you/PRP go/VBP to/IN the/DT store/NN and/CC ,/, and/CC you/PRP 're/VBP trying/VBG to/TO figure/VB ,/, you/PRP know/VBP ,/, well/UH this/DT box/NN is/VBZ ,/, is/VBZ ,/, uh/UH ,/, is/VBZ ,/, is/VBZ twelve/CD ounces/NNS","[ [ {C And, } + {C and, } ] + {C but, } ] {D you know, } when you go to the store [ and, + and ] you're trying to figure, {D you know, } {D well } this box [ [ [ is, + is, ] + {F uh, } is, ] + is ] twelve ounces - /"
^q,B,"and/CC ,/, and/CC this/DT one/NN 's/BES ,/, uh/UH ,/, uh/UH ,/, three/CD pounds/NNS ,/, um/UH ,/,","[ {C and, } + {C and } ] this one's, {F uh, } {F uh, } three pounds, {F um, } /"
%,B,and/CC you/PRP .../:,{C and } you ... -/
sv,A,"And/CC the/DT other/JJ one/NN 's/BES two/CD point/NN one/CD kis/NNS ,/,","{C And } the other one's two point one kis, /"
sv,A,"and/CC ,/, and/CC you/PRP 're/VBP ,/, you/PRP 're/VBP lost/JJ ./.","[ {C and, } + {C and } ] [ you're, + you're ] lost. /"
aa,B,That/DT 's/BES right/JJ ./.,That's right. /
h,B,"And/CC ,/, and/CC I/PRP do/VBP n't/RB know/VB ./.","[ {C And, } + {C and } ] I don't know. /"
sv,B,"I/PRP ,/, I/PRP think/VBP that/IN ,/, I/PRP ,/, I/PRP think/VBP ,/, I/PRP think/VBP the/DT Federal/NNP government/NN is/VBZ going/VBG to/TO ,/, more/JJR or/CC less/JJR ,/, leave/VB it/PRP alone/RB ./.","[ [ [ [ I, + I think that, ] + I, ] + I think, ] + I think ] the Federal government is going to, more or less, leave it alone. /"
sv,B,"I/PRP think/VBP they/PRP 've/VBP got/VBN ,/, I/PRP think/VBP there/EX are/VBP more/JJR pressing/JJ problems/NNS ./.","[ I think they've got, + I think there are ] more pressing problems. /"
aa,A,"Oh/UH ,/, yeah/UH ./.","{F Oh, } yeah. /"
sv,A,The/DT economy/NN ./.,The economy. /
aa,B,Yes/UH ./.,Yes. /
sd,A,"Uh/UH ,/, what/WP I/PRP was/VBD thinking/VBG about/IN is/VBZ an/DT economical/JJ issue/NN concerning/VBG it/PRP ./. Uh/UH ,/,","{F Uh, } what I was thinking about is an economical issue concerning it. {F Uh, } /"
sv,A,a/DT machinist/NN has/VBZ a/DT huge/JJ number/NN of/IN dollars/NNS invested/VBN in/IN tooling/NN ./.,a machinist has a huge number of dollars invested in tooling. /
sv,A,Personal/JJ tools/NNS to/TO be/VB able/JJ to/TO do/VB his/PRP$ job/NN ./.,Personal tools to be able to do his job. /
aa,B,Yeah/UH ./.,<Breathing> Yeah. /
%,B,"But/CC ,/, but/CC are/VBP ,/, are/VBP the/DT tools/NNS that/WDT ,/, uh/UH ,/,","[ {C But, } + {C but } ] [ are, + are ] the tools that, {F uh, } - /"
%,B,"if/IN you/PRP 're/VBP cutting/VBG ,/,","if you're cutting, - /"
qy,B,"are/VBP you/PRP talking/VBG about/IN cutting/NN equipment/NN or/CC tools/NNS for/IN tha-/XX ,/, for/IN set/GW up/^NN ?/.","are you talking about cutting equipment or tools [ for tha-, + for set up? ] /"
sd,A,"Uh/UH ,/, tools/NNS for/IN set/GW up/^NN and/CC for/IN measurement/NN ./.","{F Uh, } tools for set up and for measurement. /"
sv,A,"Uh/UH ,/, you/PRP got/VBN to/TO have/VB a/DT one/CD tenth/JJ indicator/NN ,/,","{F Uh, } you got to have a one tenth indicator, /"
sv,A,"it/PRP 's/BES a/DT hundred/CD dollars/NNS ./. Uh/UH ,/,","it's a hundred dollars. {F Uh, } /"
sv,A,"five/CD tenths/NNS indic-/XX ,/, uh/UH ,/, usually/RB two/CD one/CD tenth/NN indicators/NNS --/:","[ five tenths indic-, + {F uh, } usually two one tenth indicators -- ]"
b,B,Huh/UH ./.,{F Huh. } /
+,A,"--/: at/IN a/DT hundred/CD dollars/NNS each/DT ./. Uh/UH ,/,","-- at a hundred dollars each. {F Uh, } /"
sv,A,five/CD tenths/NNS indicator/NN at/IN about/RB a/DT hundred/CD dollars/NNS ./.,five tenths indicator at about a hundred dollars. /
sv,A,"You/PRP got/VBN to/TO have/VB ,/, uh/UH ,/, six/CD inch/NN set/NN of/IN calipers/NNS at/IN anywhere/RB from/IN sixty/CD to/IN a/DT hundred/CD twenty/CD dollars/NNS ./.","You got to have, {F uh, } six inch set of calipers at anywhere from sixty to a hundred twenty dollars. /"
sv,A,"You/PRP got/VBN to/TO have/VB a/DT zero/CD to/IN one/CD for/IN sixty/CD dollars/NNS ./. Uh/UH ,/,","You got to have a zero to one for sixty dollars. {F Uh, } /"
sv,A,one/CD to/IN two/CD inch/NN micrometer/NN for/IN sixty/CD dollars/NNS ./.,one to two inch micrometer for sixty dollars. /
sv,A,A/DT two/CD to/IN three/CD for/IN eighty/CD dollars/NNS ./.,A two to three for eighty dollars. /
sv,A,A/DT three/CD to/IN four/CD for/IN eighty/CD dollars/NNS ./.,A three to four for eighty dollars. /
bf,B,So/RB you/PRP 've/VBP got/VBN thousands/NNS of/IN dollars/NNS or/CC so/RB ./.,{C So } you've got thousands of dollars or so. /
bf,B,I/PRP mean/VBP you/PRP get/VBP a/DT thousand/CD dollars/NNS worth/JJ of/IN tools/NNS ./.,I mean you get a thousand dollars worth of tools. /
aa,A,Real/RB fast/RB ./.,Real fast. /
b,B,Yes/UH ./.,Yes. /
aa,A,"Real/RB ,/, real/RB fast/RB ./.","Real, real fast. /"
%,A,Edge/NN finders/NNS and/CC .../:,Edge finders and ... -/
%,B,"But/CC I/PRP was/VBD thinking/VBG about/IN though/RB that/IN ,/, that/IN when/WRB you/PRP actually/RB get/VBP to/IN the/DT milling/NN equipment/NN though/RB ,/, when/WRB it/PRP starts/VBZ turning/VBG .../:","{C But } I was thinking about though [ that, + that ] when you actually get to the milling equipment though, when it starts turning ... -/"
aa,A,"Well/UH ,/, I/PRP know/VBP ,/,","{D Well, } I know, /"
%,A,"because/IN ,/, okay/UH ./.","{C because, } okay. /"
sd,A,Your/PRP$ end/NN mills/NNS will/MD be/VB measured/VBN in/IN inches/NNS or/CC fractions/NNS of/IN inches/NNS ./.,Your end mills will be measured in inches or fractions of inches. /
b,B,Yeah/UH ./.,Yeah. /
qh,A,You/PRP know/VBP ./.,{D You know. } /
sv,B,"But/CC whe/WRB ,/, you/PRP ,/, when/WRB you/PRP ,/, when/WRB you/PRP simply/RB drilling/VBG a/DT hole/NN ,/, I/PRP mean/VBP ,/, a/DT real/RB simple/JJ thing/NN ,/, like/IN gee/UH ,/,","{C But } [ [ [ whe-, + you, ] + when you, ] + when you ] simply drilling a hole, {E I mean, } a real simple thing, like gee, - /"
^q,B,I/PRP need/VBP a/DT hole/NN there/RB ./.,I need a hole there. /
qh,A,What/WP size/NN hole/NN ?/.,What size hole? /
b,B,Yeah/UH ./.,Yeah. /
qh,A,"As/IN in/IN metric/JJ size/NN hole/NN or/CC a/DT ,/, or/CC an/DT American/JJ sized/JJ hole/NN ?/.","As in metric size hole [ or a, + or an ] American sized hole? /"
aa,B,Yeah/UH ./.,Yeah. /
sv,B,"And/CC ,/, and/CC what/WP ,/, but/CC the/DT thing/NN is/VBZ then/RB you/PRP 've/VBP got/VBN to/TO with/IN screws/NNS","[ [ {C And, } + {C and } what, ] + {C but } ] the thing is then you've got to with screws /"
sv,B,"and/CC that/DT 's/BES the/DT other/JJ issue/NN ./. Uh/UH ,/,","{C and } that's the other issue. {F Uh, } /"
sv,B,the/DT pitch/NN and/CC .../:,the pitch and </T V> </dishes> </talking> ... -/
aa,A,"Yeah/UH ,/,","Yeah, /"
aa,A,yeah/UH ./.,yeah. /
sv,A,"Well/UH and/CC thread/NN ,/,","{D Well } and thread, /"
