act_tag,speaker,pos,text
"fo_o_fw_""_by_bc",A,"Okay/UH ,/,","Okay, /"
%,A,"well/UH ,/, you/PRP ,/,","{D well, } you, -/"
qy,B,Do/VBP you/PRP have/VB any/DT pets/NNS ?/.,Do you have any pets? /
na,A,"Um/UH ,/, we/PRP got/VBD two/CD cats/NNS ./.","{F Um, } we got two cats. /"
b^m,B,Two/CD cats/NNS ./.,Two cats. /
b,A,"Yeah/UH ,/,","Yeah, /"
%,A,"and/CC ,/, uh/UH ,/, um/UH ,/,","{C and, } {F uh, } {F um, } - /"
%,A,"yeah/UH ,/,","yeah, /"
sd,A,"we/PRP had/VBD cat/NN ,/, you/PRP know/VBP ,/, my/PRP$ family/NN had/VBD cats/NNS when/WRB we/PRP were/VBD growing/VBG up/RP the/DT whole/JJ time/NN until/IN my/PRP$ Mom/NN developed/VBD an/DT allergies/NNS ,/,","[ we had cat, + {D you know, } my family had cats ] when we were growing up the whole time until my Mom developed an allergies, /"
b,B,Uh-huh/UH ./.,<<Very faint>> Uh-huh. /
sd,A,"so/RB ,/, I/PRP mean/VBP ,/, I/PRP 'm/VBP used/JJ ,/, I/PRP 'm/VBP used/JJ to/IN having/VBG cats/NNS around/IN ,/,","{C so, } {E I mean, } [ I'm used, + I'm used ] to having cats around, /"
sd,A,I/PRP like/VBP them/PRP ./.,I like them. /
b,B,"Yeah/UH ,/,","Yeah, /"
sd,B,"I/PRP like/VBP having/VBG ca-/NNS ,/, cats/NNS around/IN or/CC pets/VBZ around/IN in/IN general/JJ","I like having [ [ ca-, + cats around ] + {E or } pets around ] in general /"
sd,B,"I/PRP ,/, I/PRP favor/VBP dogs/NNS over/IN cats/NNS actually/RB","[ I, + I ] favor dogs over cats actually /"
%,B,"but/CC ,/,","{C but, } -/"
sd,A,"Oh/UH ,/, see/UH ,/, I/PRP 'm/VBP not/RB ,/, uh/UH ,/, I/PRP 'm/VBP not/RB a/DT dog/NN person/NN at/IN all/DT ./.","{F Oh, } {D see, } [ I'm not, + {F uh, } I'm not ] a dog person at all <laughter>. /"
sd,B,"Oh/UH ,/, I/PRP 'm/VBP ,/, I/PRP 'm/VBP a/DT dog/NN person/NN ./.","{F Oh, } [ I'm, + I'm ] a dog person. /"
%,B,"I/PRP had/VBD ,/,","I had, - /"
sv,B,"I/PRP guess/VBP it/PRP depends/VBZ on/IN what/WDT you/PRP had/VBD when/WRB he/PRP were/VBD a/DT kid/NN ,/, right/UH ?/. ./.","I guess it depends on what you had when he were a kid, right? <laughter>. /"
aa,A,"Yeah/UH ,/,","Yeah, /"
aa,A,"probably/RB ,/,","probably, /"
sd,A,"I/PRP was/VBD allergic/JJ to/IN dogs/NNS when/WRB I/PRP was/VBD a/DT kid/NN ,/,","I was allergic to dogs when I was a kid,"
b,B,Uh-huh/UH ./.,Uh-huh. /
+,A,"in/IN fact/NN ,/,","in fact, /"
sd,A,"I/PRP may/MD still/RB be/VB ,/,","I may still be, /"
%,A,"um/UH ,/, we/PRP ,/,","{F um, } we, -/"
qy^d,B,But/CC not/RB cats/NNS ./.,{C But } not cats. /
%,A,"That/DT ,/, um/UH ,/,","(( That )) , {F um, } - /"
sd,A,I/PRP wonder/VBP sometimes/RB ./.,I wonder sometimes <laughter>. /
b,B,Uh-huh/UH ./.,Uh-huh. /
sd,A,"Um/UH ,/, but/CC we/PRP ,/, um/UH ,/, we/PRP house/GW sat/^VBD for/IN a/DT ,/, um/UH ,/, my/PRP$ ,/, um/UH ,/, my/PRP$ wife/NN 's/POS boss/NN a/DT couple/NN weeks/NNS ago/RB","{F Um, } {C but } [ we, + {F um, } we ] house sat for [ a, + {F um, } [ my, + {F um, } my ] ] wife's boss a couple weeks ago /"
sd,A,"and/CC ,/, um/UH ,/, uh/UH ,/, he/PRP has/VBZ a/DT dog/NN and/CC everything/NN ,/,","{C and, } {F um, } {F uh, } he has a dog and everything, /"
sd,A,"we/PRP were/VBD ,/, you/PRP know/VBP ,/, we/PRP were/VBD sitting/VBG the/DT dog/NN and/CC everything/NN","[ we were, + {D you know, } we were ] sitting the dog and everything /"
sd,A,"and/CC ,/, uh/UH ,/, I/PRP felt/VBD like/IN just/RB miserable/JJ all/DT weekend/NN","{C and, } {F uh, } I felt like just miserable all weekend /"
sd,A,"and/CC it/PRP really/RB did/VBD n't/RB dawn/VB on/IN me/PRP until/IN Sunday/NNP ,/,","{C and } it really didn't dawn on me until Sunday, /"
sd,A,"it/PRP was/VBD like/IN ,/, hey/UH ,/, maybe/RB you/PRP 're/VBP still/RB allergic/JJ to/IN the/DT dog/NN ./.","it was like, hey, maybe you're still allergic to the dog. /"
sd,A,"It/PRP was/VBD like/IN ,/, oh/UH ,/, that/DT could/MD be/VB it/PRP ./.","It was like, {F oh, } that could be it. /"
sv,B,"The/DT thing/NN I/PRP do/VBP n't/RB like/VB about/IN dogs/NNS sometimes/RB is/VBZ that/IN the/DT house/NN will/MD just/RB reek/VB ,/,","The thing I don't like about dogs sometimes is that the house will just reek,"
b,A,Yeah/UH ./.,Yeah. /
+,B,"of/IN the/DT dogs/NNS ,/, and/CC constantly/RB ./.","of the dogs, (( and constantly )) . /"
sv,A,"Well/UH ,/, dogs/NNS are/VBP real/RB high/JJ maintenances/NNS ,/,","{D Well, } dogs are real high maintenances, /"
sv,A,you/PRP got/VBD to/TO take/VB them/PRP for/IN walks/NNS,you got to take them for walks /
sv,A,"and/CC you/PRP 've/VBP got/VBN to/TO pay/VB a/DT lot/NN ,/, you/PRP know/VBP ,/,","{C and } you've got to pay a lot, {D you know, } /"
sv,A,you/PRP need/VBP to/TO pay/VB attention/NN to/IN cats/NNS and/CC everything/NN,you need to pay attention to cats and everything /
sv,A,but/CC it/PRP 's/BES not/RB quite/PDT the/DT same/JJ thing/NN ./.,{C but } it's not quite the same thing. /
aa,B,"Yeah/UH ,/,","Yeah, /"
aa,B,that/DT 's/BES true/JJ ./.,that's true. /
sv,A,"Um/UH ,/, and/CC ,/, um/UH ,/, um/UH ,/, you/PRP know/VBP ,/, it/PRP 's/BES ,/, it/PRP 's/BES just/RB nice/JJ that/IN cats/NNS ,/, you/PRP know/VBP ,/, cats/NNS ,/, yeah/UH ,/, you/PRP do/VBP n't/RB have/VB to/TO let/VB them/PRP outside/RB ,/, you/PRP know/VBP ,/,","{F Um, } {C and, } {F um, } {F um, } {D you know, } [ it's, + it's ] just nice that [ cats, + {D you know, } cats, ] {D yeah, } you don't have to let them outside, (( {D you know, } /"
sv,A,"all/DT cats/NNS are/VBP indoor/JJ cats/NNS ,/,","all )) cats are indoor cats, /"
b,B,Uh-huh/UH ./.,Uh-huh. /
sv,A,"so/RB ,/, you/PRP know/VBP ,/, they/PRP 're/VBP not/RB ,/, yo-/PRP ,/, w-/XX ,/, you/PRP 're/VBP not/RB worried/JJ about/IN them/PRP running/VBG all-around/RB the/DT neighborhood/NN","{C so, } {D you know, } [ they're not, + [ [ yo-, + w-, ] + you're ] ] not worried about them running all-around the neighborhood /"
sv,A,"and/CC ,/, you/PRP know/VBP ,/, they/PRP ,/, you/PRP know/VBP ,/, they/PRP ,/, they/PRP make/VBP their/PRP$ mess/NN in/IN the/DT cat/NN pan/NN which/WDT is/VBZ ,/,","{C and, } {D you know, } [ [ they, + {D you know, } they, ] + they ] make their mess in the cat pan which is, -/"
^2,B,Limited/JJ ./.,Limited. /
aa,A,"yeah/UH ,/,","yeah, /"
sv,A,"it/PRP 's/BES ,/, you/PRP know/VBP ,/, it/PRP 's/BES a/DT pain/NN to/TO clean/VB","[ it's, + {D you know, } it's ] a pain to clean /"
%,A,"but/CC ,/, you/PRP know/VBP ,/, we/PRP used/VBD to/TO ,/,","{C but, } {D you know, } we used to, - /"
sv,A,"I/PRP mean/VBP ,/, they/PRP got/VBD great/JJ stuff/NN out/RP now/RB for/IN cleaning/VBG cats/NNS '/POS pans/NNS ./.","{E I mean, } they got great stuff out now for cleaning cats' (( pans )) . /"
%,A,"They/PRP did/VBD n't/RB ,/,","They didn't, -/"
bh,B,"Oh/UH ,/, really/UH ?/.","{F Oh, } really? /"
sd,A,"Well/UH ,/, when/WRB I/PRP was/VBD ,/, you/PRP know/VBP ,/, when/WRB I/PRP was/VBD growing/VBG up/RP I/PRP had/VBD a/^TO clean/VB the/DT cat/NN pan/NN all/PDT the/DT time/NN ,/,","{D Well, } [ when I was, + {D you know, } when I was ] growing up I had a clean the cat pan all the time, /"
sd,A,"and/CC I/PRP hated/VBD it/PRP because/IN I/PRP had/VBD to/TO carry/VB everything/NN upstairs/RB and/CC ,/, you/PRP know/VBP ,/, and/CC use/VB this/DT thing/NN to/TO ,/, you/PRP know/VBP ,/, scoop/VB the/DT ,/, take/VB the/DT stuff/NN out/RB and/CC put/VB it/PRP in/IN the/DT toilet/NN and/CC everything/NN","{C and } I hated it because I had to carry everything upstairs [ and, + {D you know, } and ] use this thing to, {D you know, } [ scoop the, + take the ] stuff out and put it in the toilet and everything /"
sd,A,it/PRP was/VBD really/RB terrible/JJ ./.,it was really terrible. /
sd,A,"But/CC now/RB they/PRP have/VBP like/UH this/DT ,/, you/PRP get/VBP these/DT liners/NNS ,/,","{C But } now [ they have {D like } this, + you get these ] liners,"
b,B,Uh-huh/UH ./.,Uh-huh. /
+,A,"that/DT is/VBZ garbage/NN bags/NNS ,/, you/PRP know/VBP ,/,","that is garbage bags, {D you know, } /"
%,A,"and/CC you/PRP ,/, and/CC you/PRP ,/, you/PRP know/VBP the/DT ,/,","[ {C and } you, + {C and } you, ] {D you know } the, -/"
ba,B,"Oh/UH ,/, that/DT sounds/VBZ so/RB easy/JJ ,/, what/WP I/PRP did/VBD ,/,","{F Oh, } that sounds so easy, what I did, /"
aa,A,"Yeah/UH ,/,","Yeah, /"
sd,A,"the/DT cats/NNS do/VBP it/PRP in/IN there/RB ,/,","the cats do it in there, /"
sd,A,"you/PRP pull/VBP it/PRP and/CC take/VBP it/PRP out/RB and/CC throw/VBP it/PRP away/RB ,/,","you pull it and take it out and throw it away, /"
sd,A,"and/CC that/DT 's/BES it/PRP ,/, ./.","{C and } that's it, <laughter>. /"
b,B,"Yeah/UH ,/,","Yeah, /"
sd,B,"I/PRP housesat/VBD from/IN cats/NNS for/IN a/DT friend/NN of/IN mine/PRP which/WDT she/PRP was/VBD finishing/VBG up/RP her/PRP thesis/NN ,/,","I housesat (( from )) cats for a friend of mine which she was finishing up her thesis, /"
b,A,Uh-huh/UH ./.,Uh-huh. /
sd,B,"and/CC what/WP we/PRP used/VBD to/TO do/VB was/VBD just/RB put/VB ,/, um/UH ,/, newspaper/NN on/IN the/DT bottom/NN and/CC then/RB put/VB cat/NN litter/NN","{C and } what we used to do was just put, {F um, } newspaper on the bottom and then put cat litter /"
sd,B,and/CC then/RB I/PRP would/MD just/RB take/VB the/DT whole/JJ thing/NN to/IN the/DT garbage/NN can/NN and/CC dump/VB the/DT whole/JJ thing/NN ./.,{C and then } I would just take the whole thing to the garbage can and dump the whole thing. /
sv,A,Same/JJ idea/NN ./.,Same idea <laughter>. /
sd,B,"Then/RB I/PRP would/MD do/VB it/PRP ,/, you/PRP know/VBP ,/, everyday/^DT^NN or/CC two/CD days/NNS so/RB I/PRP would/MD clean/VB that/DT pan/NN very/RB ,/, very/RB rarely/RB ,/,","Then I would do it, {D you know, } everyday or two days so I would clean that pan very, very rarely, /"
qy,A,Everyday/JJ ?/.,Everyday? /
sd,B,and/CC so/RB it/PRP was/VBD n't/RB so/RB bad/JJ ./.,{C and so } it wasn't so bad. /
b,A,"Oh/UH ,/, okay/UH ,/,","{F Oh, } okay, /"
b,A,I/PRP see/VBP ./.,I see. /
%,B,MUMBLEx/XX two/CD cats/NNS and/CC just/RB as/RB easy/JJ,(( )) two cats and (( just as easy )) - /
sd,B,"it/PRP just/RB never/RB started/VBD smelling/VBG ,/,","it just never started smelling, /"
sd,B,"I/PRP would/MD put/VB just/RB a/DT little/JJ bit/NN of/IN cat/NN litter/NN in/IN there/RB ,/,","I would put just a little bit of cat litter in there,"
b,A,Uh-huh/UH ./.,Uh-huh. /
+,B,"because/IN if/IN I/PRP put/VBP a/DT lot/NN ,/, one/CD of/IN the/DT cats/NNS would/MD have/VB been/VBN ,/,","because if I put a lot, one of the cats would have been, - /"
sd,B,all/DT of/IN her/PRP$ animals/NNS that/WDT she/PRP ever/RB had/VBD were/VBD adopted/VBN ./.,"<laughter>, all of her animals that she ever had were adopted. /"
b,A,Uh-huh/UH ./.,Uh-huh. /
aa,B,"I/PRP that/DT true/JJ ,/,","I that true, /"
aa,B,yeah/UH ./.,yeah. /
aa,B,"Yeah/UH ,/,","Yeah, /"
sd,B,"she/PRP 's/HVS even/RB got/VBN ,/, she/PRP 's/HVS got/VBN one/CD dog/NN now/RB and/CC the/DT two/CD cats/NNS","[ she's even got, + she's got ] one dog now and the two cats /"
sd,B,"and/CC her/PRP$ dog/NN there/EX is/VBZ ,/, is/VBZ basically/RB a/DT reject/NN ,/,","{C and } her dog there [ is, + is ] basically a reject, /"
sd,B,"somebody/NN had/VBD bought/VBN him/PRP ,/,","somebody had bought him,"
b,A,Uh-huh/UH ./.,Uh-huh. /
+,B,and/CC wanted/VBD him/PRP ./.,and wanted him. /
sd,B,"It/PRP was/VBD her/PRP$ ex/NN boyfriend/NN and/CC ,/, you/PRP know/VBP ,/, just/RB was/VBD not/RB mature/JJ enough/RB to/TO keep/VB the/DT dog/NN ,/, did/VBD n't/RB realize/VB how/WRB much/JJ work/NN it/PRP was/VBD","It was her ex boyfriend and, {D you know, } just was not mature enough to keep the dog, didn't realize how much work it was /"
sd,B,"and/CC now/RB ,/,","{C and } now,"
b,A,Uh-huh/UH ./.,Uh-huh. /
+,B,she/PRP 's/BES stuck/JJ with/IN it/PRP ./.,she's stuck with it. /
sd,B,And/CC she/PRP 's/BES just/RB so/RB kindhearted/JJ that/IN she/PRP just/RB takes/VBZ all/PDT the/DT animals/NNS,{C And } she's just so kindhearted that she just takes all the animals /
sd,B,"but/CC I/PRP think/VBP that/IN for/IN me/PRP ,/, well/UH ,/, my/PRP$ husband/NN just/RB has/VBZ completely/RB nixed/VBN the/DT idea/NN of/IN having/VBG a/DT dog/NN or/CC a/DT cat/NN ./.","{C but } I think that for me, {D well, } my husband just has completely nixed the idea of having a dog or a cat <laughter>. /"
x,A,./.,<Laughter>.
sd,B,because/IN that/DT 's/BES all/DT there/EX is/VBZ to/IN it/PRP ./.,{C because } that's all there is to it. /
%,B,"So/RB ,/, you/PRP know/VBP ,/,","{C So, } {D you know, } -/"
qy,A,"So/RB ,/, you/PRP do/VBP n't/RB have/VB anything/NN right/RB now/RB ?/.","{C So, } you don't have anything right now? /"
nn,B,"No/UH ,/,","No, /"
sd,B,we/PRP do/VBP n't/RB have/VB anything/NN right/RB now/RB ./.,we don't have anything right now. /
qy^d,A,"Oh/UH ,/, except/IN the/DT kid/NN ,/,","{F Oh, } except the kid, /"
%,A,"huh/UH ,/, that/WDT 's/BES ,/,","(( {F huh, } that's )) , -/"
na,B,"Oh/UH ,/, right/UH ,/, ,/,","{F Oh, } right, <laughter>, /"
sd,B,now/RB we/PRP have/VBP a/DT kid/NN,now we have a kid /
sd,B,"but/CC he/PRP was/VBD ,/, no/UH ,/, completely/RB against/IN having/VBG a/DT dog/NN or/CC cat/NN ,/,","{C but } he was, {E no, } completely against having a dog or cat, /"
sd,B,"he/PRP said/VBD ,/, they/PRP 're/VBP much/JJ ,/, they/PRP 're/VBP as/RB much/JJ work/NN as/IN a/DT kid/NN ,/,","he said, [ they're much, + they're as much ] work as a kid, /"
^q,B,"and/CC they/PRP 're/VBP harder/JJR to/TO get/VB rid/VBN of/IN for/IN the/DT weekend/NN ,/, ./.","{C and } they're harder to get rid of for the weekend, <laughter>. /"
%,B,"And/CC ,/,","{C And, } -/"
sv,A,"Uh/UH ,/, I/PRP do/VBP n't/RB ,/, I/PRP do/VBP n't/RB know/VB because/IN the/DT cats/NNS pretty/RB much/JJ ,/, um/UH ,/,","{F Uh, } [ I don't, + I don't ] know because the cats pretty much, {F um, } - /"
%,A,"yeah/UH ,/,","yeah, /"
sd,A,"we/PRP can/MD leave/VB them/PRP for/IN a/DT weekend/NN as/RB long/RB as/IN we/PRP put/VBP plenty/JJ of/IN food/NN out/RB ,/,","we can leave them for a weekend as long as we put plenty of food out, /"
b,B,Uh-huh/UH ./.,Uh-huh. /
sd,A,"and/CC ,/, um/UH ,/, uh/UH ,/, it/PRP 's/BES not/RB a/DT big/JJ deal/NN really/RB ,/,","{C and, } {F um, } {F uh, } it's not a big deal really, /"
sd,A,"I/PRP mean/VBP they/PRP 're/VBP ,/, they/PRP 're/VBP happier/JJR when/WRB we/PRP 're/VBP around/RB","{E I mean } [ they're, + they're ] happier when we're around /"
sd,A,"but/CC ,/, you/PRP know/VBP ,/, they/PRP ,/, they/PRP 're/VBP pretty/RB much/RB okay/JJ by/IN themselves/PRP ,/,","{C but, } {D you know, } [ they, + they're ] pretty much okay by themselves, /"
sv,A,"um/UH ,/, and/CC I/PRP do/VBP n't/RB ,/, you/PRP know/VBP ,/, we/PRP could/MD n't/RB do/VB that/DT with/IN a/DT dog/NN ./.","{F um, } {C and } [ I don't, + {D you know, } we couldn't ] do that with a dog. /"
aa,B,"That/DT 's/BES ,/, uh/UH ,/, yeah/UH ,/, really/RB true/JJ ./.","That's, {F uh, } {D yeah, } really true. /"
sd,B,"But/CC like/IN the/DT friends/NNS ,/, other/JJ friends/NNS of/IN mine/PRP have/VBP cats/NNS ,/,","{C But } {D like } [ the friends, + other friends ] of mine have cats, /"
sd,B,"they/PRP have/VBP four/CD of/IN them/PRP ,/,","they have four of them, /"
sd,B,"and/CC if/IN they/PRP go/VBP away/RB ,/, they/PRP have/VBP ,/, they/PRP hire/VBP a/DT pet/NN sitter/NN to/TO come/VB in/RB twice/RB a/DT day/NN and/CC pet/VB them/PRP and/CC things/NNS like/IN that/DT","{C and } if they go away, [ they have, + they hire ] a pet sitter to come in twice a day and pet them and things like that /"
sd,B,"and/CC their/PRP$ cats/NNS ,/, you/PRP know/VBP ,/, they/PRP 're/VBP so/RB used/JJ to/IN the/DT attention/NN ,/, that/IN if/IN they/PRP do/VBP n't/RB get/VB it/PRP ,/, they/PRP get/VBP really/RB upset/JJ ,/,","{C and } their cats, {D you know, } they're so used to the attention, that if they don't get it, they get really upset, /"
sv,A,"Well/UH ,/, that/DT 's/BES ,/,","(( {D Well } )) , [ that's, +"
sd,B,"and/CC ,/, you/PRP know/VBP ,/, they/PRP sort/RB of/RB cause/VBP trouble/NN around/IN the/DT house/NN and/CC things/NNS like/IN that/DT ./.","{C and, } {D you know, } they sort of cause trouble around the house and things like that. /"
+,A,"That/DT 's/BES ,/, um/UH ,/, pampering/VBG the/DT ,/, the/DT petals/NNS ./.","That's, ] {F um, } pampering [ the, + the ] petals <laughter>. /"
sd,B,"I/PRP ,/, I/PRP tried/VBD to/TO have/VB ,/, um/UH ,/, ,/, figured/VBN something/NN having/VBG ,/, MUMBLEx/XX","[ I, + I ] [ tried to have, + {F um, } <laughter>, figured something having, ] (( )) - /"
sd,B,"so/RB I/PRP tried/VBD to/TO have/VB a/DT goldfish/NN ,/,","{C so } I tried to have a goldfish, /"
b,A,Uh-huh/UH ./.,Uh-huh. /
sd,B,"and/CC ,/, um/UH ,/, I/PRP killed/VBD that/DT one/NN within/IN a/DT very/RB short/JJ amount/NN of/IN time/NN ./.","{C and, } {F um, } I killed that one within a very short amount of time. /"
sv,A,"But/CC they/PRP 're/VBP not/RB that/RB much/RB fun/JJ ,/, you/PRP know/VBP ,/,","(( {C But } )) they're not that much fun, {D you know, } /"
sv,A,"you/PRP ca/MD n't/RB take/VB them/PRP for/IN a/DT walk/NN ,/,","you can't take them for a walk, /"
sv,A,"you/PRP ca/MD n't/RB ,/, you/PRP know/VBP ,/,","you can't, {D you know, } - /"
sv,A,"they/PRP ,/, they/PRP do/VBP n't/RB ,/, they/PRP ca/MD n't/RB fetch/VB ,/, you/PRP know/VBP ,/,","[ they, + [ they don't, + they can't ] ] fetch, {D you know, } /"
b,B,Right/UH ./.,Right. /
sv,A,"they/PRP ca/MD ,/, they/PRP ca/MD n't/RB do/VB anything/NN ,/,","[ they ca-, + they can't ] do anything, /"
%,A,"so/RB I/PRP 've/VBP never/RB ,/,","{C so } I've never, - /"
sd,A,"I/PRP think/VBP we/PRP had/VBD fish/NN sh-/XX ,/, when/WRB I/PRP was/VBD a/DT kid/NN","I think we had fish [ sh-, + ] when I was a kid /"
%,A,"but/CC I/PRP do/VBP n't/RB ,/,","{C but } I don't, -/"
sd,B,My/PRP$ brother/NN had/VBD fish/NN when/WRB I/PRP was/VBD a/DT kid/NN,My brother had fish when I was a kid /
sd,B,"I/PRP remember/VBP that/DT ,/,","I remember that, /"
sd,B,"and/CC one/CD of/IN his/PRP$ fish/NN jumped/VBD out/IN of/IN the/DT ,/, um/UH ,/, gosh/UH ,/, what/WP do/VBP you/PRP call/VB it/PRP ,/, fish/NN tank/NN ./. And/CC fried/VBD itself/PRP ,/, ,/, on/IN the/DT radiator/NN behind/IN the/DT dresser/NN ./.","{C and } one of his fish jumped out of the, {F um, } {D gosh, } {A what do you call it, } fish tank. And fried itself, <laughter>, on the radiator behind the dresser. /"
sd,B,I/PRP 'll/MD never/RB forget/VB that/DT,I'll never forget that /
sd,B,"because/IN I/PRP remember/VBP my/PRP$ brother/NN ,/,","{C because } I remember my brother,"
b,A,Oh/UH ./.,Oh. /
+,B,he/PRP came/VBD home/RB and/CC he/PRP counted/VBD the/DT fish/NN,he came home and he counted the fish /
sd,B,and/CC one/CD of/IN the/DT fish/NN was/VBD missing/JJ,{C and } one of the fish was missing /
sd,B,"and/CC they/PRP could/MD n't/RB find/VB it/PRP anyplace/RB ,/,","{C and } they couldn't find it anyplace, /"
sd,B,they/PRP could/MD n't/RB figure/VB out/RP what/WP had/VBD happened/VBN,they couldn't figure out what had happened /
sd,B,"and/CC then/RB they/PRP found/VBD it/PRP fried/JJ on/IN ,/, ,/, the/DT radiator/NN behind/IN ./.","{C and then } they found it fried on, <laughter>, the radiator behind. /"
b,A,Oh/UH ./.,Oh. /
sd,B,"MUMBLEx/XX it/PRP was/VBD not/RB gross/JJ ,/,","(( )) it was not gross, /"
sd,B,I/PRP did/VBD n't/RB see/VB it/PRP,I didn't see it /
%,B,"but/CC ,/, um/UH ,/,","{C but, } {F um, }"
b,A,Oh/UH ./.,Oh. /
+,B,MUMBLEx/XX got/VBD them/PRP ./.,(( )) got them. - /
sd,B,"Trying/VBG to/TO remember/VB we/PRP had/VBD a/DT dog/NN for/IN a/DT while/NN ,/,","Trying to remember we had a dog for a while, /"
sd,B,and/CC I/PRP do/VBP n't/RB know/VB if/IN we/PRP got/VBD rid/VBN of/IN the/DT dog/NN,{C and } I don't know if we got rid of the dog /
sd,B,"because/IN my/PRP$ brother/NN was/VBD allergic/JJ to/IN it/PRP ,/,","{C because } my brother was allergic to it, /"
sd,B,"my/PRP$ brother/NN had/VBD asthma/NN and/CC some/DT allergies/NNS which/WDT I/PRP think/VBP he/PRP 's/HVS outgrown/VBN now/RB ,/,","my brother had asthma and some allergies which I think he's outgrown now, /"
b,A,Uh-huh/UH ./.,Uh-huh. /
sd,B,but/CC because/IN of/IN that/DT we/PRP did/VBD n't/RB have/VB very/RB many/JJ pets/NNS afterwards/RB,{C but } because of that we didn't have very many pets afterwards /
sd,B,and/CC then/RB he/PRP had/VBD fish/NN ./.,{C and then } he had fish. /
b,A,Uh-huh/UH ./.,Uh-huh. /
%,B,"And/CC you/PRP ,/,","{C And } you, - /"
aa,B,"they/PRP 're/VBP ,/, like/IN you/PRP say/VBP ,/, they/PRP 're/VBP not/RB the/DT most/RBS exciting/JJ pet/NN to/TO have/VB ./.","[ they're, + like you say, they're ] not the most exciting pet to have. /"
aa,A,"No/UH ,/,","No, /"
%,A,"it/PRP 's/BES like/IN ,/,","it's like, - /"
h,A,"I/PRP just/RB ,/, I/PRP do/VBP n't/RB know/VB ,/,","[ I just, + I ] don't know, /"
sd,A,"I/PRP ,/, I/PRP just/RB never/RB understood/VBD why/WRB ,/, what/WP the/DT attraction/NN ,/,","[ I, + I ] just never understood [ why, + what ] the attraction, - /"
sd,A,"I/PRP mean/VBP ,/, they/PRP 're/VBP ,/, you/PRP know/VBP ,/, they/PRP 're/VBP pretty/JJ and/CC everything/NN","{E I mean, } [ they're, + {D you know, } they're ] pretty and everything /"
sd,A,"but/CC I/PRP 've/VBP just/RB never/RB s/VBN ,/, seen/VBN the/DT attraction/NN of/IN having/VBG fish/NN ./.","{C but } I've just never [ s-, + seen [ the attraction of having fish. /"
sv,A,It/PRP 's/BES not/RB as/RB much/JJ fun/NN ./.,It's not as much fun. /
sd,B,"Well/UH ,/, a/DT friend/NN of/IN mine/PRP had/VBD ,/, um/UH ,/, an/DT eel/NN ,/,","{D Well, } a friend of mine had, {F um, } an eel, /"
bh,A,",/, an/DT eel/NN ?/.","<Breathing>, an eel? /"
%,B,"and/CC then/RB he/PRP had/VBD a/DT ,/, um/UH ,/,","{C and then } he had a, {F um, } - /"
^h,B,"I/PRP forget/VBP what/WDT type/NN of/IN fish/NN it/PRP was/VBD ,/,","I forget what type of fish it was, /"
sd,B,"it/PRP was/VBD one/CD of/IN these/DT fish/NNS that/WDT i-/PRP ,/, it/PRP would/MD eat/VB ,/, it/PRP ate/VBD a/DT big/JJ other/JJ fish/NN and/CC things/NNS like/IN that/DT ./.","it was one of these fish that [ [ i-, + it ] would eat, + it ate ] a big other fish and things like that. /"
sd,B,There/EX would/MD be/VB sort/RB of/RB moby/NN fish/NN in/IN a/DT tank/NN ./.,(( There would be sort of )) (( moby )) fish in a tank. /
sv,A,"Oh/UH ,/, now/RB we/PRP really/RB get/VBP sick/JJ ./.","{F Oh, } now we really get sick <laughter>. /"
b,B,"Yeah/UH ,/,","Yeah, /"
%,B,"and/CC it/PRP ,/,","{C and } it, - /"
sd,B,"I/PRP ,/, I/PRP could/MD n't/RB see/VB having/VBG fish/NN like/IN that/DT ./.","[ I, + I ] couldn't see having fish like that. /"
b,A,Yeah/UH ./.,Yeah. /
sd,B,"I/PRP could/MD see/VB some/DT having/VBG ,/, maybe/RB some/DT of/IN the/DT tropical/JJ fish/NN ,/, that/WDT are/VBP really/RB ,/, really/RB pretty/JJ","I could see [ (( some )) + having, maybe some ] of the tropical fish, that are really, really pretty /"
%,B,"but/CC ,/,","{C but, } -/"
sd,A,"Like/UH ,/, I/PRP remember/VBP a/DT friend/NN of/IN mine/PRP at/IN work/NN telling/VBG me/PRP that/IN at/IN his/PRP$ frat/NN in/IN college/NN that/IN they/PRP had/VBD a/DT tank/NN of/IN piranha/NN ,/,","{D Like, } (( I remember )) a friend of mine at work telling me that at his frat in college that they had a tank of piranha,"
b,B,Uh-huh/UH ./.,Uh-huh. /
+,A,"and/CC ,/, uh/UH ,/, you/PRP know/VBP ,/, used/VBD to/TO drop/VB mice/NNS in/IN MUMBLEx/XX","and, {F uh, } {D you know, } used to drop mice in (( )) /"
sd,A,"this/DT is/VBZ not/RB ,/, these/DT are/VBP n't/RB cats/NNS ,/, ,/, you/PRP know/VBP ,/,","[ this is not, + these aren't ] cats, <laughter>, {D you know, } /"
b,B,Yeah/UH ./.,Yeah. /
sv,A,this/DT is/VBZ gross/JJ ./.,this is gross. /
aa,B,"Yeah/UH ,/,","Yeah, /"
ar,B,"no/UH ,/,","no, /"
%,B,"that/DT would/MD be/VB ,/,","that would be, - /"
qy,B,"what/WP did/VBD they/PRP do/VBP ,/, everyone/NN come/VBP around/RB and/CC watch/VB them/PRP ./.","what did they do, everyone come around and watch them. /"
ny,A,Yep/UH ./.,Yep. /
sv,B,"I/PRP mean/VBP ,/, I/PRP guess/VBP that/DT 's/BES fine/JJ if/IN you/PRP have/VBP a/DT mouse/NN problem/NN at/IN your/PRP$ frat/NN house/NN ,/,","{E I mean, } I guess that's fine if you have a mouse problem at your frat house,"
aa,A,"Yeah/UH ,/,","Yeah, /"
%,A,"well/UH ,/,","{D well, } -/"
+,B,and/CC your/PRP$ things/NNS destroyed/VBD the/DT mice/NNS ./.,and (( your things )) destroyed the mice. /
%,B,"But/CC ,/,","{C But, } -/"
b,A,"Yeah/UH ,/,","Yeah, /"
sv,A,"well/UH ,/, a/DT cat/NN will/MD do/VB the/DT same/JJ trick/NN ./.","{D well, } a cat will do the same trick <laughter>. /"
^h,B,"Let/VB 's/PRP see/VB ,/,","(( Let's see )) , /"
sd,B,"I/PRP had/VBD a/DT pet/NN rat/NN ,/, ,/, for/IN a/DT while/NN ,/,","I had a pet rat, <laughter>, for a while, /"
x,A,./.,<Breathing>.
sd,B,"and/CC it/PRP was/VBD a/DT live/JJ rat/NN ,/,","{C and } it was a live rat, /"
sd,B,"and/CC ,/, um/UH ,/, this/DT woman/NN just/RB offered/VBD it/PRP to/IN me/PRP while/IN I/PRP was/VBD in/IN ,/, in/IN graduate/NN school/NN","{C and, } {F um, } this woman just offered (( it to me )) while I was [ in, + in ] graduate school /"
sd,B,"and/CC ,/,","{C and, }"
sd,A,"I/PRP had/VBD a/DT friend/NN in/IN col-/NN ,/,","[ (( I had a friend )) in col-, +"
+,B,she/PRP was/VBD actually/RB a/DT very/RB fun/JJ pet/NN ./.,she was actually a very fun pet. /
+,A,"I/PRP had/VBD a/DT friend/NN in/IN college/NN who/WP had/VBD a/DT ,/, um/UH ,/, had/VBD a/DT pet/NN rat/NN for/IN a/DT while/NN ./.","I had a friend in college ] who [ had a, + {F um, } had a ] pet rat for a while. /"
b,B,Uh-huh/UH ./.,Uh-huh. /
sd,A,"Um/UH ,/, I/PRP forget/VBP how/WRB she/PRP got/VBD it/PRP ,/,","{F Um, } I forget how she got it, /"
sd,A,"but/CC it/PRP was/VBD ,/, um/UH ,/, it/PRP was/VBD the/DT same/JJ kind/NN of/IN a/DT deal/NN","{C but } [ it was, + {F um, } it was ] the same kind of a deal /"
sd,A,"I/PRP think/VBP she/PRP got/VBD it/PRP ,/,","I think she got it, - /"
sd,A,I/PRP think/VBP she/PRP was/VBD a/DT psych/NN major/NN,I think she was a psych major /
sd,A,and/CC she/PRP got/VBD it/PRP from/IN the/DT psych/NN department/NN ./.,{C and } she got it from the psych department. /
b,B,"Yeah/UH ,/,","(( Yeah )) , /"
sd,B,"mine/PRP had/VBD been/VBN a/DT ,/, a/DT ,/, a/DT","mine had been [ [ a, + a, ] + a ] - /"
t1,B,"how/WRB did/VBD this/DT work/NN ,/,","how did this work, /"
sd,B,a/DT mill/NN rat/NN had/VBD been/VBN bought/VBN,a mill rat had been bought /
sd,B,"and/CC the/DT people/NNS in/IN the/DT lab/NN one/CD day/NN called/VBD in/IN my/PRP$ friend/NN and/CC said/VBD ,/, you/PRP know/VBP ,/, this/DT rat/NN is/VBZ acting/VBG really/RB strange/RB I/PRP think/VBP he/PRP 's/BES sick/JJ ,/,","and the people in the lab one day called in my friend and said, {D you know, } this rat is acting really strange I think he's sick, /"
sd,B,"and/CC she/PRP said/VBD ,/, I/PRP do/VBP n't/RB think/VB he/PRP 's/BES sick/JJ ,/, I/PRP think/VBP she/PRP 's/BES pregnant/JJ ,/, ./.","{C and } she said, I don't think he's sick, I think she's pregnant, <laughter>. /"
ba,A,Whoops/UH ./.,<Laughter> Whoops <laughter>. /
sd,B,And/CC they/PRP had/VBD misclassed/VBN the/DT sex/NN of/IN MUMBLEx/XX back/RB there/RB,{C And } they had (( misclassed )) the sex of (( )) (( back there )) - /
sd,B,"and/CC so/RB ,/, um/UH ,/, she/PRP asked/VBD me/PRP if/IN I/PRP want/VBP to/IN ,/, one/CD of/IN those/DT babies/NNS ,/,","{C and so, } {F um, } she asked me if I want [ to, + ] (( one of those )) babies, /"
sd,B,and/CC I/PRP took/VBD the/DT baby/NN,{C and } I took the baby /
sd,B,"and/CC I/PRP got/VBD her/PRP when/WRB she/PRP was/VBD ,/, you/PRP know/VBP ,/, just/RB this/DT tiniest/JJS little/JJ thing/NN like/IN ,/,","{C and } I got her when she was, {D you know, } just this tiniest little thing like,"
b,A,Uh-huh/UH ./.,Uh-huh. /
+,B,"half/PDT the/DT price/NN of/IN a/DT mouse/NN ,/,","half the price of a mouse, /"
sd,B,"and/CC then/RB she/PRP grew/VBD to/TO be/VB ,/, you/PRP know/VBP ,/,","{C and then } she grew to be, {D you know, } - /"
sd,B,I/PRP had/VBD pictures/NNS of/IN her/PRP when/WRB she/PRP would/MD sit/VB on/IN my/PRP$ hand/NN,I had pictures of her when she would sit on my hand /
sd,B,"and/CC then/RB she/PRP grew/VBD to/TO be/VB pretty/RB big/JJ ,/,","{C and then } she grew to be pretty big,"
b,A,Uh-huh/UH ./.,Uh-huh. /
+,B,"you/PRP know/VBP ,/, like/IN a/DT pound/NN or/CC something/NN","{D you know, } {D like } a pound or something /"
sd,B,"I/PRP do/VBP n't/RB know/VB how/WRB much/JJ ,/,","I don't know how much, /"
sd,B,and/CC I/PRP had/VBD her/PRP for/IN over/IN two/CD years/NNS,{C and } I had her for over two years /
sd,B,and/CC she/PRP was/VBD very/RB affectionate/JJ ./.,{C and } she was very affectionate. /
sd,B,"She/PRP would/MD ,/, you/PRP know/VBP ,/, crawl/VB on/IN me/PRP","She would, {D you know, } crawl on me /"
sd,B,"and/CC she/PRP would/MD sit/VB like/IN on/IN my/PRP$ neck/NN or/CC my/PRP$ shoulder/NN while/IN I/PRP was/VBD working/VBG ,/,","{C and } she would sit like on my neck or my shoulder while I was working,"
b,A,Uh-huh/UH ./.,Uh-huh. /
+,B,"and/CC things/NNS like/IN that/DT ./. Yeah/UH ,/, much/RB more/RBR than/IN you/PRP would/MD think/VB ./.","and things like that. {D Yeah, } much more than you would think. /"
b,A,"Oh/UH ,/, yeah/UH ,/,","{F Oh, } yeah, /"
sv,A,"I/PRP mean/VBP ,/, you/PRP know/VBP ,/, if/IN you/PRP get/VBP them/PRP young/JJ and/CC everything/NN before/IN they/PRP go/VBP ,/, kind/RB of/RB nuts/JJ ,/,","{E I mean, } {D you know, } if you get them young and everything before they go, kind of (( nuts, - /"
%,A,so/RB ./.,{C so } )) . -/
b,B,Yeah/UH,Yeah /
%,B,"and/CC ,/,","{C and, } -/"
b,A,"Yeah/UH ,/,","Yeah, /"
sd,A,"rats/NNS are/VBP not/RB my/PRP$ favorite/JJ animals/NNS in/IN the/DT world/NN ,/,","rats are not my favorite animals in the world, /"
sd,A,but/CC I/PRP could/MD see/VB getting/VBG one/CD from/IN birth/NN and/CC everything/NN ./.,{C but } I could see getting one from birth and everything. /
b,B,"Yeah/UH ,/,","Yeah, /"
sd,B,"I/PRP ,/, sort/RB of/RB weird/JJ for/IN me/PRP to/TO have/VB had/VBN one/CD too/RB","[ I, + ] sort of weird for me to have had one too /"
%,B,"but/CC there/EX ,/,","{C but } there, - /"
sd,B,it/PRP was/VBD a/DT convenient/JJ little/JJ pet/NN to/TO have/VB because/IN it/PRP stayed/VBD in/IN its/PRP$ cage/NN,it was a convenient little pet to have because it stayed in its cage /
sd,B,"and/CC ,/, you/PRP know/VBP ,/, it/PRP was/VBD easy/JJ ./.","{C and, } {D you know, } it was [ easy. +"
b,A,Yeah/UH ./.,Yeah. /
+,B,Easy/JJ to/TO take/VB care/NN of/IN,Easy ] to take care of /
%,B,"and/CC but/CC ,/,","[ {C and } + {C but, } ] -/"
aa,A,"Yeah/UH ,/,","Yeah, /"
sd,A,"I/PRP ,/, I/PRP ,/, I/PRP have/VBP friends/NNS with/IN hamsters/NNS and/CC gerbils/NNS","[ [ I, + I, ] + I ] have friends with hamsters and gerbils /"
sd,A,"and/CC they/PRP ,/, they/PRP tell/VBP me/PRP the/DT same/JJ thing/NN ./.","{C and } [ they, + they ] tell me the same thing. /"
b,B,Uh-huh/UH ./.,Uh-huh. /
%,A,"I/PRP just/RB ,/,","I just, - /"
sv,A,"again/RB it/PRP gets/VBZ into/IN vivant/JJ much/RB fun/JJ ,/, ,/, you/PRP know/VBP what/WP ,/, I/PRP guess/VBP they/PRP can/MD be/VB ./.","again it gets into (( vivant )) much fun, <laughter>, {D you know } what, I guess they can be. /"
%,A,"I/PRP ,/,","I, -/"
sv,B,"Actually/RB it/PRP was/VBD more/RBR fun/JJ than/IN you/PRP would/MD think/VB ./. Yeah/UH ,/, starting/VBG from/IN the/DT beginning/NN","{D Actually } it was more fun than you would think. {D Yeah, } starting from the beginning /"
%,B,"but/CC ,/, um/UH ,/,","{C but, } {F um, } - /"
%,B,"yeah/UH ,/,","yeah, /"
sd,B,"we/PRP live/VBP ,/, also/RB live/VBP in/IN the/DT city/NN now/RB ,/, actually/RB in/IN Manhattan/NNP ./.","we [ live, + also live ] in the city now, {D actually } in Manhattan. /"
b,A,Okay/UH ./.,Okay. /
sd,B,"And/CC so/RB it/PRP 's/BES almost/RB impossible/JJ to/IN ,/,","{C And so } it's almost impossible to, - /"
sv,B,"it/PRP 's/BES not/RB fair/JJ to/IN a/DT pet/NN to/TO have/VB a/DT pet/NN here/RB ,/,","it's not fair to a pet to have a pet here,"
b,A,Right/UH ./.,Right. /
+,B,"or/CC certainly/RB ,/, certainly/RB not/RB a/DT dog/NN ,/,","or [ certainly, + certainly ] not a dog, /"
sd,B,"I/PRP mean/VBP ,/, people/NNS do/VBP ,/,","{E I mean, } people do, /"
%,A,"Oh/UH people/NNS ,/,","{F Oh } people, -/"
%,B,"but/CC it/PRP 's/BES not/RB ,/,","{C but } it's not, -/"
sd,A,"I/PRP do/VBP n't/RB ,/, oh/UH ,/,","I don't, {F oh, } /"
sv,A,"plus/CC ,/, I/PRP mean/VBP ,/, the/DT pooper/NN scooper/NN one/CD New/NNP York/NNP ,/,","{C plus, } {E I mean, } the pooper scooper (( one )) New York, - /"
%,A,"so/RB ,/, you/PRP know/VBP ./.","(( {C so, } {D you know } )) . -/"
aa,B,"Oh/UH ,/, yeah/UH ,/,","{F Oh, } yeah, /"
sd,B,"you/PRP see/VBP all/PDT these/DT people/NNS ,/, yeah/UH ,/, these/DT stately/JJ people/NNS ,/, and/CC well/RB dressed/JJ people/NNS out/IN walking/VBG their/PRP$ dogs/NNS with/IN their/PRP$ plastic/NN bag/NN or/CC their/PRP$ piece/NN of/IN paper/NN for/IN them/PRP ,/,","you see all [ these people, + {D yeah, } these stately people, ] and well dressed people out walking their dogs with their plastic bag or their piece of paper for them, /"
sd,B,it/PRP 's/BES really/RB kind/RB of/RB funny/JJ ./.,it's really kind of funny. /
b,A,"Yeah/UH ,/, uh/UH ,/,","Yeah, (( {F uh } )) , /"
sd,A,"I/PRP was/VBD living/VBG in/IN northern/JJ Jersey/NNP when/WRB that/DT law/NN came/VBD through/IN ,/, remember/VB hearing/VBG all/DT about/IN it/PRP ,/,","I was living in northern Jersey when that (( law )) came through, remember hearing all about it, /"
b,B,Uh-huh/UH ./.,Uh-huh. /
qy^d,A,"we/PRP were/VBD wondering/VBG if/IN they/PRP ,/, uh/UH ,/, they/PRP had/VBD any/DT special/JJ law/NN for/IN the/DT horses/NNS in/IN Central/NNP Park/NNP ./.","we were wondering if [ they, + {F uh, } they ] had any special law for the horses in Central Park. /"
^h,B,"Right/UH ,/,","Right, /"
nn,B,"no/UH ,/,","no, /"
sd,B,they/PRP do/VBP n't/RB ./.,they don't. /
%,B,"I/PRP should/MD make/VB you/PRP ,/,","(( I should make you )) , -/"
aa,A,"Of/IN course/NN ,/, not/RB ./.","Of course, not. /"
sd,B,"they/PRP have/VBP ,/, um/UH ,/, the/DT bags/NNS behind/IN them/PRP","they have, {F um, } the bags behind them /"
sv,B,"but/CC I/PRP think/VBP they/PRP 're/VBP actually/RB supposed/VBN to/TO ,/,","{C but } I think they're actually supposed to,"
b,A,Hit/VB the/DT bags/NNS ./.,(( Hit )) the bags. /
+,B,"MUMBLEx/XX keep/VB them/PRP ,/, yeah/UH ,/, keep/VB them/PRP clean/JJ","(( )) [ keep them, + {D yeah, } keep them ] clean /"
sd,B,"but/CC ,/, oh/UH ,/, gosh/UH ,/, I/PRP ca/MD n't/RB even/RB walk/VB by/IN Central/NNP Park/NNP yeah/UH when/WRB summertime/NN ,/,","{C but, } {F oh, } gosh, I can't even walk by Central Park (( {D yeah } )) when summertime, /"
sd,B,"just/RB the/DT smell/NN is/VBZ so/RB bad/JJ ,/,","just the smell is so bad <laughter>,"
sd,A,"Oh/UH ,/, God/UH ,/, I/PRP ca/MD n't/RB ,/,","{F Oh, } {D God, } [ I can't, +"
+,B,of/IN the/DT horses/NNS ./.,of the horses. /
+,A,"Have/VBP n't/RB been/VBN up/IN there/RB ,/,","Haven't ] been up there, /"
sd,A,last/JJ time/NN I/PRP was/VBD there/RB was/VBD fall/NN so/RB probably/RB was/VBD n't/RB that/RB bad/JJ ./.,last time I was there was fall so probably wasn't that bad <laughter>. /
sv,B,"Oh/UH ,/, well/UH ,/, it/PRP 's/BES not/RB that/RB long/JJ ago/RB ./.","{F Oh, } {D well, } it's not that long ago. /"
sd,B,"It/PRP was/VBD ,/,","(( It was )) ,"
ar,A,Not/RB this/DT past/JJ fall/NN,Not this past fall /
sd,A,"but/CC I/PRP mean/VBP fall/NN ,/,","{C but } {E I mean } fall,"
+,B,"Oh/UH ,/, twelve/CD times/NNS ,/, of/IN the/DT year/NN ./.","{F Oh, } twelve times, of the year. /"
+,A,"a/DT few/JJ years/NNS ,/,","a few years, - /"
sd,A,"I/PRP mean/VBP ,/, it/PRP w-/XX ,/, it/PRP was/VBD in/IN the/DT ,/, yeah/UH ,/, it/PRP was/VBD almost/RB like/IN October/NNP of/IN eighty-five/CD ,/,","{E I mean, } [ [ it w-, + it was ] in the, + {D yeah, } it was almost ] {D like } October of eighty-five, /"
b,B,Uh-huh/UH ./.,Uh-huh. /
sd,A,"I/PRP think/VBP was/VBD the/DT last/JJ time/NN I/PRP was/VBD up/IN ,/, up/IN there/RB and/CC at/IN Center/NNP Park/NNP ./.","I think was the last time I was [ up, + up ] there and at Center Park. /"
b,B,Yeah/UH ./.,Yeah. /
sd,A,"Um/UH ,/, I/PRP had/VBD a/DT friend/NN who/WP went/VBD to/IN Colombia/NNP","{F Um, } I had a friend who went to Colombia /"
sd,A,and/CC I/PRP used/VBD to/TO go/VB up/RB and/CC visit/VB her/PRP ./.,{C and } I used to go up and visit her. /
b,B,Uh-huh/UH ./.,Uh-huh. /
%,A,"Um/UH ,/, so/UH ,/,","{F Um, } {C so, } -/"
b,B,"Yeah/UH ,/,","Yeah, /"
sd,B,"that/DT 's/BES not/RB too/RB far/RB from/IN were/^WRB we/PRP live/VBP ,/,","that's not too far from were we live, /"
sd,B,"do/VBP you/PRP have/VB ,/, you/PRP said/VBD you/PRP had/VBD two/CD cats/NNS ,/,","[ do you have, + you said you had ] two cats, /"
qy,B,"are/VBP they/PRP ,/, um/UH ,/, just/RB what/WP you/PRP call/VBP it/PRP ,/, are/VBP they/PRP breed/NN cats/NNS or/CC anything/NN","[ are they, + {F um, } just what you call it, are they ] breed cats or anything /"
%,B,"or/CC are/VBP they/PRP just/RB ,/,","{C or } are they just, -/"
nn,A,"No/UH ,/,","No, /"
sd,A,"they/PRP 're/VBP just/RB mutts/NNS ,/,","they're just mutts, /"
b,B,Uh-huh/UH ./.,Uh-huh. /
b,A,"yeah/UH ,/,","yeah, /"
sd,A,"my/PRP$ wife/NN got/VBD them/PRP from/IN ,/, uh/UH ,/, um/UH ,/, friend/NN of/IN hers/PRP$ at/IN work/NN and/CC everything/NN ,/, you/PRP know/VBP ,/, you/PRP know/VBP ,/, as/IN kittens/NNS ,/,","my wife got them from, {F uh, } {F um, } friend of hers at work and everything, {D you know, } {D you know, } as kittens, /"
b,B,Uh-huh/UH ./.,<<Very faint>> Uh-huh. /
sd,A,"and/CC it/PRP was/VBD before/IN ,/, I/PRP mean/VBP ,/, this/DT was/VBD before/IN we/PRP even/RB met/VBD ./.","{C and } [ it was before, + {E I mean, } this was before ] we even met. /"
sd,A,"Um/UH ,/, she/PRP 's/HVS had/VBN them/PRP for/IN a/DT couple/NN years/NNS ./.","{F Um, } she's had them for a couple years. /"
sd,A,"And/CC um/UH ,/, you/PRP know/VBP ,/, they/PRP 're/VBP really/RB cute/JJ ,/,","{C And } {F um, } {D you know, } they're really cute, /"
sd,A,"they/PRP 're/VBP ,/, they/PRP 're/VBP sisters/NNS ,/,","[ they're, + they're ] sisters, /"
b,B,Uh-huh/UH ./.,Uh-huh. /
sd,A,one/CD of/IN them/PRP is/VBZ a/DT lot/NN bigger/JJR than/IN the/DT other/JJ one/CD,one of them is a lot bigger than the other one /
sd,A,"and/CC ,/, ,/, she/PRP pushes/VBZ the/DT other/JJ one/CD away/RB from/IN the/DT food/NN ./.","{C and, } <laughter>, she pushes the other one away from the food. /"
sd,A,"Apparently/RB w-/XX ,/, I/PRP do/VBP n't/RB know/VB all/PDT the/DT details/NNS","Apparently [ w-, + I ] don't know all the details /"
sd,A,but/CC they/PRP were/VBD born/VBN around/IN Christmas/NNP because/IN one/CD of/IN them/PRP is/VBZ named/VBN Tinsel/NNP,{C but } they were born around Christmas because one of them is named Tinsel /
sd,A,and/CC the/DT other/JJ one/CD is/VBZ named/VBN Holly/NNP ./.,{C and } the other one is named Holly. /
b,B,Uh-huh/UH ./.,Uh-huh. /
%,A,"You/PRP know/VBP ,/, the/DT scr-/XX ,/,","{D You know, } the scr-, -/"
qy,B,They/PRP 're/VBP both/DT females/NNS ?/.,They're both females? /
na,A,"both/DT ,/, yeah/UH ,/, both/DT females/NNS ,/,","[ both, + {D yeah, } both ] females,"
b,B,Uh-huh/UH ./.,Uh-huh. /
+,A,"they/PRP 're/VBP both/DT spayed/JJ ,/,","they're both spayed,"
b,B,Uh-huh/UH ./.,Uh-huh. /
+,A,"um/UH ,/, or/CC whatever/WP it/PRP is/VBZ ,/, neutered/VBN ,/, you/PRP know/VBP ,/, ,/, um/UH ,/,","{F um, } or whatever it is, neutered, {D you know, } <throat_clearing>, {F um, } /"
sd,A,"and/CC they/PRP 're/VBP ,/, they/PRP 're/VBP both/DT declawed/VBN at/IN least/JJS on/IN the/DT ,/, the/DT front/JJ claws/NNS ./.","{C and } [ they're, + they're ] both declawed at least on [ the, + the ] front claws. /"
b,B,Uh-huh/UH ./.,Uh-huh. /
