act_tag,speaker,pos,text
"fo_o_fw_""_by_bc",A,"Is/VBZ ,/, uh/UH ,/, kind/RB of/RB fun/NN ./.","Is, {F uh, } kind of fun. - /"
sv,A,It/PRP 's/BES best/RBS done/VBN when/WRB you/PRP have/VBP leisure/NN time/NN,It's best done when you have leisure time /
sd,A,and/CC I/PRP had/VBD more/RBR of/IN that/DT in/IN my/PRP$ childhood/NN days/NNS than/IN I/PRP have/VBP now/RB ./.,{C and } I had more of that in my childhood days than I have now <breathing>. /
sd,A,"And/CC I/PRP grew/VBD up/RP in/IN an/DT area/NN that/WDT ,/, uh/UH ,/, was/VBD just/RB a/DT few/JJ feet/NNS from/IN a/DT rather/RB large/JJ lake/NN ,/, and/CC a/DT few/JJ more/JJR miles/NNS from/IN that/DT was/VBD a/DT even/RB larger/JJR lake/NN","{C And } I grew up in an area that, {F uh, } was just a few feet from a rather large lake, and a few more miles from that was a even larger lake /"
sd,A,"and/CC we/PRP had/VBD a/DT variety/NN of/IN boats/NNS at/IN our/PRP$ disposal/NN ./. Uh/UH ,/,","{C and } we had <noise> a variety of boats at our disposal <breathing>. {F Uh, } /"
sd,A,I/PRP worked/VBD for/IN a/DT camp/NN for/IN a/DT number/NN of/IN years/NNS ./.,I worked for a camp for a number of years. /
sd,A,"My/PRP$ father/NN was/VBD on/IN staff/NN there/RB ,/,","My father was on staff there, /"
sd,A,"and/CC we/PRP had/VBD every/DT kind/NN of/IN things/NNS from/IN canoes/NNS to/IN paddle/VB boats/NNS ,/, sailboats/NNS ,/, speedboats/NNS ,/,","{C and } we had every kind of things from canoes to paddle boats, sailboats, speedboats, /"
sd,A,"you/PRP name/VBP it/PRP ,/, they/PRP had/VBD it/PRP","you name it, they had it /"
sd,A,"and/CC we/PRP did/VBD a/DT lot/NN of/IN watering/NN ,/, ,/, water/NN sports/NNS ./.","{C and } we did a lot of [ watering, + <breathing>, water sports. ] /"
sd,A,"But/CC I/PRP think/VBP ,/, uh/UH ,/, the/DT thing/NN I/PRP liked/VBD the/DT best/RBS was/VBD ,/, uh/UH ,/, we/PRP spent/VBD about/RB a/DT summer/NN","{C But } I think, {F uh, } <breathing> the thing I liked the best was, {F uh, } we spent about a summer <lipsmack> - /"
sd,A,"couple/NN of/IN guys/NNS ,/, uh/UH ,/, restored/VBD an/DT old/JJ wooden/JJ boat/NN that/WDT was/VBD built/VBN back/RB in/IN the/DT mid-thirties/NNS and/CC got/VBD a/DT new/JJ canvas/NN sail/NN for/IN it/PRP and/CC had/VBD a/DT real/JJ h-/XX ,/, big/JJ old/JJ four-/CD foot/NN center/NN board/NN that/WDT went/VBD down/RB in/IN the/DT middle/NN to/TO keep/VB you/PRP upright/RB when/WRB the/DT waves/NNS ,/,","couple of guys, {F uh, } restored an old wooden boat that was built back in the mid-thirties and got a new canvas sail for it and had a real [ h-, + big ] old four- foot center board that went down in the middle to keep you upright when the waves, /"
sd,A,or/CC the/DT wind/NN came/VBD from/IN the/DT side/NN,{C or } the wind came from the side /
sd,A,and/CC we/PRP got/VBD that/DT thing/NN in/IN the/DT water/NN and/CC had/VBD a/DT real/RB good/JJ time/NN with/IN it/PRP ./.,{C and } we got that thing in the water and had a real good time with it. /
sd,A,"If/IN you/PRP ever/RB got/VBD it/PRP dumped/VBN over/IN ,/, though/RB ,/, it/PRP was/VBD a/DT mess/NN to/TO get/VB back/RB up/RP ./.","If you ever got it dumped over, though, it was a mess to get back up. /"
sd,A,"It/PRP was/VBD n't/RB like/IN the/DT newer/JJR ones/NNS that/WDT have/VBP nice/JJ chambers/NNS that/WDT keep/VBP it/PRP afloat/RB or/CC keep/VBP it/PRP ,/, uh/UH ,/, upright/RB again/RB ./.","It wasn't like the newer ones that have nice chambers that keep it afloat or keep it, {F uh, } upright again. /"
sd,A,This/DT one/CD you/PRP had/VBD to/TO work/VB with/IN ./.,This one you had to work with. /
sd,A,You/PRP get/VBP out/IN of/IN the/DT water/NN again/RB and/CC get/VB it/PRP upright/RB ./.,You <laughter> get out of the water again and get it upright. /
sd,A,"And/CC ,/, uh/UH ,/, sailing/NN was/VBD ,/, was/VBD kind/RB of/RB nice/JJ to/TO learn/VB the/DT maneuvers/NNS you/PRP had/VBD to/TO make/VB to/TO work/VB your/PRP$ way/NN down/IN a/DT lake/NN or/CC work/VB back/RB up/IN against/IN the/DT ,/, the/DT wind/NN ,/, as/IN it/PRP were/VBD ,/, tacking/VBG back/RB and/CC forth/RB","{C And, } {F uh, } sailing [ was, + was ] kind of nice to learn the maneuvers you had to make to work your way down a lake or work back up against [ the, + the ] wind, as it were, tacking back and forth /"
sd,A,"and/CC ,/, uh/UH ,/, more/JJR than/IN once/RB we/PRP 'd/MD get/VB out/IN there/RB on/IN a/DT really/RB stormy/JJ day/NN","{C and, } {F uh, } more than once we'd get out there on a really stormy day /"
sd,A,"and/CC ,/, uh/UH ,/, the/DT storm/NN or/CC the/DT wind/NN was/VBD due/IN to/IN the/DT front/NN blowing/VBG","{C and, } {F uh, } the storm or the wind was due to the front blowing /"
sd,A,and/CC you/PRP paddle/VBP your/PRP$ way/NN back/RB in/IN and/CC hope/VBP it/PRP does/VBZ n't/RB start/VB raining/NN on/IN you/PRP right/RB away/RB ./.,{C and } you paddle your way back in and hope it doesn't start raining on you right away. /
sd,A,And/CC that/DT did/VBD n't/RB always/RB work/VB ./.,{C And } that didn't always work. /
sd,A,"We/PRP oftentimes/RB got/VBD wet/JJ ,/, ./.","We oftentimes got wet, <breathing>. /"
sd,A,"But/CC ,/, uh/UH ,/, it/PRP 's/BES ,/, it/PRP 's/BES a/DT nice/JJ ,/, nice/JJ hobby/NN to/TO have/VB ./.","{C But, } {F uh, } [ it's, + it's ] a [ nice, + nice ] hobby to have. /"
sd,A,"Nowadays/RB I/PRP do/VBP n't/RB think/VB I/PRP could/MD afford/VB the/DT boat/NN or/CC the/DT time/NN ,/, nor/CC do/VBP we/PRP live/VB that/RB close/RB to/IN a/DT lake/NN anymore/RB ,/,","Nowadays I don't think I could afford the boat or the time, nor do we live that close to a lake anymore, /"
sv,A,"so/RB things/NNS change/VBP ,/, I/PRP guess/VBP ./.","{D so } things change, I guess. /"
qw,A,"What/WP are/VBP your/PRP$ memories/NNS of/IN boating/NN ,/,","What are your memories of boating, /"
qrr,A,"or/CC current/JJ ,/,","{C or } current, -/"
sd,B,"Uh/UH ,/, about/RB the/DT only/JJ memories/NNS that/WDT I/PRP have/VBP of/IN boating/NN ,/, uh/UH ,/,","{F Uh, } about the only memories that I have of boating, {F uh, } - /"
sd,B,"my/PRP$ husband/NN 's/POS family/NN had/VBD a/DT ,/, a/DT motor/NN boat/NN ,/, uh/UH ,/, when/WRB we/PRP got/VBD engaged/JJ","my husband's family had [ a, + a ] motor boat, {F uh, } when we got engaged /"
sd,B,and/CC they/PRP took/VBD us/PRP out/IN on/IN the/DT lake/JJ several/JJ times/NNS ./.,{C and } they took us out on the lake several times. /
sd,B,"And/CC ,/, uh/UH ,/, I/PRP really/RB did/VBD enjoy/VB that/DT ./.","{C And, } {F uh, } I really did enjoy that. /"
sd,B,"I/PRP ,/, I/PRP do/VBP n't/RB know/VB that/IN I/PRP ever/RB learned/VBD to/TO drive/VB it/PRP or/CC anything/NN ,/,","[ I, + I ] don't know that I ever learned to drive it or anything, /"
sd,B,"but/CC ,/, uh/UH ,/, we/PRP did/VBD some/DT water/NN skiing/NN ,/, of/IN course/NN ,/, and/CC ,/, and/CC ,/, uh/UH ,/, driving/NN around/IN the/DT lake/NN in/IN the/DT boat/NN and/CC ,/, and/CC just/RB the/DT basic/NN safety/NN rules/NNS and/CC things/NNS I/PRP found/VBD real/RB interesting/JJ ./. Uh/UH ,/, you/PRP know/VBP ,/,","{C but, } {F uh, } we did some water skiing, of course, [ and, + and, ] {F uh, } driving around the lake in the boat [ and, + and ] just the basic safety rules and things I found real interesting. {F Uh, } {D you know, } /"
sd,B,"they/PRP ,/, they/PRP just/RB did/VBD n't/RB patrol/VB you/PRP like/IN they/PRP did/VBD with/IN the/DT automobile/NN or/CC whatever/WP ./.","[ they, + they ] just didn't patrol you like they did with the automobile or whatever. /"
sd,B,"The/DT ,/, the/DT laws/NNS were/VBD there/RB","[ The, + the ] laws were there /"
sd,B,"and/CC if/IN you/PRP did/VBD n't/RB obey/VB them/PRP ,/, uh/UH --/:","{C and } if you didn't obey them, {F uh } --"
b,A,Right/UH ./.,Right. /
+,B,"--/: you/PRP know/VBP ,/, there/EX were/VBD a/DT lot/NN of/IN accidents/NNS ,/, I/PRP guess/VBP ./.","-- {D you know, } <laughter> there were a lot of accidents, I guess. /"
aa,A,That/DT 's/BES true/JJ ./.,That's true. /
sd,B,"But/CC ,/, uh/UH ,/, I/PRP found/VBD the/DT motor/NN boating/NN was/VBD real/JJ fun/NN ./.","{C But, } {F uh, } I found the motor boating was real fun. /"
b,A,"Yeah/UH ,/,","Yeah, /"
sd,A,"I/PRP remember/VBP learning/VBG how/WRB to/TO ski/VB ,/, oh/UH ,/,","I remember learning how to ski, {F oh, } /"
sd,A,I/PRP guess/VBP I/PRP was/VBD seven/CD or/CC eight/CD years/NNS old/JJ,I guess I was seven or eight years old /
sd,A,and/CC the/DT lake/NN that/WDT we/PRP learned/VBD on/IN was/VBD the/DT smaller/JJR of/IN the/DT two/CD that/WDT we/PRP had/VBD access/NN to/IN,{C and } the lake that we learned on was the smaller of the two that we had access to /
sd,A,"and/CC it/PRP was/VBD maybe/RB fifteen/CD ,/, twenty/CD acres/NNS","{C and } it was maybe fifteen, twenty acres /"
sd,A,"and/CC it/PRP was/VBD ,/, uh/UH ,/, it/PRP had/VBD a/DT lot/NN of/IN ,/, uh/UH ,/, turtles/NNS in/IN it/PRP ./.","{C and } [ it was, + {F uh } <breathing>, it had ] a lot of, {F uh, } turtles in it. /"
sd,A,And/CC I/PRP got/VBD all/RB ready/JJ to/TO go/VB,{C And } I got all ready to go /
sd,A,"and/CC I/PRP was/VBD down/IN in/IN the/DT water/NN and/CC ,/, and/CC set/VBD to/TO go/VB","{C and } I was down in the water [ and, + and ] set to go /"
sd,A,"and/CC ,/, uh/UH ,/, and/CC just/RB as/IN that/DT boat/NN took/VBD off/RP ,/, a/DT turtle/NN bit/VBD me/PRP in/IN the/DT middle/NN of/IN the/DT back/NN ./.","[ {C and, } + {F uh, } {C and } ] just as that boat took off, a turtle bit me in the middle of the back. /"
b,B,Oh/UH ./.,Oh <breathing>. /
sd,A,"It/PRP did/VBD n't/RB hurt/VB too/RB much/RB ,/,","It didn't hurt too much, /"
sd,A,but/CC it/PRP bit/VBD enough/RB to/IN where/WRB I/PRP let/VBP go/VB ./.,{C but } it bit enough to where I let go. /
sd,A,And/CC the/DT boat/NN went/VBD off/RB without/IN me/PRP,{C And } the boat went off without me /
sd,A,"and/CC I/PRP reached/VBD back/RB there/RB and/CC s/VBD ,/, pushed/VBD him/PRP away/RB and/CC got/VBD out/IN of/IN the/DT water/NN a/DT ,/, a/DT while/NN","{C and } I reached back there and [ s-, + ] pushed him away and got out of the water [ a, + a ] while /"
sd,A,"and/CC ,/, and/CC ,/, uh/UH ,/, it/PRP did/VBD n't/RB even/RB leave/VB a/DT mark/NN ./.","[ {C and, } + {C and, } ] {F uh, } it didn't even leave a mark. /"
sd,A,It/PRP was/VBD just/RB a/DT little/JJ nibble/NN,It was just a little nibble /
sd,A,and/CC so/RB I/PRP told/VBD everybody/NN what/WP happened/VBD,{C and so } I told everybody what happened /
sd,A,"and/CC they/PRP go/VBP ,/, oh/UH ,/, yeah/UH ,/, sure/RB ,/, you/PRP know/VBP ./.","{C and } they go, {F oh, } yeah, sure, {D you know. } /"
x,B,./.,<Laughter>.
sd,A,And/CC so/RB I/PRP get/VBP back/RB down/IN in/IN there/RB,{C And so } I get back down in there /
sd,A,"and/CC ,/, and/CC I/PRP 'll/MD be/VB if/IN he/PRP did/VBD n't/RB do/VB it/PRP again/RB ./.","[ {C and, } + {C and } ] I'll be if he didn't do it again. /"
sd,A,"This/DT time/NN a/DT little/RB earlier/JJR and/CC ,/, and/CC I/PRP had/VBD let/VB go/VB before/IN then/RB and/CC ,/, before/IN they/PRP took/VBD off/RP this/DT time/NN and/CC ,/, and/CC swatted/VBD him/PRP away/RB ./.","This time a little earlier [ [ and, + and ] + ] I had let go before then and, before they took off this time [ and, + and ] swatted him away. /"
sd,A,"So/RB I/PRP moved/VBD over/IN a/DT ,/, a/DT few/JJ feet/NNS in/IN the/DT water/NN and/CC got/VBD out/IN of/IN his/PRP$ little/JJ realm/NN where/WRB he/PRP was/VBD living/VBG underneath/IN the/DT dock/NN and/CC ,/, uh/UH ,/, managed/VBD to/TO get/VB up/RB ./.","{C So } I moved over [ a, + a ] few feet in the water and got out of his little realm where he was living underneath the dock and, {F uh, } managed to get up. /"
sd,A,"Did/VBD n't/RB go/VB very/RB far/RB ,/,","Didn't go very far, /"
sd,A,but/CC I/PRP got/VBD up/RB ./.,{C but } I got up. /
sd,A,"And/CC it/PRP ,/, it/PRP was/VBD a/DT nice/JJ ,/, uh/UH ,/, nice/JJ long/JJ skiing/NN career/NN ,/,","{C And } [ it, + it ] was a [ nice, + {F uh, } nice ] long skiing career, /"
sd,A,but/CC now/RB I/PRP 've/VBP gotten/VBN to/TO where/WRB skiing/NN is/VBZ just/RB kind/RB of/RB wears/VBZ me/PRP out/RP more/RBR than/IN it/PRP does/VBZ thrill/VB me/PRP ./.,{C but } now I've gotten to where skiing is just kind of wears me out more than it does thrill me. /
sd,A,"I/PRP 've/VBP ,/, I/PRP 've/VBP ,/, uh/UH ,/, done/VBN about/RB all/DT I/PRP dare/MD do/VB on/IN skis/NNS ./. You/PRP know/VBP ,/, skiing/VBG on/IN one/CD and/CC jumping/VBG around/IN here/RB and/CC there/RB","[ I've, + I've, ] {F uh, } done about all I dare do on skis. {D You know, } skiing on one and jumping around here and there /"
sd,A,"and/CC I/PRP ,/, I/PRP ,/, I/PRP know/VBP how/WRB you/PRP can/MD get/VB injured/JJ doing/VBG much/RB more/RBR than/IN that/DT","{C and } [ [ I, + I, ] + I ] know how you can get injured doing much more than that /"
sd,A,and/CC I/PRP just/RB ca/MD n't/RB risk/VB it/PRP right/RB now/RB being/VBG a/DT head/NN of/IN the/DT family/NN and/CC the/DT breadwinner/NN and/CC all/PDT that/DT ./.,{C and } I just can't risk it right now being a head of the family and the breadwinner and all that. /
sd,A,"Just/RB ,/, uh/UH ,/, ca/MD n't/RB take/VB the/DT risk/NN I/PRP did/VBD as/IN a/DT dumb/JJ teenager/NN ,/, I/PRP guess/VBP ./.","Just, {F uh, } can't take the risk I did as a dumb teenager, I guess <breathing>. /"
sd,A,So/RB life/NN just/RB changes/VBZ a/DT little/JJ bit/NN in/IN that/DT respect/NN ./.,{D So } life just changes a little bit in that respect <breathing>. /
sd,A,"I/PRP 'd/MD kind/RB of/RB like/VB ,/, someday/RB ,/, to/TO maybe/RB end/VB up/RP on/IN a/DT pair/NN of/IN skis/NNS that/WDT ,/, that/WDT does/VBZ n't/RB have/VB a/DT ,/, uh/UH ,/, well/UH ,/,","I'd kind of like, someday, to maybe end up on a pair of skis [ that, + that ] doesn't have a, {F uh, } {D well, } - /"
sd,A,what/WP they/PRP call/VBP trick/NN skis/NNS ./.,what they call trick skis. - /
sd,A,They/PRP 'll/MD allow/VB you/PRP to/TO ski/VB backwards/RB ./.,They'll allow you to ski backwards. /
sd,A,"I/PRP have/VBP n't/RB cr-/XX ,/, managed/VBD to/TO get/VB a/DT hold/NN on/IN that/DT ,/, uh/UH ,/, craft/NN yet/RB ,/,","I haven't [ cr-, + managed ] to get a hold on that, {F uh, } craft yet, /"
%,A,"but/CC ,/, uh/UH ,/,","{C but, } {F uh, } -/"
sv,B,That/DT sounds/VBZ like/IN a/DT real/JJ challenge/NN ./.,That sounds like a real challenge. /
aa,A,"Yeah/UH ,/,","Yeah, /"
sd,A,"it/PRP ,/, it/PRP would/MD be/VB kind/RB of/RB nice/JJ ./.","[ it, + it ] would be kind of nice. /"
sd,A,"I/PRP had/VBD n't/RB quite/RB figured/VBN out/RP ,/,","I hadn't quite figured out, /"
sd,A,I/PRP do/VBP n't/RB have/VB anybody/NN to/TO teach/VB me/PRP either/RB ./.,I don't have anybody to teach me either. /
sd,A,That/DT 's/BES another/DT little/JJ thing/NN ./.,That's another little thing. /
sd,A,"You/PRP need/VBP somebody/NN to/TO kind/RB of/RB tell/VB you/PRP what/WP to/TO do/VB ,/,","You need somebody to kind of tell you what to do, /"
sd,A,"but/CC ,/, just/RB from/IN what/WP I/PRP 've/VBP seen/VBN ,/, you/PRP just/RB kind/RB of/RB work/VBP your/PRP$ way/NN up/IN to/IN it/PRP and/CC turn/VBP around/RB real/RB quick/RB ,/, you/PRP know/VBP ./. Grab/VBP the/DT rope/NN behind/IN you/PRP and/CC then/RB just/RB let/VBP go/VB real/RB quick/RB and/CC let/VBP it/PRP whip/VB you/PRP around/RB ./.","{C but, } just from what I've seen, you just kind of work your way up to it and turn around real quick <breathing>, {D you know. } Grab the rope behind you and then just let go real quick and let it whip you around. /"
b,B,Uh-huh/UH ./.,Uh-huh. /
h,A,"But/CC ,/, uh/UH ,/, I/PRP do/VBP n't/RB know/VB ,/,","{C But, } {F uh, } I don't know, /"
sd,A,"maybe/RB someday/RB I/PRP 'll/MD ,/, I/PRP 'll/MD get/VB back/RB to/IN that/DT as/IN ,/, after/IN the/DT kids/NNS are/VBP up/RP and/CC grown/JJ and/CC the/DT monies/NNS are/VBP there/RB to/TO get/VB away/RB for/IN times/NNS on/IN end/NN ,/, weekend/NN or/CC something/NN ./.","maybe someday [ I'll + <lipsmack>, I'll ] get back to that [ as, + after ] the kids are up and grown and the monies are there to get away for times on end, weekend or something. /"
sd,B,"Well/UH ,/, my/PRP$ son/NN ,/,","{D Well, } my son, -/"
