act_tag,speaker,pos,text
sd,A,"Well/UH I/PRP have/VBP n't/RB had/VBN an/DT awful/JJ lot/NN of/IN ,/, uh/UH ,/, incidents/NNS regarding/VBG child/NN care/NN ./.","<Clicking> {D Well } I haven't had an awful lot of, {F uh, } incidents regarding child care. /"
sd,A,"When/WRB my/PRP$ two/CD year/NN old/NN was/VBD in/IN New/NNP Orleans/NNP ,/, she/PRP got/VBD bit/VBN on/IN the/DT cheek/NN","When my two year old was in New Orleans, she got bit on the cheek /"
sd,A,"and/CC ,/, uh/UH ,/, but/CC ,/, uh/UH ,/, that/WDT 's/BES about/RB the/DT ,/, the/DT ,/, uh/UH ,/, the/DT extent/NN of/IN it/PRP ./.","[ {C and, } + {F uh, } {C but, } ] {F uh, } that's about [ [ the, + the, ] + {F uh, } the ] extent of it. /"
x,B,./.,<Hum> <laughter>.
%,A,"But/CC ,/, but/CC ,/, but/CC when/WRB ,/,","[ [ {C But, } + {C but, } ] + {C but } ] when, - /"
sd,A,"I/PRP really/RB am/VBP ,/, a/VBP ,/, am/VBP concerned/JJ about/IN is/VBZ that/IN ,/, uh/UH ,/, so/RB many/JJ of/IN these/DT child/NN care/NN places/NNS are/VBP ,/, are/VBP coming/VBG under/IN ,/, uh/UH ,/, uh/UH ,/, you/PRP know/VBP ,/, investigation/NN for/IN ,/, for/IN ,/, uh/UH ,/, you/PRP know/VBP ,/, child/NN molestation/NN ./.","I really [ am, + [ a-, + ] am ] concerned [ about is + ] that, {F uh, } so many of these child care places [ are, + are ] coming under, {F uh, } {F uh, } {D you know, } investigation [ for, + for, ] {F uh, } {D you know, } child molestation. /"
b,B,Uh-huh/UH ./.,Uh-huh. /
sd,A,"And/CC I/PRP ,/, and/CC I/PRP ,/, and/CC I/PRP 'm/VBP saying/VBG to/IN myself/PRP ,/, well/UH ,/, you/PRP know/VBP ,/, y-/PRP ,/, you/PRP dump/VBP your/PRP$ ,/, your/PRP$ ,/, your/PRP$ little/JJ turnip/NN off/RP to/IN ,/, uh/UH ,/, you/PRP know/VBP ,/, this/DT child/NN care/NN place/NN","[ [ {C And } I, + {C and } I, ] + {C and } I'm ] saying to myself, {D well, } {D you know, } [ y-, + you ] dump [ [ your, + your, ] + your ] little turnip off to, {F uh, } {D you know, } this child care place /"
sd,A,and/CC they/PRP do/VBP n't/RB pay/VB very/RB much/JJ,{C and } they don't pay very much /
sd,A,"and/CC w/WRB ,/, why/WRB ,/, why/WRB would/MD they/PRP be/VB interested/JJ in/IN ,/, in/IN your/PRP$ little/JJ turnip/NN unless/IN ,/, you/PRP know/VBP ,/, one/CD of/IN the/DT motivations/NNS in/IN the/DT hidden/JJ agenda/NN is/VBZ well/UH that/DT 's/BES somebody/NN to/TO molest/VB ,/, you/PRP know/VBP ./.","{C and } [ [ w-, + why, ] + why ] would they be interested [ in, + in ] your little turnip unless, {D you know, } one of the motivations in the hidden agenda is {D well } that's somebody to molest, {D you know. } /"
b,B,Uh-huh/UH ./.,Uh-huh. /
sv,A,"And/CC ,/, uh/UH ,/, that/DT 's/BES a/DT terrible/JJ kind/NN of/IN thing/NN","{C And, } {F uh, } that's a terrible kind of thing /"
sd,A,and/CC I/PRP do/VBP n't/RB think/VB my/PRP$ children/NNS have/VBP ever/RB been/VBN subject/NN to/IN that/DT,{C and } I don't think my children have ever been subject to that /
sd,A,but/CC my/PRP$ wife/NN did/VBD n't/RB work/VB,{C but } my wife didn't work /
sd,A,and/CC so/RB we/PRP really/RB did/VBD n't/RB have/VB that/RB much/JJ exposure/NN to/IN it/PRP ./.,{C and so } we really didn't have that much exposure to it. /
b,B,Uh-huh/UH ./.,Uh-huh. /
sd,B,Well/UH I/PRP am/VBP a/DT working/VBG mother/NN ./.,{D Well } I am a working mother <laughter>. /
sd,B,I/PRP have/VBP three/CD children/NNS,I have three children /
sd,B,"and/CC my/PRP$ children/NNS ,/, since/IN I/PRP ,/, uh/UH ,/, since/IN they/PRP were/VBD very/RB young/JJ ,/,","{C and } my children, [ since I, + {F uh, } since ] they were very young, - /"
sd,B,"I/PRP 've/VBP had/VBN various/JJ ,/, um/UH ,/, different/JJ alternatives/NNS ,/, child/NN care/NN arrangements/NNS","I've had various, {F um, } different alternatives, child care arrangements /"
sd,B,and/CC like/IN most/JJS working/VBG mothers/NNS I/PRP 'm/VBP really/RB not/RB defensive/JJ about/IN it/PRP ./.,{C and } like most working mothers <laughter> I'm really not defensive about it. /
sd,B,"I/PRP personally/RB feel/VBP ,/, uh/UH ,/, in/IN our/PRP$ particular/JJ situation/NN ,/, I/PRP 'm/VBP a/DT much/RB better/JJR mother/NN when/WRB I/PRP work/VBP out/IN of/IN the/DT home/NN","I personally feel, {F uh, } in our particular situation, I'm a much better mother when I work out of the home /"
sd,B,"and/CC my/PRP$ kids/NNS ,/, I/PRP think/VBP ,/, are/VBP very/RB ,/, very/RB secure/JJ ,/, well/RB raised/JJ children/NNS ./.","{C and } my kids, I think, are [ very, + very ] secure, well raised children. /"
sd,B,My/PRP$ comment/NN on/IN this/DT is/VBZ that/IN we/PRP paid/VBD an/DT absolute/JJ fortune/NN --/:,My comment on this is that we paid an absolute fortune <laughter> --
b,A,Huh/UH ./.,Huh. /
+,B,--/: over/IN the/DT years/NNS for/IN a/DT variety/NN of/IN opportunities/NNS ./.,-- over the years for a variety of opportunities. /
%,B,"So/RB I/PRP ,/, I/PRP ,/, I/PRP ,/, e-/XX ,/,","{C So } [ [ I, + I, ] + I, ] e-, - /"
sv,B,"you/PRP know/VBP ,/, it/PRP is/VBZ a/DT problem/NN ./.","{D you know, } it is a problem. /"
sv,B,"And/CC ,/, but/CC as/IN you/PRP pointed/VBD out/RP ,/, I/PRP ,/, I/PRP think/VBP the/DT real/JJ problem/NN is/VBZ the/DT low/JJ pay/NN child/NN facilities/NNS","[ {C And, } + {C but } ] as you pointed out, [ I, + I ] think the real problem is the low pay child facilities /"
sv,B,"and/CC that/DT is/VBZ sometimes/RB what/WP some/DT women/NNS who/WP have/VBP to/TO work/VB ,/, that/DT is/VBZ all/RB they/PRP can/MD afford/VB ./.","{C and } that is sometimes what some women who have to work, that is all they can afford. /"
sd,B,"When/WRB our/PRP$ children/NNS were/VBD very/RB young/JJ ,/, we/PRP had/VBD a/DT pay/NN ,/, a/DT live/VB in/RP paid/VBN baby-sitter/NN that/WDT --/:","When our children were very young, we had [ a pay, + a live in paid ] baby-sitter that --"
b,A,Huh/UH ./.,Huh. /
+,B,--/: was/VBD wonderful/JJ ./.,-- was wonderful. /
sd,B,"And/CC then/RB as/IN they/PRP got/VBD older/JJR ,/, they/PRP went/VBD to/IN ,/, uh/UH ,/, I/PRP preferred/VBD to/TO call/VB them/PRP schools/NNS","{C And then } as they got older, they went to, {F uh, } I preferred to call them schools /"
sd,B,and/CC they/PRP were/VBD really/RB all/DT day/NN preschools/NNS,{C and } they were really all day preschools /
sd,B,and/CC they/PRP were/VBD wonderful/JJ ./.,{C and } they were wonderful. /
sd,B,And/CC I/PRP think/VBP they/PRP got/VBD exposed/VBN to/IN a/DT lot/NN of/IN neat/JJ things/NNS ./.,{C And } I think they got exposed to a lot of neat things. /
ba,A,"Oh/UH ,/, well/UH that/DT 's/BES interesting/JJ ./.","{F Oh, } {D well } that's interesting. /"
sd,B,"But/CC we/PRP did/VBD ,/, we/PRP really/RB truly/RB did/VBD pay/VB a/DT fortune/NN ./.","{C But } [ we did, + we really truly did ] pay a fortune. /"
sd,B,"I/PRP mean/VBP we/PRP were/VBD paying/VBG at/IN one/CD point/NN ,/, well/UH about/RB ,/, about/RB a/DT ,/, close/RB ,/, about/RB five/CD hundred/CD dollars/NNS a/DT week/NN for/IN two/CD children/NNS ./.","{E I mean } we were paying <swallowing> at one point, {D well } [ [ about, + about a, ] + close, about ] five hundred dollars a week for two children. /"
ba,A,"Oh/UH ,/, my/PRP$ God/NNP ./.","{F Oh, } my God. /"
%,B,So/RB ./.,{D So. } -/
sv,A,"Well/UH you/PRP must/MD have/VB a/DT ,/, just/RB one/CD hero/NN ace/NN professional/JJ job/NN to/TO support/VB something/NN like/IN that/DT ./.","{D Well } you must have [ a, + ] just one hero ace professional job to support something like that. /"
%,B,"Well/UH ,/, I/PRP mus/MD ,/,","<Laughter> {D Well, } I mus-, - /"
sd,B,I/PRP 'm/VBP a/DT physician/NN ./. Uh/UH --/:,I'm a physician. {F Uh } --
ba,A,"Oh/UH ,/, well/UH ,/, yeah/UH ./.","{F Oh, } {D well, } yeah <snorting>. /"
+,B,"--/: and/CC ,/, as/IN is/VBZ my/PRP$ husband/NN ./.","-- [ and, + ] as is my husband. /"
sd,B,"And/CC ,/, and/CC I/PRP felt/VBD ,/, uh/UH ,/, very/RB good/JJ about/IN working/NN ./.","[ {C And, } + {C and } ] I felt, {F uh, } very good about working. /"
sd,B,I/PRP 'm/VBP a/DT pediatrician/NN actually/UH ./.,I'm a pediatrician {D actually. } /
b,A,Uh-huh/UH ./.,Uh-huh. /
sd,B,"So/UH ,/, uh/UH ,/, but/CC I/PRP think/VBP there/EX are/VBP some/DT wonderful/JJ child/NN care/NN opportunities/NNS out/IN there/RB for/IN children/NNS","[ {C So, } + {F uh, } {C but } ] I think there are some wonderful child care opportunities out there for children /"
sd,B,"but/CC ,/, and/CC we/PRP all/DT know/VBP the/DT kind/NN of/IN things/NNS that/WDT you/PRP 're/VBP supposed/VBN to/TO look/VB for/IN ./. I/PRP think/VBP ,/,","[ {C but, } + {C and } ] we all know the kind of things that you're supposed to look for. I think, /"
ar,A,"Well/UH ,/, not/RB ,/, not/RB all/DT of/IN us/PRP ./.","{D Well, } [ not, + not ] all of us. /"
sd,A,You/PRP know/VBP what/WP the/DT kind/NN of/IN things/NNS you/PRP 're/VBP supposed/VBN to/TO look/VB for/IN ./.,{D You know } what the kind of things you're supposed to look for. /
x,B,./.,<Laughter>.
sd,A,I/PRP 'm/VBP an/DT engineer/NN ./.,I'm an engineer. /
%,B,Oh/UH ./. Well/UH --/:,{F Oh. } {D Well } -- -/
%,A,"And/CC ,/,","{C And, } -/"
sv,B,"--/: I/PRP think/VBP it/PRP 's/BES real/RB important/JJ that/IN you/PRP have/VBP a/DT place/NN that/WDT ,/, first/RB of/IN all/DT parents/NNS have/VBP a/DT lot/NN of/IN input/NN into/IN and/CC that/IN they/PRP 're/VBP always/RB welcome/JJ and/CC that/IN they/PRP have/VBP a/DT lot/NN of/IN activities/NNS where/WRB parents/NNS come/VBP in/RB during/IN the/DT day/NN and/CC that/IN at/IN any/DT time/NN you/PRP can/MD drop/VB in/RP ./.","-- I think it's real important that you have a place that, first of all parents have a lot of input into and that they're always welcome and that they have a lot of activities where parents come in during the day and that at any time you can drop in. /"
sd,B,"And/CC we/PRP had/VBD a/DT really/RB wonderful/JJ arrangement/NN ,/, uh/UH ,/,","{C And } we had a really wonderful arrangement, {F uh, } /"
sd,B,I/PRP 'm/VBP with/IN the/DT university/NN actually/UH --/:,I'm with the university {D actually } -- /
b,A,Uh-huh/UH ./.,Uh-huh. /
sd,B,"--/: and/CC they/PRP had/VBD a/DT wonderful/JJ ,/, uh/UH ,/, program/NN that/WDT started/VBD at/IN age/NN three/CD","-- {C and } they had a wonderful, {F uh, } program that started at age three /"
sd,B,and/CC it/PRP was/VBD about/RB a/DT block/NN away/RB from/IN the/DT hospital/NN where/WRB I/PRP work/VBP ./.,{C and } it was about a block away from the hospital where I work. /
sd,B,"And/CC so/RB ,/, many/JJ times/NNS ,/, at/IN lunchtime/NN ,/, I/PRP would/MD go/VB over/RB and/CC visit/VB the/DT children/NNS and/CC eat/VB with/IN them/PRP and/CC see/VB what/WP they/PRP were/VBD doing/VBG ./.","{C And so, } many times, at lunchtime, I would go over and visit the children and eat with them and see what they were doing. /"
sd,B,"And/CC they/PRP had/VBD wonderful/JJ ,/,","{C And } they had wonderful, - /"
sd,B,they/PRP had/VBD things/NNS like/IN gardens/NNS and/CC lots/NNS of/IN pets/NNS,they had things like gardens and lots of pets /
sd,B,"and/CC just/RB ,/, they/PRP had/VBD a/DT four/CD to/IN one/CD --/:","{C and } [ just, + ] they had a four to one --"
b,A,Yeah/UH ./.,Yeah. /
+,B,"--/: uh/UH ,/, teacher/NN student/NN ratio/NN ./.","-- {F uh, } teacher student ratio. /"
%,B,"So/RB that/DT ,/, that/DT sort/RB of/RB an/DT ,/,","{C So } [ that, + that ] sort of an, - /"
sd,B,"most/JJS of/IN the/DT teachers/NNS had/VBD degrees/NNS ./. Uh/UH ,/,","most of the teachers had degrees. {F Uh, } /"
sd,A,Five/CD hundred/CD dollars/NNS a/DT week/NN ./.,Five hundred dollars a week.
b,B,Yeah/UH ./.,<Laughter> Yeah. /
+,A,For/IN two/CD kids/NNS ./.,For two kids. /
sv,A,That/DT 's/BES incredible/JJ ./.,That's incredible. /
aa,B,It/PRP was/VBD incredible/JJ actually/UH ./.,It was incredible {D actually } <laughter>. /
b,A,"Oh/UH ,/, oh/UH ./.","{F Oh, } <laughter> {F oh. } /"
sd,B,But/CC it/PRP was/VBD good/JJ ./.,{C But } it was good. /
%,B,"I/PRP mean/VBP it/PRP was/VBD ,/, it/PRP ,/,","{E I mean } [ it was, + it, ] - /"
sd,B,at/IN that/DT time/NN there/EX were/VBD two/CD children/NNS,at that time there were two children /
sd,B,and/CC they/PRP were/VBD in/IN special/JJ programs/NNS,{C and } they were in special programs /
sd,B,and/CC each/DT one/NN was/VBD a/DT little/JJ over/IN two/CD hundred/CD a/DT week/NN,{C and } each one was a little over two hundred a week /
sd,B,"and/CC then/RB ,/, in/IN addition/NN ,/, I/PRP paid/VBD a/DT little/JJ bit/NN extra/JJ ./.","{C and then, } in addition, I paid a little bit extra. /"
sd,B,But/CC --/:,{C But } --
%,A,Well/UH ./.,{D Well. } -/
+,B,"--/: the/DT kids/NNS were/VBD ,/,","-- the kids were, - /"
sd,B,I/PRP mean/VBP they/PRP really/RB had/VBD some/DT great/JJ opportunities/NNS ./.,{E I mean } they really had some great opportunities. /
%,B,"But/CC ,/, tha-/DT ,/, --/:","{C But, } tha-, -- -/"
%,A,"W/WP ,/,","W-, -/"
sv,B,"--/: what/WP you/PRP were/VBD alluding/VBG to/IN earlier/RBR is/VBZ ,/, you/PRP know/VBP ,/, women/NNS who/WP work/VBP for/IN minimal/JJ wage/NN --/:","-- what you were alluding to earlier is, {D you know, } women who work for minimal wage --"
b,A,Yeah/UH ./.,Yeah. /
+,B,"--/: an-/XX ,/, and/CC ,/, and/CC really/RB have/VBP t-/TO ,/, feel/VB they/PRP have/VBP to/TO put/VB their/PRP$ children/NNS ,/,","-- [ [ an-, + and, ] + and ] really [ have t-, + feel they have to ] put their children, - /"
sv,B,"sometimes/RB they/PRP do/VBP put/VB them/PRP in/IN ,/, uh/UH ,/, fairly/RB low/RB --/:","sometimes they do put them in, {F uh, } fairly low --"
%,A,"You/PRP know/VBP ,/, --/:","{D You know, } -- -/"
+,B,"--/: paying/JJ sit-/NNS ,/, situations/NNS ./.","-- paying [ sit-, + situations. ] /"
%,A,"--/: they/PRP could/MD ,/,","-- they could, - /"
sd,A,somebody/NN will/MD have/VB a/DT job/NN at/IN three/CD hundred/CD a/DT week/NN to/TO get/VB off/IN welfare/NN,somebody will have a job at three hundred a week to get off welfare /
sv,A,and/CC --/:,{C and } --
b,B,Uh-huh/UH ./.,Uh-huh. /
+,A,"--/: you/PRP know/VBP ,/, that/DT 's/BES a/DT good/JJ starting/NN wage/NN","-- {D you know, } that's a good starting wage /"
sv,A,but/CC --/:,{C but } --
b,B,Uh-huh/UH ./.,Uh-huh. /
+,A,--/: boy/UH three/CD hundred/CD dollars/NNS a/DT week/NN does/VBZ n't/RB go/VB very/RB far/RB on/IN child/NN care/NN ./.,-- boy three hundred dollars a week doesn't go very far on child care. /
aa,B,"No/UH ,/,","No, /"
%,B,"even/RB that/DT ,/, that/DT really/RB ,/, I/PRP think/VBP ,/, I/PRP do/VBP n't/RB ,/,","even [ that, + that ] really, I think, I don't, - /"
sd,B,"it/PRP 's/HVS been/VBN awhile/RB since/IN I/PRP 've/VBP looked/VBN at/IN ,/,","it's been awhile since I've looked at, - /"
sd,B,my/PRP$ youngest/JJS child/NN is/VBZ eight/CD ./.,my youngest child is eight. /
sd,B,"So/RB it/PRP 's/HVS been/VBN a/DT little/JJ while/NN since/IN I/PRP 've/VBP looked/VBN into/IN ,/, actually/UH daycare/NN centers/NNS ./.","{C So } it's been a little while since I've looked into, {D actually } daycare centers. /"
%,B,But/CC they/PRP are/VBP --/:,{C But } they are -- -/
b,A,Huh/UH ./.,Huh. /
sd,B,"--/: you/PRP know/VBP ,/, the/DT good/JJ ones/NNS do/VBP cost/VB maybe/RB sixty/CD dollars/NNS a/DT week/NN since/IN MUMBLEx/XX ./.","-- {D you know, } the good ones do cost maybe sixty dollars a week since (( )) . -/"
sd,A,"I/PRP mean/VBP we/PRP used/VBD to/TO pay/VB ,/, pay/VB fifty/CD cents/NNS an/DT hour/NN to/TO baby-sit/VB ./.","{E I mean } we used <<mispronounced>> to [ pay, + pay ] fifty cents an hour to baby-sit. /"
sd,A,"But/CC mi-/PRP ,/, mine/PRP are/VBP twenty-two/CD ,/, twenty-three/CD and/CC twenty-seven/CD","{C But } [ mi-, + mine ] are twenty-two, twenty-three and twenty-seven /"
%,A,so/RB --/:,{C so } --
b,B,Uh-huh/UH ./.,Uh-huh. /
+,A,"--/: you/PRP know/VBP ,/, that/IN ,/,","-- {D you know, } that, - /"
qy^d,A,"I/PRP guess/VB baby-sitters/NNS now/RB are/VBP up/IN at/IN ,/, what/WP ,/, five/CD dollars/NNS an/DT hour/NN ?/.","I guess baby-sitters now are up at, what, five dollars an hour? /"
na,B,Something/NN like/IN that/DT ./.,<Laughter> Something like that. /
ba,A,Oh/UH my/UH ./.,{F Oh } my. /
sd,B,"Well/UH ,/, you/PRP know/VBP ,/, but/CC you/PRP made/VBD the/DT comment/NN earlier/RBR ,/, why/WRB would/MD someone/NN be/VB interested/JJ in/IN children/NNS ./.","{D Well, } {D you know, } {C but } you made the comment earlier, why would someone be interested in children. /"
%,B,"I/PRP mean/VBP it/PRP has/VBZ been/VBN a/DT real/JJ ,/, uh/UH ,/,","{E I mean } it has been a real, {F uh, } - /"
sv,B,"th-/EX ,/, there/EX have/VB been/VBN some/DT good/JJ entrepreneurial/JJ type/NN experiences/NNS ./.","[ th-, + there ] have been some good entrepreneurial <laughter> type experiences. /"
sv,B,"And/CC I/PRP think/VBP ,/, I/PRP think/VBP they/PRP have/VBP captured/VBN a/DT certain/JJ market/NN ./.","{C And } [ I think, + I think ] they have captured a certain market. /"
%,B,"Again/RB the/DT ,/,","Again the, - /"
sv,B,but/CC then/RB there/EX are/VBP baby-sitting/NN groups/NNS ./.,{C but then } there are baby-sitting groups. /
sd,B,"As/IN a/DT pediatrician/NN ,/, one/CD of/IN the/DT things/NNS we/PRP 've/VBP been/VBN real/RB concerned/JJ about/IN is/VBZ the/DT infections/NNS ./.","As a pediatrician, one of the things we've been real concerned about is the infections. /"
b,A,Uh-huh/UH ./.,Uh-huh. /
sd,B,"As/IN you/PRP start/VBP putting/VBG lots/NNS of/IN little/JJ kids/NNS together/RB ,/, the/DT infection/NN rates/NNS that/WDT go/VBP around/IN ./.","As you start putting lots of little kids together, the infection rates that go around </hum>. -/"
ba,A,"Oh/UH ,/, yeah/UH ./.","{F Oh, } yeah. /"
