act_tag,speaker,pos,text
"fo_o_fw_""_by_bc",A,"Uh/UH ,/, guy/NN ,/,","{F ((Uh, } guy)), /"
%,A,"uh/UH ,/, some/DT of/IN my/PRP$ things/NNS ,/,","{F uh, } some of my things, /"
sd,A,"I/PRP ,/, I/PRP 'd/MD like/VB to/TO have/VB a/DT short/JJ work/NN week/NN --/:","[ I, + I'd ] like to have a short work week --"
b,B,"Oh/UH ,/, okay/UH ./.","{F Oh, } okay. /"
+,A,"--/: you/PRP know/VBP ,/,","-- {D you know, } /"
sv,A,"and/CC and/CC we/PRP need/VBP ,/, you/PRP know/VBP ,/, better/JJR health/NN insurance/NN and/CC you/PRP know/VBP ,/, cau-/IN ,/,","[ {C and } + {C and } ] we need, {D you know, } better health insurance and <noise> {D you know, } cau-, -/"
b,B,"Okay/UH ,/,","Okay, /"
sd,B,we/PRP can/MD start/VB off/RP there/RB ./.,we can start off there. /
ad,B,Let/VB 's/PRP just/RB get/VB started/VBN ./.,Let's just get started. /
aa,A,Okay/UH ./.,Okay. /
sd,B,"If/IN you/PRP do/VBP n't/RB want/VB to/TO ,/, you/PRP know/VBP ,/, uh/UH ,/, talk/VB about/IN it/PRP now/RB and/CC then/RB --/:","If you don't want to, {D you know, } {F uh, } talk about it now and then --"
b,A,Okay/UH ./.,Okay. /
+,B,--/: be/VB bored/JJ when/WRB we/PRP get/VBP to/IN it/PRP ./.,-- be bored when we get to it <laughter>. /
b,A,"Okay/UH ,/,","Okay, /"
sd,A,so/UH I/PRP just/RB press/VBP one/CD then/RB,{D so } I just press one then /
^g,A,right/JJ ?/.,right? /
na,B,Right/UH ./.,Right. /
bk,A,"Okay/UH ,/,","Okay, /"
qy,A,ready/JJ ?/.,ready? /
ny,B,Yep/UH ./.,Yep. /
bk,A,Okay/UH ./.,Okay <beep>. /
sv,B,"So/UH ,/, so/UH you/PRP think/VBP ,/, uh/UH ,/, I/PRP think/VBP that/IN a/DT short/JJ work/NN week/NN is/VBZ real/RB nice/JJ ./.","{D So, } {D so } [ you think, + {F uh, } I think ] that a short work week is real nice. /"
sd,B,"Uh/UH ,/, I/PRP have/VBP a/DT thirty-seven/CD hour/NN work/NN week/NN ./.","{F Uh, } I have a thirty-seven hour work week. /"
qo,B,How/WRB about/IN you/PRP ?/.,How about you? /
sd,A,"Well/UH ,/, well/UH right/RB now/RB ,/, I/PRP ,/, I/PRP 'm/VBP just/RB a/DT student/NN ./.","{D Well, } {D well } right now, [ I, + I'm ] just a student. /"
sd,A,"I/PRP only/RB work/VBP part/GW time/^RB ,/,","I only work part time, /"
sd,A,but/CC I/PRP 've/VBP work/VBN in/IN the/DT job/NN force/NN before/RB --/:,{C but } I've work in the job force before -- /
b,B,Uh-huh/UH ./.,Uh-huh. /
sv,A,--/: and/CC forty/CD hours/NNS is/VBZ just/RB too/RB long/JJ ./.,-- {C and } <smack> forty hours is just too long. /
sv,A,You/PRP just/RB do/VBP n't/RB have/VB any/DT time/NN to/TO do/VB anything/NN ./.,You just don't have any time to do anything. /
sv,A,"It/PRP seems/VBZ like/IN ,/, Saturday/NNP you/PRP get/VBP get/VBP off/RP ,/,","It seems like, Saturday you [ get + get ] off, /"
sv,A,but/CC Sunday/NNP you/PRP 're/VBP getting/VBG ready/JJ for/IN Monday/NNP ./.,{C but } Sunday you're getting ready for Monday. /
sd,A,And/CC if/IN we/PRP get/VBP have/VBP a/DT --/:,{C And } [ if we [ get + have ] a -- +
b,B,Uh-huh/UH ./.,Uh-huh. /
+,A,"--/: if/IN we/PRP could/MD have/VB a/DT thirty-two/CD hour/NN work/NN week/NN ,/, with/IN that/DT happen/VBP is/VBZ that/IN ,/, for/IN every/DT four/CD people/NNS we/PRP could/MD give/VB another/DT job/NN ./.","-- if we could have a ] thirty-two hour work week, with that happen is that, for every four people we could give another job. /"
b,B,Right/UH ./.,Right. /
sd,A,"And/CC then/RB that/DT way/NN everybody/NN would/MD have/VB a/DT three/CD day/NN holiday/NN ,/, okay/UH ./.","{C And then } that way everybody would have a three day holiday, {D okay. } /"
sv,A,"And/CC that/DT way/NN that/DT more/JJR ,/, that/DT would/MD make/VB a/DT bigger/JJR market/NN ./.","{C And } [ [ that way + that more, ] + that ] would make a bigger market. /"
sv,A,"We/PRP 'd/MD have/VB ,/, uh/UH ,/, more/JJR recreation/NN ./.","We'd have, {F uh, } more recreation. /"
sv,A,People/NNS would/MD have/VB time/NN to/TO do/VB it/PRP ./.,People would have time to do it. /
sv,A,There/EX would/MD be/VB less/JJR of/IN a/DT stress/NN level/NN ./.,There would be less of a stress level. /
sv,A,"We/PRP 'd/MD have/VB ,/, we/PRP 'd/MD have/VB less/JJR crime/NN ./.","[ We'd have, + we'd have ] less crime. /"
sv,A,"We/PRP 'd/MD have/VB to/TO we/PRP 'd/MD have/VB to/TO build/VB less/JJR prisons/NNS ,/, you/PRP know/VBP ,/, less/JJR police/NN force/NN ./.","[ We'd have to + we'd have to ] build less prisons, {D you know, } less police force. /"
b,B,"Yeah/UH ,/,","Yeah, /"
sv,B,it/PRP all/DT makes/VBZ sense/NN to/IN me/PRP ./.,it all makes sense to me. /
sv,B,"Although/IN ,/, there/EX may/MD be/VB more/JJR crime/NN ./. I/PRP mean/VBP if/IN people/NNS have/VB more/JJR leisure/NN time/NN ./.","{C Although, } there may be more crime. {E I mean } if people have more leisure time. - /"
sv,B,It/PRP 's/BES not/RB clear/JJ ./.,It's not clear. /
%,B,"And/CC that/DT ,/,","{C And } that, -/"
sv,A,"It/PRP ,/, it/PRP ,/, that/DT 's/BES ,/, that/DT 's/BES a/DT possibility/NN ./.","[ [ [ It, + it, ] + that's, ] + that's ] a possibility. /"
b,B,Yeah/UH ./.,Yeah. /
sv,A,"One/CD ,/, one/CD of/IN the/DT problems/NNS they/PRP 're/VBP facing/VBG now/RB ,/, a/DT lot/NN of/IN people/NNS now/RB ,/, is/VBZ that/IN the/DT health/NN insurance/NN is/VBZ that/IN the/DT small/JJ business/NN ca/MD n't/RB ,/, ca/MD n't/RB offer/VB health/NN insurance/NN --/:","[ One, + one ] of the problems they're facing now, a lot of people now, [ is that the health insurance + is that the small business ] [ can't, + can't ] offer health insurance -- /"
b,B,Uh-huh/UH ./.,Uh-huh. /
sv,A,"--/: and/CC it/PRP ,/, it/PRP 's/BES too/RB costly/JJ","-- {C and } [ it, + it's ] too costly /"
sd,A,"and/CC what/WP ,/, what/WP is/VBZ happening/VBG is/VBZ that/IN they/PRP 're/VBP on/IN a/DT policy/NN where/WRB they/PRP have/VBP X/SYM amount/NN of/IN users/NNS in/IN it/PRP ,/, okay/UH ./.","{C and } [ what, + what ] is happening is that they're on a policy where they have X amount of users in it, {D okay. } /"
sd,A,So/RB they/PRP get/VBP a/DT specific/JJ rate/NN ./.,{C So } they get a specific rate. /
sd,A,"Well/UH what/WP happens/VBZ is/VBZ that/IN if/IN people/NNS start/VBP becoming/VBG having/VBG chronic/JJ illness/NN and/CC ,/, and/CC things/NNS like/IN that/DT ,/,","{D Well } what happens is that if people start [ becoming + having ] chronic illness [ and, + and ] things like that, - /"
sd,A,what/WP happened/VBD and/CC where/WRB they/PRP really/RB have/VBP to/TO spend/VB out/RP a/DT lot/NN of/IN money/NN --/:,what happened and where they really have to spend out a lot of money --
b,B,Right/UH ./.,Right. /
+,A,"--/: for/IN one/CD particular/JJ ,/,","-- for one particular, - /"
sd,A,"it/PRP 's/BES called/VBN a/DT a/DT group/NN ,/,","it's called [ a + a ] group, /"
sd,A,"well/UH what/WP will/MD ,/, well/UH what/WP happens/VBZ then/RB is/VBZ that/IN they/PRP cancel/VBP ,/, because/IN they/PRP just/RB ca/MD n't/RB cancel/VB an/DT individual/NN ./.","[ {D well } what will, + {D well } what happens ] then is that <smack> they cancel, because they just can't cancel an individual. /"
sd,A,"So/RB they/PRP ,/, they/PRP have/VBP to/TO cancel/VB just/RB like/IN life/NN insurance/NN ./.","{C So } [ they, + they ] have to cancel just {D like } life insurance. /"
sd,A,They/PRP have/VBP to/TO cancel/VB everything/NN ./.,They have to cancel everything. /
b,B,Uh-huh/UH ./.,Uh-huh. /
sd,A,"So/RB what/WP they/PRP do/VBP is/VBZ that/IN ,/, that/IN they/PRP cancel/VBP the/DT insurance/NN","{D So } what they do is [ that, + that ] they cancel the insurance /"
sd,A,and/CC then/RB all/PDT the/DT people/NNS do/VBP n't/RB have/VB any/DT insurance/NN coverage/NN ./.,{C and } then all the people don't have any insurance coverage. /
b,B,Right/UH ./.,Right. /
%,B,"So/UH ,/,","<inhaling> {D So, } -/"
sd,A,"But/CC ,/, I/PRP 'm/VBP ,/, I/PRP 'm/VBP ,/, you/PRP know/VBP ,/, I/PRP 'm/VBP ,/, I/PRP 'm/VBP satisfied/JJ with/IN my/PRP$ job/NN ./.","{C But, } [ [ [ I'm, + I'm, ] + {D you know, } I'm, ] + I'm ] satisfied with my job. /"
sd,A,"I/PRP 'm/VBP ,/, I/PRP 'm/VBP an/DT engineering/NN student/NN ./.","[ I'm, + I'm ] an engineering student. /"
b,B,Right/UH ./.,Right. /
sd,A,And/CC I/PRP work/VBP for/IN my/PRP$ instructor/NN,{C And } I work for my instructor /
sd,A,and/CC I/PRP 'm/VBP I/PRP 'm/VBP not/RB a/DT typical/JJ student/NN ./.,{C and } [ I'm + I'm ] not a typical student. /
sd,A,"I/PRP 'm/VBP ,/, I/PRP 'm/VBP older/JJR ./.","[ I'm, + I'm ] older. /"
sd,A,"I/PRP 'm/VBP ,/, I/PRP 'm/VBP in/IN my/PRP$ thirties/NNS ,/, okay/UH ./.","[ I'm, + I'm ] in my thirties, {D okay. } /"
b,B,Yeah/UH ./.,Yeah. /
sd,A,And/CC so/RB I/PRP have/VBP a/DT lot/NN of/IN job/NN experience/NN,{C And so } I have a lot of job experience /
sd,A,and/CC my/PRP$ instructor/NN thrives/VBZ on/IN that/DT because/IN he/PRP can/MD just/RB tell/VB me/PRP what/WP he/PRP wants/VBZ,{C and } my instructor thrives on that because he can just tell me what he wants /
sd,A,and/CC he/PRP can/MD give/VB me/PRP access/NN and/CC tell/VB me/PRP what/WP to/TO do/VB and/CC just/RB turn/VB me/PRP loose/JJ --/:,{C and } he can give me access and tell me what to do and just turn me loose -- /
b,B,Yeah/UH ./.,Yeah. /
sd,A,"--/: but/CC in/IN ,/, in/IN the/DT same/JJ token/NN ,/, it/PRP 's/BES a/DT very/RB ,/, really/RB enjoyable/JJ for/IN me/PRP because/IN I/PRP do/VBP n't/RB have/VB to/TO have/VB ,/, you/PRP know/VBP ,/, nobody/NN breathing/VBG down/IN my/PRP$ back/NN","-- {C but } [ in, + in ] the same token, it's [ a very, + really ] enjoyable for me because I don't have to have, {D you know, } nobody breathing down my back /"
sd,A,and/CC --/:,[ {C and } + --
b,B,Uh-huh/UH ./.,Uh-huh. /
+,A,"--/: and/CC one/CD of/IN the/DT things/NNS that/WDT I/PRP ,/, I/PRP really/RB hate/VBP about/IN jobs/NNS ./. I/PRP do/VBP n't/RB ,/, I/PRP do/VBP n't/RB like/VB bosses/NNS that/WDT ,/, that/WDT you/PRP know/VBP want/VBP to/TO yell/VB at/IN you/PRP and/CC you/PRP know/VBP are/VBP down/IN on/IN your/PRP$ back/NN and/CC all/PDT this/DT and/CC that/DT ./.","-- {C and } ] one of the things that [ I, + I ] really hate about jobs. [ I don't, + I don't ] like bosses [ that, + that ] {D you know } want to <inhaling> yell at you and {D you know } are down on your back and all this and that. /"
sd,A,"I/PRP ,/, I/PRP just/RB really/RB ca/MD n't/RB deal/VB with/IN that/DT","[ I, + I ] just really can't deal with that /"
%,A,"so/RB ,/,","{D so, } -/"
b,B,Yeah/UH ./.,Yeah <noise>. /
qw,A,"What/WDT kind/NN of/IN ,/, what/WDT kind/NN of/IN jobs/NNS have/VBP you/PRP done/VBN ?/.","[ What kind of, + what kind of ] jobs have you done? /"
sd,B,"Well/UH ,/, well/UH ,/, I/PRP do/VBP wo-/XX ,/, uh/UH ,/, research/NN in/IN computer/NN science/NN","{D Well, } {D well, } I do [ wo-, + {F uh, } research ] in computer science /"
sd,B,and/CC I/PRP 've/VBP just/RB been/VBN doing/VBG that/DT for/IN a/DT few/JJ years/NNS now/RB,{C and } I've just been doing that for a few years now /
sd,B,so/RB --/:,{D so } --
b,A,Uh-huh/UH ./.,Uh-huh. /
+,B,"--/: uh/UH ,/, I/PRP ,/, my/PRP$ job/NN has/VBZ most/JJS of/IN the/DT benefits/NNS I/PRP want/VBP ./.","-- {F uh, } [ I, + my job ] has most of the benefits I want. /"
sd,B,"Uh/UH ,/, what/WP I/PRP really/RB like/VBP is/VBZ ,/, I/PRP like/VBP being/VBG ,/,","{F Uh, } what I really like is, I like being, - /"
sd,B,"like/UH they/PRP send/VBP me/PRP to/IN conferences/NNS for/IN instance/NN ,/, but/CC probably/RB not/RB as/RB much/RB as/IN I/PRP 'd/MD like/VB","{D like } they send me to conferences for instance, but probably not as much as I'd like /"
sv,B,"but/CC ,/, uh/UH ,/, you/PRP know/VBP ,/, that/DT 's/BES just/RB nice/JJ being/VBG ,/, you/PRP know/VBP ,/, having/VBG a/DT company/NN being/VBG able/JJ to/TO give/VB you/PRP time/NN to/TO do/VB that/DT sort/NN of/IN thing/NN and/CC sort/RB of/RB ,/,","{C but, } {F uh, } {D you know, } that's just nice [ being, + {D you know, } having ] a company being able to give you time to do that sort of thing and sort of, - /"
%,B,"uh/UH ,/, they/PRP also/RB ,/,","{F uh, } they also, - /"
sd,B,"a/DT really/RB important/JJ thing/NN to/IN me/PRP is/VBZ when/WRB they/PRP ,/, uh/UH ,/, they/PRP pay/VBP for/IN continuing/VBG education/NN ./.","a really important thing to me is when [ they, + {F uh, } they ] pay for continuing education. /"
sd,B,"Like/UH ,/, I/PRP ,/, I/PRP get/VBP night/NN courses/NNS that/WDT they/PRP they/PRP 'll/MD cover/VB right/RB now/RB","{D Like, } [ I, + I ] get night courses that [ they + they'll ] cover right now /"
sv,B,and/CC that/DT 's/BES really/RB good/JJ,{C and } that's really good /
%,B,yeah/UH ./.,((yeah)). /
b^m,A,"Yeah/UH ,/,","Yeah, /"
ba,A,that/DT 's/BES just/RB great/JJ ./.,that's just great. /
sd,A,You/PRP have/VBP what/WP you/PRP might/MD call/VB knowledge/NN power/NN --/:,You have what you might call knowledge power -- /
b,B,Right/UH ./.,Right. /
sv,A,"--/: you/PRP know/VBP ,/, when/WRB when/WRB you/PRP work/VBP at/IN a/DT company/NN whether/IN you/PRP know/VBP it/PRP or/CC not/RB ,/, is/VBZ that/IN you/PRP 're/VBP categorized/VBN ./.","-- {D you know, } [ when + when ] you work at a company whether you know it or not, is that you're categorized. /"
sv,A,"Some/DT people/NNS can/MD be/VB let/VBN go/VB and/CC replaced/VBN like/IN ,/, uh/UH ,/, say/UH ,/, uh/UH ,/, a/DT typist/NN ,/, uh/UH ,/, somebody/NN who/WP does/VBZ data/NN entry/NN or/CC answers/VBZ the/DT telephone/NN or/CC receptionist/NN ./.","Some people can be let go and replaced like, {F uh, } say, {F uh, } a typist, {F uh, } somebody who does data entry or answers the telephone or receptionist. /"
sv,A,"But/CC if/IN you/PRP 're/VBP a/DT person/NN who/WP ,/, that/WDT 's/BES doing/VBG computer/NN type/NN things/NNS and/CC you/PRP have/VBP the/DT ,/, you/PRP have/VBP the/DT knowledge/NN ,/, you/PRP know/VBP what/WP the/DT system/NN you/PRP 've/VBP revised/VBN and/CC revamped/VBN the/DT system/NN ,/, well/UH then/RB you/PRP 're/VBP you/PRP 're/VBP vital/JJ to/IN the/DT company/NN --/:","{C But } if you're a person [ who, + that's ] doing computer type things and [ you have the, + you have the ] knowledge, you know what the system you've revised and revamped the system, {D well } then [ you're + you're ] vital to the company -- /"
b,B,Uh-huh/UH ./.,Uh-huh. /
sv,A,--/: and/CC you/PRP get/VBP more/JJR benefits/NNS,-- {C and } you get more benefits /
%,A,"so/RB ./. That/DT 's/BES where/WRB I/PRP ,/, I/PRP ,/, I/PRP 'm/VBP like/IN ,/,","{D so. } That's where [ [ I, + I, ] + I'm ] like, - /"
sd,A,I/PRP 'm/VBP into/IN computers/NNS too/RB,I'm into computers too /
sd,A,"and/CC that/DT 's/BES one/CD of/IN the/DT things/NNS that/WDT I/PRP 've/VBP found/VBN in/IN any/DT one/CD ,/, one/CD of/IN these/DT jobs/NNS and/CC anything/NN I/PRP 've/VBP done/VBN is/VBZ that/IN to/TO have/VB knowledge/NN ./.","{C and } that's one of the things that I've found in any [ one, + one ] of these jobs and anything I've done is that to have knowledge. - /"
sv,A,"When/WRB you/PRP have/VBP the/DT knowledge/NN ,/, you/PRP 're/VBP you/PRP 're/VBP not/RB going/VBG to/TO ,/, uh/UH ,/, you/PRP know/VBP ,/, be/VB let/VB go/VB ,/,","When you have the knowledge, [ you're + you're ] not going to, {F uh, } {D you know, } be let go, /"
sv,A,be/VB one/CD of/IN the/DT last/JJ ones/NNS to/TO let/VB go/VB anyway/RB ./.,be one of the last ones to let go anyway. /
b,B,Right/UH ./.,Right. /
%,A,"So/RB what/WP I/PRP ,/,","{D So } what I, -/"
