act_tag,speaker,pos,text
"fo_o_fw_""_by_bc",A,Okay/UH,Okay /
qy^d,A,he/PRP did/VBD really/RB decide/VB to/TO go/VB ?/.,<laughter> he did really decide to go? /
aa,A,"Uh-huh/UH ,/,","Uh-huh, /"
aa,A,sure/UH,sure /
sd,A,"I/PRP 'm/VBP familiar/JJ with/IN it/PRP ,/,","I'm familiar with it, /"
sd,B,and/CC it/PRP was/VBD a/DT very/RB difficult/JJ choice/NN,{C and } it was a very difficult choice /
qy,A,"And/CC he/PRP ,/, well/UH ,/, he/PRP must/MD know/VB ,/, is/VBZ he/PRP interested/VBN in/IN law/NN or/CC medicine/NN ,/,","{C And } [ he, + {D well, } he ] must know, is he interested in law or medicine, /"
qy^d,A,he/PRP must/MD have/VB a/DT definite/JJ profession/NN in/IN mind/NN ./.,he must have a definite profession in mind. /
bk,A,"Oh/UH ,/, okay/UH ,/,","{F Oh, } okay, /"
sd,A,"Medium/JJ size/NN ,/,","Medium size, /"
^g,A,are/VBP n't/RB they/PRP ?/.,aren't they? /
qy,A,Is/VBZ he/PRP excited/JJ ?/.,Is he excited? /
sd,B,"Very/RB excited/JJ ,/,","Very excited, /"
ba,A,"Wow/UH ,/,","Wow, /"
%,A,"I/PRP can/MD ,/,","I can, /"
%,A,"I/PRP ,/,","I, -/"
b,A,Uh-huh/UH,Uh-huh /
sd,A,"while/IN they/PRP 're/VBP east/JJ coast/NN ,/, I/PRP mean/VBP ,/, I/PRP do/VBP n't/RB know/VB anything/NN about/IN their/PRP$ football/NN ,/,","while they're east coast, {E I mean, } I don't know anything about their football, /"
h,A,but/CC there/EX you/PRP go/VBP ./.,{C but } there you go. /
sd,B,"Well/UH ,/, they/PRP 're/VBP ,/, they/PRP 're/VBP ,/, they/PRP 're/VBP really/RB very/RB strong/JJ academic/JJ rather/IN than/IN ,/, you/PRP know/VBP ,/, big/JJ sports/NNS ,/,","{D Well, } [ [ they're, + they're, ] + they're ] really very strong academic rather than, {D you know, } big sports, /"
b,A,"Yeah/UH ,/,","Yeah, /"
%,A,"that/DT 's/BES ,/,","that's, - /"
qw,A,"where/WRB ,/, where/WRB you/PRP at/RB ?/.","[ where, + where ] you at? /"
sd,B,"We/PRP 're/VBP outside/IN of/IN ,/, uh/UH ,/, Washington/NNP in/IN Maryland/NNP ./.","We're outside of, {F uh, } Washington in Maryland. /"
qo,B,How/WRB about/IN you/PRP ?/.,How about you? /
bk,A,"Oh/UH ,/, okay/UH ,/,","{F Oh, } okay, /"
sd,A,"I/PRP 'm/VBP in/IN ,/, uh/UH ,/, suburban/JJ Dallas/NNP ./.","I'm in, {F uh, } suburban Dallas. /"
b,B,"Uh-huh/UH ,/,","Uh-huh, /"
qy,B,"do/VBP you/PRP have/VB children/NNS in/IN ,/,","do you have children in, -/"
nn,A,"No/UH ,/,","No, /"
sd,A,"I/PRP do/VBP n't/RB ,/,","I don't, /"
sd,A,I/PRP have/VBP a/DT husband/NN ./.,I have a husband <laughter>. /
sd,A,We/PRP do/VBP n't/RB have/VB any/DT kids/NNS yet/RB ./.,We don't have any kids yet. /
b,B,"Okay/UH ,/, um/UH ,/,","Okay, {F um, } /"
sv,A,"About/RB all/DT I/PRP can/MD say/VB is/VBZ I/PRP guess/VBP about/IN picking/VBG schools/NNS ,/, um/UH ,/, I/PRP guess/VBP ,/, uh/UH ,/, if/IN you/PRP do/VBP n't/RB know/VB what/WP you/PRP 're/VBP going/VBG to/TO do/VB ,/, liberal/JJ arts/NNS program/NN is/VBZ a/DT good/JJ idea/NN ./.","About all I can say is I guess about picking schools, {F um, } I guess, {F uh, } if you don't know what you're going to do, liberal arts program is a good idea. /"
%,B,"Well/UH ,/, I/PRP ,/, I/PRP ,/,","{D Well, } [ I, + I, ] - /"
sd,B,"one/CD of/IN the/DT ,/, the/DT advices/NNS we/PRP 've/VBP given/VBN our/PRP$ children/NNS is/VBZ that/IN you/PRP can/MD always/RB learn/VB a/DT job/NN --/:","one of [ the, + the ] advices we've given our children is that you can always learn a job -- /"
aa,A,"This/DT is/VBZ true/JJ ,/,","This is true, /"
sd,B,"--/: uh/UH ,/, but/CC what/WP you/PRP ca/MD n't/RB learn/VB ,/, uh/UH ,/, on/IN a/DT job/NN ,/, is/VBZ a/DT good/JJ solid/JJ well-/XX ,/, well-rounded/JJ education/NN ./.","-- {F uh, } {C but } what you can't learn, {F uh, } on a job, is a good solid [ well-, + well-rounded ] education. /"
aa,A,"Right/UH ,/,","Right, /"
bf,A,"the/DT humanities/NNS ,/, the/DT history/NN ,/, yeah/UH ,/,","the humanities, the history, yeah, /"
aa,B,"That/DT 's/BES right/JJ ,/, you/PRP know/VBP ,/,","That's right, {D you know, } /"
sd,B,the/DT Renaissance/NNP man/NN --/:,the Renaissance man -- /
aa,A,"Right/UH ,/,","Right, /"
aa,A,"right/UH ,/,","right, /"
%,A,"no/UH ,/,","no, /"
%,A,"no/UH ,/,","no, /"
%,A,no/UH ./.,no <laughter>. /
sv,B,"--/: and/CC ,/, uh/UH ,/, and/CC if/IN you/PRP get/VBP that/DT you/PRP can/MD ,/,","-- [ {C and, } + {F uh, } {C and } ] if you get that you can, /"
sv,B,"and/CC if/IN you/PRP do/VBP well/RB ,/, you/PRP can/MD ,/, you/PRP can/MD learn/VB a/DT job/NN ,/,","{C and } if you do well, [ you can, + you can ] learn a job, /"
b,A,"Yeah/UH ,/,","Yeah, /"
sv,A,"but/CC they/PRP ,/, you/PRP know/VBP ,/, if/IN they/PRP learn/VBP the/DT job/NN and/CC they/PRP can/MD go/VB into/IN graduate/JJ school/NN --/:","{C but } [ they, + ] {D you know, } if they learn the job and they can go into graduate school --"
aa,B,That/DT 's/BES exactly/RB right/JJ ./.,That's exactly right. /
+,A,"--/: usually/RB a/DT company/NN ,/, it/PRP will/MD ,/, if/IN it/PRP 's/BES worth/JJ it/PRP 's/POS weight/NN ,/, will/MD subsidize/VB ,/,","-- usually a company, [ it will, + if it's worth it's weight, will ] subsidize, /"
aa,B,That/DT 's/BES right/JJ ./.,That's right. /
%,A,"And/CC ,/,","{C And, } -/"
sd,B,So/RB the/DT advice/NN we/PRP gave/VBD to/IN them/PRP --/:,{C So } the advice we gave to them --
b,A,Uh-huh/UH ./.,Uh-huh. /
+,B,"--/: was/VBD ,/, number/NN one/CD ,/, visit/VB the/DT colleges/NNS --/:","-- was, number one, visit the colleges --"
aa,A,"This/DT ,/, this/DT is/VBZ true/JJ ,/,","[ This, + this ] is true, /"
+,B,--/: that/IN you/PRP 're/VBP thinking/VBG about/IN --/:,-- that you're thinking about --
b,A,Yes/UH ./.,Yes. /
+,B,"--/: describe/VB first/JJ of/IN all/DT ,/, the/DT size/NN school/NN that/WDT you/PRP might/MD be/VB interested/JJ in/IN --/:","-- describe first of all, the size school that you might be interested in -- /"
^2,A,"And/CC if/IN you/PRP want/VBP to/TO go/VB away/RB ,/,","{C And } if you want to go away, /"
^g,A,"right/UH ,/,","right, /"
^q,B,"--/: do/VBP you/PRP want/VB to/TO go/VB away/RB ,/,","-- do you want to go away, /"
^q,B,how/WRB far/RB from/IN home/NN do/VBP you/PRP want/VB to/TO be/VB ./.,how far from home do you want to be. /
b,A,Right/UH ./.,Right. /
^q,B,What/WP do/VBP you/PRP want/VB in/IN a/DT college/NN ./.,What do you want in a college. /
sd,B,Now/RB my/PRP$ son/NN is/VBZ a/DT national/JJ level/NN competitive/JJ swimmer/NN --/:,Now my son is a national level competitive swimmer -- /
ba,A,Good/JJ ./.,Good. /
sd,B,"--/: so/IN he/PRP wanted/VBD to/TO swim/VB in/IN school/NN ,/,","-- {C so } he wanted to swim in school, /"
sd,B,but/CC he/PRP did/VBD not/RB want/VB to/TO be/VB in/IN a/DT swim/NN factory/NN ./.,{C but } he did not want to be in a swim factory. /
b,A,Okay/UH ./.,Okay. /
bf,A,"So/RB he/PRP would/MD n't/RB have/VB gone/VBN to/IN something/NN like/IN where/WRB we/PRP 're/VBP at/IN ,/, they/PRP 'd/MD ,/, in/IN Austin/NNP ,/, Texas/NNP ,/, University/NNP of/IN Texas/NNP ,/,","{C So } he wouldn't have gone to something like where we're at, [ they'd, + ] in Austin, Texas, University of Texas, /"
aa,B,"That/DT 's/BES right/JJ ,/,","That's right, /"
sd,B,"that/DT 's/BES the/DT University/NNP of/IN Texas/NNP at/IN Austin/NNP ,/, or/CC --/:","that's the University of Texas at Austin, or --"
b,A,Right/UH ./.,Right. /
+,B,--/: Stanford/NNP or/CC something/NN like/IN that/DT --/:,-- Stanford or something like that --
b^m,A,"Texas/NNP Aqua-/XX ,/,","Texas Aqua-, - /"
b,A,"yeah/UH ,/,","yeah, /"
+,B,--/: so/IN he/PRP did/VBD n't/RB even/RB consider/VB those/DT ./.,-- so he didn't even consider those. /
b,A,"Okay/UH ,/,","Okay, /"
sd,A,"well/UH that/DT 's/BES ,/, I/PRP think/VBP the/DT other/JJ thing/NN is/VBZ ,/, too/RB ,/, um/UH ,/, I/PRP know/VBP I/PRP went/VBD to/IN a/DT ,/, uh/UH ,/, city/NN high/JJ school/NN in/IN Chicago/NNP --/:","{D well } [ that's, + ] I think the other thing is, too, {F um, } I know I went to a, {F uh, } city high school in Chicago -- /"
b,B,Uh-huh/UH ./.,Uh-huh. /
sd,A,"--/: and/CC a/DT lot/NN of/IN the/DT kids/NNS were/VBD n't/RB as/RB fortunate/JJ as/IN say/UH ,/, my/PRP$ brother/NN and/CC I/PRP were/VBD ,/,","-- {C and } a lot of the kids weren't as fortunate as say, my brother and I were, /"
sd,A,and/CC economics/NN was/VBD the/DT choice/NN --/:,{C and } economics was the choice -- /
b,B,Uh-huh/UH ./.,Uh-huh. /
sv,A,"--/: um/UH ,/, sounds/VBZ like/IN your/PRP$ son/NN has/VBZ academically/RB the/DT standing/NN to/TO get/VB into/IN that/DT type/NN of/IN school/NN ./.","-- {F um, } sounds like your son has academically the standing to get into that type of school. /"
sd,B,"He/PRP is/VBZ very/RB ,/, very/RB strong/JJ academically/RB ,/,","He is very, very strong academically, /"
%,B,"yeah/UH ,/,","yeah, /"
%,B,"so/RB ,/, we/PRP 've/VBP just/RB ,/,","{C so, } we've just, - /"
sd,B,"but/CC ,/, you/PRP know/VBP ,/, he/PRP had/VBD to/TO look/VB to/TO see/VB --/:","{C but, } {D you know, } he had to look to see --"
b,A,Uh-huh/UH ./.,Uh-huh. /
+,B,"--/: what/WDT kind/NN of/IN environment/NN he/PRP liked/VBD ,/,","-- what kind of environment he liked, /"
sd,B,"and/CC yet/RB he/PRP ,/, he/PRP did/VBD wind/VB up/RP having/VBG to/TO make/VB a/DT choice/NN ./.","{C and } yet [ he, + he ] did wind up having to make a choice. /"
sd,B,"He/PRP did/VBD apply/VB to/IN a/DT large/JJ ,/, you/PRP know/VBP ,/, large/JJ group/NN ,/,","He did apply to a large, {D you know, } large group, /"
b,A,"Yeah/UH ,/,","Yeah, /"
sd,A,"University/NNP of/IN Penn/NNP ,/,","University of Penn, - /"
sd,A,I/PRP 'm/VBP originally/RB from/IN Pennsylvania/NNP ./.,I'm originally from Pennsylvania. /
sd,A,"Pennsyl-/NNP ,/, University/NNP of/IN Pennsylvania/NNP ,/,","[ Pennsyl-, + ] University of Pennsylvania, -/"
sd,B,It/PRP 's/HVS got/VBN about/RB nine/CD thousand/CD undergraduate/JJ ./.,It's got about nine thousand undergraduate. /
aa,A,"Yeah/UH ,/,","Yeah, /"
sv,A,"that/DT 's/BES strong/JJ ,/,","that's strong, /"
%,A,I/PRP mean/VBP that/DT 's/BES --/:,{E I mean } that's --
b,B,"Yeah/UH ,/,","Yeah, /"
+,A,--/: you/PRP know/VBP --/:,-- {D you know } -- -/
b,B,Yeah/UH ./.,Yeah. /
sv,A,"--/: and/CC it/PRP 's/BES ,/, it/PRP 's/BES ,/, well/UH ,/, it/PRP 's/BES a/DT little/JJ bit/NN ,/, I/PRP do/VBP n't/RB want/VB to/TO use/VB the/DT word/NN wilder/JJR ,/, that/DT 's/BES not/RB the/DT word/NN I/PRP want/VBP ./. Um/UH ,/, more/RBR diverse/JJ ,/,","-- {C and } [ [ it's, + it's, ] + {D well, } it's ] a little bit, {A I don't want to use the word wilder, that's not the word I want. } {F Um, } more diverse <laughter>, /"
aa,B,"Yes/UH ,/,","Yes, /"
sd,B,"and/CC it/PRP ,/, but/CC it/PRP does/VBZ have/VB the/DT under/IN ,/, you/PRP know/VBP ,/,","[ {C and } it, + {C but } it ] does have the under, {D you know, } - /"
sd,B,"that/DT 's/BES total/JJ undergraduate/NN with/IN five/CD hundred/CD graduate/NN school/NN ,/, so/IN that/IN the/DT ,/, uh/UH ,/, the/DT college/NN of/IN arts/NNS and/CC sciences/NNS is/VBZ ,/, you/PRP know/VBP ,/, I/PRP guess/VBP about/RB four/CD thousand/CD ./.","that's total undergraduate with five hundred graduate school, so that the, {F uh, } the college of arts and sciences is, {D you know, } I guess about four thousand. /"
qy,A,At/IN Williams/NNP or/CC Pennsylvania/NNP ?/.,At Williams or Pennsylvania? /
qy,A,"At/IN Williams/NNP ,/,","At Williams, -/"
sd,B,At/IN Pennsylvania/NNP ./.,At Pennsylvania. /
b^m,A,At/IN Pennsylvania/NNP ./.,At Pennsylvania. /
qw,A,Well/UH how/WRB large/JJ is/VBZ Williams/NNP ?/.,{D Well } how large is Williams? /
sd,B,Williams/NNP is/VBZ an/DT undergraduate/NN school/NN only/RB --/:,Williams is an undergraduate school only -- /
b,A,Right/UH ./.,Right. /
sd,B,"--/: um/UH ,/, and/CC it/PRP 's/HVS a/DT total/NN of/IN two/CD thousand/CD ./.","-- {F um, } {C and } it's a total of two thousand. /"
ba,A,Well/UH that/DT 's/BES not/RB bad/JJ ./.,{D Well } that's not bad. /
aa,B,"Yeah/UH ,/,","Yeah, /"
sd,B,so/RB he/PRP knew/VBD the/DT feeling/NN because/IN my/PRP$ other/JJ son/NN is/VBZ at/IN Amherst/NNP which/WDT is/VBZ --/:,{C so } he knew the feeling because my other son is at Amherst which is --
^2,A,"Which/WDT is/VBZ a/DT lot/NN ,/,","Which is a lot, -/"
+,B,--/: fifteen/CD hundred/CD --/:,-- fifteen hundred -- /
b,A,Yeah/UH ./.,Yeah. /
sd,B,--/: and/CC he/PRP had/VBD visited/VBN his/PRP$ brother/NN at/IN Amherst/NNP and/CC knew/VBD --/:,-- {C and } he had visited his brother at Amherst and knew --
b,A,Uh-huh/UH ./.,Uh-huh. /
+,B,--/: that/IN he/PRP liked/VBD the/DT environment/NN --/:,-- that he liked the environment -- /
b,A,Uh-huh/UH ./.,Uh-huh. /
sd,B,"--/: but/CC he/PRP did/VBD go/VB on/IN college/NN visits/NNS ,/,","-- {C but } he did go on college visits, /"
sd,B,"and/CC he/PRP liked/VBD ,/,","{C and } he liked, -/"
sv,A,"That/DT 's/BES the/DT thing/NN to/TO do/VB ,/,","That's the thing to do, /"
sd,A,"I/PRP mean/VBP ,/, I/PRP ,/, not/RB having/VBG any/DT children/NNS ,/, my/PRP$ husband/NN was/VBD an/DT Ohio/NNP State/NNP person/NN ,/,","{E I mean, } [ I, + ] not having any children, my husband was an Ohio State person, /"
sd,A,"and/CC ,/, uh/UH ,/, that/DT has/VBZ something/NN like/IN either/CC the/DT first/JJ or/CC second/JJ largest/JJS student/NN population/NN ,/, like/IN fifty/CD thousand/CD ./.","{C and, } {F uh, } that has something {D like } either the first or second largest student population, {D like } fifty thousand. /"
aa,B,"Yes/UH ,/,","Yes, /"
aa,B,yes/UH --/:,yes -- /
sd,A,Combined/JJ MUMBLEx/XX ./.,Combined (( )) . -/
sv,B,"--/: it/PRP 's/BES large/JJ ,/,","-- it's large, /"
sd,B,"and/CC they/PRP ,/, both/DT boys/NNS had/VBD decided/VBN no/UH ,/, that/IN they/PRP did/VBD not/RB want/VB that/DT ./.","{C and } [ they, + ] both boys had decided no, that they did not want that. /"
aa,A,"Yeah/UH ,/,","Yeah, /"
sv,A,"that/DT is/VBZ too/RB much/JJ ,/,","that is too much, /"
sv,A,"and/CC I/PRP mean/VBP ,/, I/PRP ,/, um/UH ,/, I/PRP can/MD only/RB say/VB it/PRP 's/BES strange/JJ your/PRP$ son/NN picked/VBD those/DT kinds/NNS of/IN college/NN because/IN I/PRP spent/VBD a/DT year/NN at/IN Bennington/NNP in/IN Vermont/NNP ,/,","{C and } {E I mean, } [ I, + {F um, } I ] can only say it's strange your son picked those kinds of college because I spent a year at Bennington in Vermont, /"
%,B,"Oh/UH ,/, it/PRP 's/BES ,/,","{F Oh, } it's, - /"
%,B,"so/IN you/PRP ,/,","so you, -/"
sd,A,"Um/UH ,/, and/CC that/DT was/VBD ,/, this/DT was/VBD twenty/CD years/NNS ago/RB ./.","{F Um, } {C and } [ that was, + this was ] twenty years ago <laughter>. /"
b,B,Uh-huh/UH ./.,Uh-huh. /
sd,A,"Showing/VBG my/PRP$ age/NN ,/,","Showing my age, -/"
qy,B,And/CC did/VBD you/PRP ever/RB eat/VB at/IN the/DT Blue/NNP Bin/NNP Diner/NNP ?/.,{C And } did you ever eat at the Blue Bin Diner? /
ny,A,Yes/UH ./.,Yes. /
ba,A,"Oh/UH my/PRP$ God/NNP ,/,","Oh my God, /"
qw,A,"where/WRB are/VBP you/PRP from/IN ,/,","where are you from, /"
ad,A,"well/UH ,/, let/VB 's/PRP not/RB talk/VB about/IN that/DT ./.","{D well, } let's not talk about that <laughter>. /"
aa,B,No/UH,<Laughter> No /
sd,B,but/CC we/PRP 've/VBP been/VBN there/RB when/WRB MUMBLEx/XX whose/WP$ gone/VBN up/IN there/RB ./.,{C but } we've been there when (( )) whose gone up there. -/
sd,A,"It/PRP 's/BES ,/, um/UH ,/, in/IN that/DT area/NN ./.","It's, {F um, } in that area. /"
sd,A,I/PRP mean/VBP I/PRP just/RB ca/MD n't/RB say/VB enough/RB about/IN it/PRP ./.,{E I mean } I just can't say enough about it. /
sd,B,"Oh/UH ,/, it/PRP 's/BES ,/, it/PRP MUMBLEx/XX","{F Oh, } [ it's, + it ] (( )) - /"
sd,B,we/PRP went/VBD,we went /
sd,B,"and/CC he/PRP was/VBD ,/, you/PRP know/VBP ,/, impressed/JJ by/IN the/DT clean/JJ air/NN","{C and } he was, {D you know, } impressed by the clean air /"
sd,B,"and/CC he/PRP ,/, he/PRP met/VBD the/DT students/NNS at/IN both/DT schools/NNS","{C and } [ he, + he ] met the students at both schools /"
sd,B,and/CC he/PRP liked/VBD them/PRP ./.,{C and } he liked them. /
sd,A,"Well/UH you/PRP know/VBP ,/, um/UH ,/, my/PRP$ husband/NN 's/BES an/DT engineer/NN and/CC a/DT strong/JJ MUMBLEx/XX ,/, a/DT strong/JJ liberal/JJ arts/NNS background/NN with/IN ,/, uh/UH ,/, a/DT graduate/NN degree/NN in/IN a/DT technical/JJ field/NN --/:","{D Well } {D you know, } {F um, } my husband's an engineer and [ a strong + (( )) , a strong ] liberal arts background with, {F uh, } a graduate degree in a technical field --"
b,B,Uh-huh/UH ./.,Uh-huh. /
+,A,"--/: will/MD get/VB him/PRP much/JJ further/RBR than/IN say/VB like/IN a/DT ,/, a/DT strong/JJ ,/, um/UH ,/, business/NN administration/NN degree/NN than/IN with/IN another/DT M/NNP B/NNP A/NNP --/:","-- will get him much further than say {D like } [ a, + a ] strong, {F um, } business administration degree than with another M B A --"
aa,B,That/DT 's/BES it/PRP ./.,That's it. /
+,A,--/: on/IN top/NN of/IN it/PRP ./.,-- on top of it. /
sv,B,"The/DT thing/NN is/VBZ if/IN ,/, if/IN a/DT person/NN really/RB knows/VBZ very/RB early/RB on/RP --/:","The thing is [ if, + if ] a person really knows very early on --"
b,A,Uh-huh/UH ./.,Uh-huh. /
+,B,--/: that/IN they/PRP want/VBP to/TO go/VB --/:,-- that they want to go --
^2,A,"and/CC they/PRP usually/RB ,/,","{C and } they usually,"
+,B,"--/: in/IN a/DT technical/JJ field/NN ,/, than/IN you/PRP 're/VBP not/RB ,/, then/RB it/PRP 's/BES probably/RB good/JJ to/TO go/VB to/IN ,/, you/PRP know/VBP ,/, to/TO apply/VB to/IN a/DT school/NN --/:","-- in a technical field, [ than you're not, + then it's ] probably good [ to go to, + {D you know, } to apply to ] a school --"
+,A,"Yeah/UH ,/,","Yeah, /"
sv,A,but/CC they/PRP usually/RB do/VBP n't/RB ./.,{C but } they usually don't. /
+,B,"--/: with/IN a/DT good/JJ technical/JJ program/NN ,/,","-- with a good technical program, /"
sv,B,"but/CC ,/, uh/UH ,/, for/IN ,/, if/IN you/PRP 're/VBP going/VBG into/IN ,/,","{C but, } {F uh, } [ for, + ] if you're going into, - /"
sv,B,"if/IN you/PRP know/VBP engineering/NN is/VBZ the/DT thing/NN if/IN ,/, then/RB you/PRP 've/VBP got/VBN to/TO at/IN least/JJS take/VB engineering/NN ./.","if {D you know } engineering is the thing [ if, + ] then you've got to at least take engineering. /"
aa,A,"Right/UH ,/,","Right, /"
sd,A,"but/CC they/PRP ,/,","{C but } they, - /"
%,A,no/UH,no /
qh,A,but/CC who/WP does/VBZ ./.,{C but } who does. /
sv,A,"I/PRP mean/VBP ,/, I/PRP think/VBP ,/,","{E I mean, } [ [ I think, +"
aa,B,That/DT 's/BES right/JJ ./.,That's right. /
+,A,"I/PRP think/VBP all/DT ,/, I/PRP think/VBP the/DT majority/NN of/IN people/NNS just/RB do/VBP n't/RB know/VB ./.","I think ] all, + I think ] the majority of people just don't know. /"
%,A,No/UH,No /
sd,A,"he/PRP looked/VBD at/IN criteria/NNS such/IN as/IN location/NN ,/, size/NN of/IN school/NN --/:","he looked at criteria such as location, size of school --"
b,B,Uh-huh/UH ./.,Uh-huh. /
+,A,"--/: uh/UH ,/,","-- {F uh, } -/"
%,B,No/UH,No /
sd,B,"he/PRP did/VBD n't/RB apply/VB to/IN any/DT school/NN further/RBR ,/,","he didn't apply to any school further, /"
sd,B,"the/DT furthest/RBS away/RB was/VBD Bowdoin/NNP ,/, in/IN Maine/NNP which/WDT is/VBZ about/RB twelve/CD hours/NNS ./.","the furthest away was Bowdoin, in Maine which is about twelve hours. /"
sv,A,That/DT 's/BES still/RB pretty/RB far/RB though/RB ./.,That's still pretty far though. /
sv,A,"I/PRP mean/VBP a/DT lot/NN of/IN kids/NNS just/RB do/VBP n't/RB even/RB want/VB to/TO go/VB ,/,","{E I mean } a lot of kids just don't even want to go, /"
b,B,"Yeah/UH ,/,","Yeah, /"
sd,B,that/DT was/VBD the/DT furthest/JJS and/CC then/RB Kenyon/NNP in/IN Ohio/NNP which/WDT was/VBD about/RB six/CD and/CC a/DT half/NN hours/NNS,that was the furthest and then Kenyon in Ohio which was about six and a half hours /
sd,B,and/CC Williams/NNP is/VBZ about/RB seven/CD ./.,{C and } Williams is about seven. /
ba,A,"Oh/UH ,/, that/DT 's/BES not/RB too/RB bad/JJ ./.","{F Oh, } that's not too bad. /"
aa,B,Yeah/UH,Yeah /
%,B,"so/RB ,/, well/UH ,/, I/PRP mean/VBP he/PRP ,/, so/IN it/PRP was/VBD n't/RB ,/,","{C so, } {D well, } {E I mean } he, so it wasn't, - /"
%,B,"he/PRP ,/, you/PRP know/VBP ,/,","he, {D you know, } - /"
sd,B,then/RB the/DT University/NNP of/IN Pennsylvania/NNP is/VBZ like/UH two/CD hours/NNS from/IN here/RB by/IN train/NN,then the University of Pennsylvania is {D like } two hours from here by train /
sd,B,and/CC then/RB Bucknell/NNP in/IN mid-state/JJ Pennsylvania/NNP ./.,and then Bucknell in mid-state Pennsylvania. /
b,A,"MUMBLEx/XX Yeah/UH ,/,","(( )) Yeah, /"
sv,A,"he/PRP will/MD enjoy/VB Williams/NNP I/PRP think/VBP and/CC MUMBLEx/XX is/VBZ a/DT good/JJ academic/NN ,/,","he will enjoy Williams I think and (( )) is a good academic, /"
aa,B,"Yeah/UH ,/,","Yeah, /"
sd,B,"and/CC he/PRP will/MD ,/,","{C and } he will, /"
sd,B,"and/CC if/IN ,/, it/PRP came/VBD down/IN I/PRP mean/VBP ,/, as/IN he/PRP ,/, he/PRP came/VBD ,/,","{C and } [ if, + ] it came down {E I mean, } as [ he, + he ] came, - /"
sd,B,he/PRP 's/HVS been/VBN talking/VBG to/IN them/PRP,he's been talking to them /
sd,B,"and/CC ,/,","[ {C and, } +"
x,A,,<Laughter>.
+,B,and/CC he/PRP came/VBD down/RB,{C and } ] he came down /
sd,B,"and/CC one/CD of/IN the/DT things/NNS that/IN he/PRP said/VBD is/VBZ ,/, he/PRP went/VBD to/IN Pennsylvania/NNP this/DT weekend/NN","{C and } one of the things that he said is, he went to Pennsylvania this weekend /"
sd,B,and/CC he/PRP had/VBD an/DT absolutely/RB marvelous/JJ time/NN --/:,{C and } he had an absolutely marvelous time -- /
b,A,Uh-huh/UH ./.,Uh-huh. /
sd,B,--/: he/PRP had/VBD a/DT great/JJ time/NN,-- he had a great time /
sd,B,"but/CC then/RB he/PRP said/VBD ,/, you/PRP know/VBP ,/, it/PRP was/VBD such/PDT a/DT good/JJ time/NN that/IN I/PRP almost/RB got/VBD the/DT feeling/NN that/IN their/PRP$ emphasis/NN is/VBZ on/IN having/VBG fun/NN ./.","{C but } then he said, {D you know, } it was such a good time that I almost got the feeling that their emphasis is on having fun. /"
sv,A,That/DT could/MD very/RB well/RB be/VB,That could very well be /
sv,A,"and/CC ,/,","{C and, }"
sd,B,"and/CC he/PRP said/VBD it/PRP almost/RB back/VBD ,/,","{C and } he said it almost back-, - /"
sd,B,I/PRP think/VBP it/PRP backfired/VBD ./.,I think it backfired. /
+,A,"So/RB he/PRP 's/BES developing/VBG his/PRP$ ,/, his/PRP$ ,/, uh/UH ,/, internal/JJ instincts/NNS right/RB now/RB ./.","{C So } he's developing [ his, + his, ] {F uh, } internal instincts right now. /"
sv,A,That/DT 's/BES good/JJ because/IN --/:,That's good because --
%,B,So/RB ./.,{D So. } -/
+,A,"--/: I/PRP mean/VBP I/PRP 'm/VBP sure/JJ what/WP he/PRP said/VBD was/VBD true/JJ ,/, that/IN ,/, uh/UH ,/, you/PRP ,/,","-- {E I mean } I'm sure what he said was true, that, {F uh, } you, - /"
sd,A,"well/UH actually/UH that/DT 's/BES one/CD of/IN the/DT reasons/NNS I/PRP went/VBD to/IN MUMBLEx/XX ,/,","{D well } {D actually } that's one of the reasons I went to (( )) , - /"
sv,A,"Kenyon/NNP ,/, he/PRP we-/XX ,/, he/PRP made/VBD a/DT good/JJ choice/NN ./.","Kenyon, [ he we-, + he made ] a good choice. /"
sd,A,"I/PRP went/VBD ,/,","I went, - /"
sd,A,"I/PRP ,/, well/UH MUMBLEx/XX I/PRP was/VBD supposed/VBN to/TO ,/,","[ I, + {D well } (( )) ] I was supposed to, /"
sd,A,"but/CC I/PRP spent/VBD a/DT year/NN in/IN Vermont/NNP ,/, my/PRP$ freshman/NN year/NN ,/,","{C but } I spent a year in Vermont, my freshman year, /"
sd,A,"it/PRP was/VBD just/RB too/RB far/RB away/RB ,/,","it was just too far away, /"
sd,A,it/PRP was/VBD too/RB different/JJ --/:,it was too different --
b,B,Uh-huh/UH ./.,Uh-huh. /
+,A,"--/: uh/UH ,/, the/DT level/NN of/IN income/NN of/IN lot/NN of/IN the/DT students/NNS","-- {F uh, } the level of income of lot of the students /"
sd,A,"and/CC their/PRP$ attitudes/NNS was/VBD just/RB ,/, um/UH ,/, beyond/IN my/PRP$ ,/,","{C and } their attitudes was just, {F um, } beyond my,"
b,B,"Yeah/UH ,/,","Yeah, /"
b,B,yeah/UH ./.,yeah. /
+,A,"um/UH ,/, in/IN terms/NNS of/IN drugs/NNS ,/, et/FW cetera/FW ,/, which/WDT I/PRP thought/VBD was/VBD shocking/JJ ./.","{F um, } in terms of drugs, et cetera, which I thought was shocking. /"
sv,B,"Of/IN course/NN ,/, that/DT period/NN too/RB was/VBD probably/RB difficult/JJ ./.","Of course, that period too was probably difficult. /"
aa,A,"Right/UH ,/,","Right, /"
aa,A,"yeah/UH ,/,","yeah, /"
sv,A,you/PRP 're/VBP right/JJ,you're right /
sd,A,"but/CC then/RB I/PRP went/VBD ,/,","{C but } then I went, -/"
sd,B,"But/CC I/PRP did/VBD ,/, uh/UH ,/,","{C But } I did, {F uh, } /"
sd,B,"my/PRP$ advice/NN to/IN him/PRP ,/,","my advice to him,"
b,A,Yeah/UH ./.,Yeah. /
+,B,"and/CC my/PRP$ hus-/NN ,/, was/VBD that/IN ,/, uh/UH ,/, he/PRP had/VBD to/TO really/RB decide/VB what/WP he/PRP wanted/VBD out/IN of/IN college/NN ./.","[ and my hus-, + ] was that, {F uh, } he had to really decide what he wanted out of college. /"
sd,B,He/PRP had/VBD to/TO look/VB at/IN himself/PRP ./.,He had to look at himself. /
sd,B,"Uh/UH ,/, in/IN a/DT larger/JJR school/NN he/PRP had/VBD to/TO realize/VB that/IN if/IN he/PRP was/VBD going/VBG to/TO screw/VB around/RP it/PRP ,/, he/PRP could/MD probably/RB slip/VB","{F Uh, } in a larger school he had to realize that if he was going to screw around it, he could probably slip /"
sd,B,and/CC it/PRP would/MD n't/RB be/VB caught/VBN up/RP until/IN it/PRP was/VBD too/RB late/JJ where/WRB in/IN a/DT smaller/JJR school/NN --/:,{C and } it wouldn't be caught up until it was too late where in a smaller school --
b,A,Uh-huh/UH ./.,Uh-huh. /
+,B,"--/: where/WRB ,/, especially/RB in/IN a/DT Kenyon/NNP or/CC a/DT Williams/NNP ,/, where/WRB you/PRP see/VBP the/DT professors/NNS around/IN town/NN all/PDT the/DT time/NN ,/, you/PRP skip/VBP class/NN in/IN the/DT morning/NN and/CC they/PRP see/VBP you/PRP ,/,","-- where, especially in a Kenyon or a Williams, where you see the professors around town all the time, you skip class in the morning and they see you, /"
sd,A,And/CC you/PRP 're/VBP going/VBG to/TO get/VB a/DT little/JJ bit/NN more/JJR input/NN than/IN --/:,{C And } you're going to get a little bit more input <laughter> than --
%,B,"That/DT 's/BES ,/,","That's, - /"
aa,B,"yeah/UH ,/,","yeah, /"
aa,B,yeah/UH ./.,yeah. /
+,A,--/: discipline/NN,-- discipline /
%,A,yeah/UH ./.,yeah. /
sd,B,"And/CC a/DT swim/NN coach/NN is/VBZ going/VBG to/TO be/VB right/RB on/IN top/NN of/IN you/PRP ,/, uh/UH ,/, so/IN that/IN ,/,","{C And } a swim coach is going to be right on top of you, {F uh, } [ so that, + ] /"
sd,B,"and/CC he/PRP will/MD know/VB the/DT professors/NNS in/IN a/DT small/JJ ,/,","{C and } he will know the professors in a small, -/"
h,A,Well/UH I/PRP do/VBP n't/RB know/VB how/WRB to/TO put/VB this/DT either/CC in/IN this/DT way/NN,{D Well } I don't know how to put this either in this way /
sv,A,and/CC then/RB it/PRP does/VBZ n't/RB sound/VB like/IN your/PRP$ sons/NNS would/MD need/VB this/DT,{C and then } it doesn't sound like your sons would need this /
sv,A,"but/CC I/PRP just/RB think/VBP the/DT other/JJ thing/NN is/VBZ with/IN the/DT way/NN a/DT lot/NN of/IN the/DT youth/NN is/VBZ today/RB ,/, I/PRP think/VBP the/DT refinement/NN that/WDT they/PRP get/VBP --/:","{C but } I just think the other thing is with the way a lot of the youth is today, I think the refinement that they get --"
b,B,Uh-huh/UH ./.,Uh-huh. /
+,A,"--/: I/PRP do/VBP n't/RB mean/VB specifically/RB MUMBLEx/XX or/CC culture/NN but/CC just/RB what/WP you/PRP 're/VBP saying/VBG ,/, just/RB a/DT solid/JJ background/NN --/:","-- I don't mean specifically (( )) or culture but just what you're saying, just a solid background --"
b,B,"Yeah/UH ,/,","Yeah, /"
b,B,yeah/UH ./.,yeah. /
+,A,--/: because/IN I/PRP just/RB do/VBP n't/RB think/VB at/IN that/DT age/NN I/PRP just/RB do/VBP n't/RB think/VB that/IN young/JJ people/NNS know/VBP what/WP they/PRP want/VBP to/TO do/VB ./.,-- because I just don't think at that age I just don't think that young people know what they want to do.
aa,B,"That/DT 's/BES right/JJ ,/,","That's right, /"
aa,B,that/DT 's/BES right/JJ ./.,that's right. /
+,A,You/PRP know/VBP,{D You know } /
%,A,"and/CC ,/, um/UH ,/,","{C and, } {F um, } -/"
sd,B,"And/CC ,/, um/UH ,/, and/CC it/PRP 's/BES just/RB the/DT personal/JJ contact/NN where/WRB if/IN you/PRP need/VBP help/NN --/:","[ {C And, } + {F um, } {C and } ] it's just the personal contact where if you need help -- -/"
aa,A,That/DT 's/BES right/JJ ./.,That's right. /
%,B,"--/: he/PRP had/VBD ,/,","-- he had, - /"
sd,B,I/PRP told/VBD him/PRP to/TO look/VB to/IN yourself/PRP ./.,I told him to look to yourself. /
^q,B,Are/VBP you/PRP the/DT kind/NN of/IN person/NN that/WDT will/MD go/VB into/IN a/DT large/JJ college/NN and/CC if/IN the/DT professor/NN says/VBZ I/PRP 've/VBP got/VBN office/NN hours/NNS but/CC you/PRP really/RB do/VBP n't/RB feel/VB that/IN you/PRP know/VBP him/PRP because/IN you/PRP 're/VBP in/IN a/DT class/NN of/IN a/DT hundred/CD --/:,Are you the kind of person that will go into a large college and if the professor says I've got office hours but you really don't feel that you know him because you're in a class of a hundred --
b,A,Right/UH MUMBLEx/XX ./.,Right (( )) . /
+,B,--/: that/IN you/PRP 're/VBP really/RB going/VBG to/TO look/VB him/PRP up/RP --/:,-- that you're really going to look him up -- /
b,A,Yeah/UH ./.,Yeah. /
^q,B,--/: but/CC if/IN it/PRP 's/BES a/DT class/NN of/IN fifteen/CD --/:,-- {C but } if it's a class of fifteen --
sv,A,"This/DT is/VBZ very/RB ,/, very/RB ,/,","This is very, very, -/"
+,B,"--/: and/CC you/PRP need/VBP help/NN ,/, you/PRP know/VBP that/IN it/PRP 's/BES much/RB easier/JJR to/TO do/VB it/PRP and/CC especially/RB in/IN the/DT large/JJ schools/NNS they/PRP have/VBP lectures/NNS --/:","-- and you need help, you know that it's much easier to do it and especially in the large schools they have lectures -- /"
b,A,Oh/UH ./.,Oh. /
sd,B,--/: and/CC even/RB though/IN they/PRP may/MD break/VB it/PRP up/RP into/IN smaller/JJR groups/NNS Penn/NNP is/VBZ known/VBN for/IN having/VBG --/:,-- {C and } even though they may break it up into smaller groups Penn is known for having --
^2,A,They/PRP have/VBP video/NN lectures/NNS ./.,They have video lectures. /
+,B,--/: graduate/NN assistance/NN teaching/NN ./.,-- graduate assistance teaching. /
b,A,Yeah/UH ./.,Yeah. /
b^m,A,Video/NN lectures/NNS ./.,Video lectures. /
sd,B,They/PRP have/VBP graduate/NN assistants/NNS to/TO teach/VB the/DT smaller/JJR groups/NNS ./.,They have graduate assistants to teach the smaller groups. /
aa,A,"This/DT is/VBZ true/JJ ,/,","This is true, /"
sv,A,"and/CC I/PRP mean/VBP that/DT is/VBZ very/RB ironic/JJ too/RB that/IN your/PRP$ son/NN just/RB made/VBD the/DT ,/,","{C and } {E I mean } that is very ironic too that your son just made the, - /"
qy,A,did/VBD he/PRP just/RB make/VB the/DT decision/NN today/RB ?/.,did he just make the decision today? /
sd,B,"MUMBLEx/XX he/PRP made/VBD the/DT decision/NN ,/, uh/UH ,/, I/PRP 'd/MD say/VB ,/, about/RB ,/, uh/UH ,/, an/DT hour/NN and/CC a/DT half/NN ago/RB ./.","(( )) he made the decision, {F uh, } I'd say, about, {F uh, } an hour and a half ago <laughter>. /"
ba,A,How/WRB funny/JJ ./.,How funny <laughter>. /
aa,B,"Yeah/UH ,/,","Yeah, /"
sv,B,"I/PRP mean/VBP ,/, that/DT 's/BES so/RB funny/JJ ./. I/PRP mean/VBP ,/,","{E I mean, } that's so funny. {E I mean, } /"
sd,B,"and/CC ,/, and/CC ,/, in/IN fact/NN ,/, he/PRP had/VBD just/RB an/DT hour/NN before/IN that/DT two/CD ,/, uh/UH ,/, recent/JJ graduates/NNS from/IN Kenyon/NNP spent/VBD close/RB to/IN two/CD hours/NNS talking/VBG with/IN him/PRP --/:","[ {C and, } + {C and, } ] in fact, he had just an hour before that two, {F uh, } recent graduates from Kenyon spent close to two hours talking with him -- /"
ba,A,That/DT 's/BES funny/JJ ./.,That's funny. /
sd,B,"--/: and/CC ,/, uh/UH ,/, I/PRP mean/VBP ,/, and/CC he/PRP ,/, they/PRP were/VBD really/RB nice/JJ ,/,","-- [ {C and, } + {F uh, } {E I mean, } {C and } ] [ he, + they ] were really nice, /"
sd,B,"and/CC ,/, but/CC he/PRP said/VBD is/VBZ ,/, that/IN they/PRP did/VBD n't/RB tell/VB him/PRP anything/NN that/WDT he/PRP did/VBD n't/RB know/VB ,/,","[ {C and, } + {C but } ] he said [ is, + ] that they didn't tell him anything that he didn't know, /"
sd,B,but/CC they/PRP helped/VBD confirm/VB his/PRP$ decision/NN that/IN a/DT smaller/JJR school/NN was/VBD better/JJR ./.,{C but } they helped confirm his decision that a smaller school was better. /
bf,A,It/PRP was/VBD easy/JJ for/IN him/PRP to/TO rule/VB out/RP ./.,It was easy for him to rule out. /
bf,A,He/PRP knew/VBD what/WP he/PRP did/VBD n't/RB want/VB --/:,He knew what he didn't want -- -/
aa,B,"Yeah/UH ,/,","Yeah, /"
aa,B,yeah/UH ./.,yeah. /
sv,A,"--/: that/DT 's/BES exactly/RB ,/,","-- that's exactly, - /"
%,A,yeah/UH ./.,yeah. /
qy,A,"Now/RB is/VBZ your/PRP$ other/JJ ,/,","Now is your other, - /"
sd,A,"I/PRP mean/VBP we/PRP 're/VBP talking/VBG about/IN what/WP you/PRP think/VBP ,/,","{E I mean } we're talking about what you think, /"
sd,A,"but/CC obviously/RB you/PRP 're/VBP experiencing/VBG it/PRP ./. Uh/UH ,/,","{C but } obviously you're experiencing it. {F Uh, } /"
x,B,MUMBLEx/XX ./.,(( )) <laughter>.
qy,A,"Did/VBD your/PRP$ other/JJ son/NN ,/, um/UH ,/,","Did your other son, {F um, } -/"
sd,B,My/PRP$ other/JJ son/NN is/VBZ just/RB as/RB happy/JJ as/IN a/DT bed/NN bug/NN ./.,My other son is just as happy as a bed bug. /
"fo_o_fw_""_by_bc",A,A/DT clam/NN ./.,A clam. /
%,B,"He/PRP ,/,","He, - /"
sd,B,"the/DT moment/NN he/PRP knew/VBD ,/, he/PRP ,/, he/PRP decided/VBD early/RB on/RP that/IN Amherst/NNP was/VBD the/DT school/NN ./.","the moment he knew, [ he, + he ] decided early on that Amherst was the school. /"
sd,B,He/PRP 's/BES a/DT classical/JJ guitarist/NN --/:,He's a classical guitarist -- /
ba,A,"Oh/UH ,/, wonderful/JJ ./.","{F Oh, } wonderful. /"
sd,B,"--/: and/CC he/PRP decided/VBD ,/, he/PRP also/RB got/VBD into/IN the/DT graduate/NN school/NN of/IN music/NN as/IN an/DT undergraduate/NN --/:","-- {C and } [ he decided, + he ] also got into the graduate school of music as an undergraduate --"
b,A,Uh-huh/UH ./.,Uh-huh. /
+,B,"--/: for/IN classical/JJ guitar/NN ,/,","-- for classical guitar, /"
sd,B,"but/CC he/PRP decided/VBD he/PRP was/VBD going/VBG to/TO go/VB to/IN the/DT ,/, um/UH --/:","{C but } he decided he was going to go to [ the, + {F um } --"
^2,A,"The/DT smaller/JJR and/CC the/DT ,/,","The smaller and the, -/"
+,B,"--/: the/DT smaller/JJR now/RB ,/, and/CC then/RB graduate/NN school/NN later/RB ./.","-- the ] smaller now, and then graduate school later. /"
sv,A,"And/CC they/PRP 'll/MD do/VB fine/RB in/IN their/PRP$ studies/NNS ,/,","{C And } they'll do fine in their studies, /"
sv,A,"and/CC I/PRP 'm/VBP sure/JJ they/PRP 'll/MD go/VB on/RB to/IN graduate/NN school/NN ,/,","{C and } I'm sure they'll go on to graduate school, /"
sd,B,"Well/UH ,/, he/PRP 's/BES really/RB ,/, my/PRP$ older/JJR boy/NN 's/BES real/RB happy/JJ ,/,","{D Well, } [ he's really, + my older boy's real ] happy, /"
sd,B,"and/CC he/PRP 's/BES minoring/VBG in/IN English/NNP ,/,","{C and } he's minoring in English, /"
sd,B,"and/CC he/PRP had/VBD thought/VBN about/IN economics/NNS ,/,","{C and } he had thought about economics, /"
sd,B,"and/CC he/PRP took/VBD a/DT couple/NN of/IN courses/NNS in/IN economics/NN and/CC decided/VBD that/DT was/VBD n't/RB ,/,","{C and } he took a couple of courses in economics and decided that wasn't, -/"
qrr,A,or/CC is/VBZ this/DT early/JJ admissions/NNS ?/.,{C or } is this early admissions? /
sd,B,"He/PRP 's/BES ,/, um/UH ,/, he/PRP 's/BES going/VBG to/TO be/VB a/DT junior/NN ./.","[ He's, + {F um, } he's ] going to be a junior. /"
sd,B,"He/PRP 'll/MD be/VB ,/, he/PRP 's/BES finishing/VBG his/PRP$ sophomore/NN year/NN --/:","He'll be, he's finishing his sophomore year --"
bf,A,"So/RB he/PRP 's/BES ,/,","[ {C So } he's, +"
+,B,--/: so/IN he/PRP 's/BES double/GW majoring/^VBG ./.,-- {C so } he's double majoring. /
+,A,"So/RB he/PRP 's/BES ,/, yeah/UH ,/,","{C So } he's, ] yeah, - /"
sv,A,well/UH sounds/VBZ like/IN you/PRP have/VBP two/CD talented/JJ sons/NNS ./.,{D well } sounds like you have two talented sons. /
sd,B,"Well/UH ,/, you/PRP know/VBP ,/, see/VB the/DT advice/NN we/PRP give/VBP is/VBZ to/TO not/RB limit/VB yourself/PRP ,/, especially/RB this/DT ,/, you/PRP know/VBP ,/, go/VB to/IN a/DT school/NN where/WRB you/PRP 're/VBP not/RB forced/VBN to/TO make/VB too/RB many/JJ irrevocable/JJ decisions/NNS your/PRP$ first/JJ year/NN or/CC two/CD ./.","{D Well, } {D you know, } {D see } the advice we give is to not limit yourself, especially this, {D you know, } go to a school where you're not forced to make too many irrevocable decisions your first year or two. /"
sv,A,"I/PRP think/VBP ,/, and/CC a/DT lot/NN of/IN people/NNS talk/VBP about/IN ,/,","I think, and a lot of people talk about, - /"
sd,A,"and/CC it/PRP 's/BES not/RB the/DT economics/NNS I/PRP solely/RB zeroed/VBN in/RP on/RP ,/,","{C and } it's not the economics I solely zeroed in on, /"
sv,A,but/CC I/PRP think/VBP a/DT lot/NN of/IN people/NNS think/VBP a/DT lot/NN of/IN people/NNS think/VBP about/IN the/DT tuition/NN level/NN and/CC what/WP exactly/RB are/VBP you/PRP getting/VBG in/IN return/NN --/:,{C but } I think [ a lot of people think + a lot of people think ] about the tuition level and what exactly are you getting in return -- /
b,B,Yeah/UH ./.,Yeah. /
sv,A,"--/: and/CC I/PRP think/VBP that/IN a/DT lot/NN of/IN people/NNS shy/VBP away/RP from/IN the/DT smaller/JJR coll-/NNS ,/, colleges/NNS because/IN of/IN that/DT ,/,","-- {C and } I think that a lot of people shy away from the smaller [ coll-, + colleges ] because of that, /"
sv,A,"and/CC I/PRP think/VBP it/PRP 's/BES rather/RB sad/JJ ,/,","{C and } I think it's rather sad, /"
sd,B,"Well/UH ,/, one/CD of/IN the/DT things/NNS we/PRP said/VBD is/VBZ that/IN they/PRP should/MD pick/VB the/DT college/NN ,/,","{D Well, } one of the things we said is that they should pick the college, /"
sd,B,"this/DT was/VBD our/PRP$ advice/NN ,/, too/RB ,/, irrespective/RB of/IN the/DT cost/NN ./. That/DT somehow/RB we/PRP would/MD manage/VB ./.","this was our advice, too, irrespective of the cost. That somehow we would manage. /"
sv,A,You/PRP are/VBP wonderful/JJ parents/NNS ./.,You are wonderful parents <laughter>. /
sd,B,"Well/UH ,/, we/PRP place/VBP a/DT real/RB high/JJ priority/NN on/IN education/NN in/IN our/PRP$ family/NN ./.","{D Well, } we place a real high priority on education in our family. /"
b,A,"No/UH ,/,","No, /"
aa,A,"and/CC I/PRP agree/VBP ,/,","{C and } I agree, /"
sd,A,"I/PRP mean/VBP ,/, my/PRP$ husband/NN and/CC I/PRP ,/,","{E I mean, } my husband and I, - /"
sd,A,"in/IN fact/NN ,/, I/PRP 'm/VBP taking/VBG my/PRP$ L/NNP S/NNP A/NNP T/NNP -s/NNS ,/, um/UH ,/,","in fact, I'm taking my L S A T -s, {F um, } /"
sd,A,I/PRP 'm/VBP thirty/CD something/NN --/:,I'm thirty something --
ba,B,"Oh/UH ,/, good/JJ ,/,","{F Oh, } good, /"
ba,B,that/DT 's/BES wonderful/JJ ./.,that's wonderful. /
+,A,--/: and/CC taking/VBG my/PRP$ L/NNP S/NNP A/NNP T/GW -s/NNS on/IN June/NNP tenth/JJ ./.,-- and taking my L S A T -s on June tenth. /
ba,B,"Oh/UH ,/, that/DT 's/BES great/JJ ./.","{F Oh, } that's great. /"
sv,A,"The/DT point/NN being/VBG ,/, and/CC your/PRP$ sons/NNS will/MD learn/VB this/DT from/IN you/PRP ,/, I/PRP 'm/VBP sure/JJ ,/, that/IN ,/, uh/UH ,/, no/DT matter/NN what/WDT age/NN you/PRP are/VBP ,/, you/PRP can/MD learn/VB --/:","The point being, and your sons will learn this from you, {A I'm sure, } that, {F uh, } no matter what age you are, you can learn -- /"
aa,B,"That/DT 's/BES right/JJ ,/,","That's right, /"
aa,B,"that/DT 's/BES exactly/RB ,/,","that's exactly, -/"
sv,A,"--/: and/CC ,/, it/PRP sounds/VBZ like/IN they/PRP 're/VBP going/VBG to/TO ,/, you/PRP know/VBP ,/, they/PRP 're/VBP ,/,","-- {C and, } it sounds like they're going to, {D you know, } they're, -/"
