act_tag,speaker,pos,text
sd,B,"Okay/UH ,/, I/PRP guess/VBP we/PRP 're/VBP on/RB ./.","Okay, I guess we're on. /"
b,A,Yeah/UH ./.,Yeah. /
qy,B,"Central/NNP America/NNP ,/, have/VBP you/PRP ever/RB lived/VBD in/IN Central/NNP America/NNP ./.","Central America, have you ever lived in Central America. /"
ng,A,I/PRP was/VBD n't/RB in/IN Central/NNP America/NNP,I wasn't in Central America /
sd,A,"but/CC ,/, uh/UH ,/, talking/VBG about/IN Latin/NNP America/NNP ,/, I/PRP kind/RB of/RB ,/, I/PRP consider/VBP Latin/NNP America/NNP to/TO include/VB Central/NNP and/CC South/NNP America/NNP","{C but, } {F uh, } talking about Latin America, [ I kind of, + I ] consider Latin America to include Central and South America /"
sd,A,"and/CC I/PRP did/VBD live/VB in/IN ,/, uh/UH ,/, San/NNP Polo/NNP Brazil/NNP for/IN four/CD years/NNS ./.","{C and } I did live in, {F uh, } (( San Polo )) Brazil for four years. /"
qy,B,"Do/VBP you/PRP ,/, do/VBP you/PRP think/VB that/IN ,/, that/IN we/PRP should/MD have/VB given/VBN up/RP the/DT Panama/NNP Canal/NNP ?/.","[ Do you, + do you ] think [ that, + that ] we should have given up the Panama Canal? /"
%,A,"Uh/UH ,/, realistically/RB ,/, I/PRP ,/,","{F Uh, } realistically, I, - /"
ny,A,"yes/UH ,/,","yes, /"
sv,A,"I/PRP do/VBP n't/RB see/VB the/DT ,/, the/DT Panama/NNP Canal/NNP that/WDT has/VBZ n't/RB had/VBN a/DT whole/JJ lot/NN of/IN usefulness/NN to/TO us/PRP recently/RB since/IN it/PRP 's/BES not/RB ,/, not/RB really/RB big/JJ enough/RB to/TO ,/, uh/UH ,/, accommodate/VB the/DT ,/, the/DT shipping/NN that/WDT it/PRP once/RB did/VBD","I don't see [ the, + the ] Panama Canal that hasn't had a whole lot of usefulness to us recently since it's [ not, + not ] really big enough to, {F uh, } accommodate [ the, + the ] shipping that it once did /"
sv,A,"and/CC ,/, uh/UH ,/, maybe/RB it/PRP would/MD be/VB better/JJR that/IN we/PRP let/VBP the/DT Panamanians/NNPS run/VB it/PRP however/RB ,/, I/PRP think/VBP ,/, we/PRP 're/VBP certainly/RB justified/VBN in/IN ,/, uh/UH ,/, our/PRP$ actions/NNS dealing/VBG with/IN ,/, uh/UH ,/, Noriega/NNP in/IN this/DT .../:","{C and, } {F uh, } maybe it would be better that we let the Panamanians run it however, I think, we're certainly justified in, {F uh, } our actions dealing with, {F uh, } Noriega in this ... /"
sv,B,"Well/UH ,/, there/EX are/VBP those/DT that/IN ,/, that/IN ,/, that/IN think/VBP that/IN ,/, that/IN ,/, that/IN the/DT Panama/NNP Canal/NNP has/VBZ some/DT considerable/JJ strategic/JJ importance/NN ,/, particularly/RB for/IN the/DT military/NN ./.","{D Well, } there are those [ [ that, + that, ] + that ] think [ [ that, + that, ] + that ] the Panama Canal has some considerable strategic importance, particularly for the military. /"
sd,B,"Interestingly/RB enough/RB my/PRP$ father/NN was/VBD ,/, who/WP was/VBD in/IN World/NNP War/NNP One/CD ,/, and/CC as/IN ,/, uh/UH ,/, as/IN a/DT civil/JJ engineer/NN they/PRP ,/, they/PRP ,/, they/PRP offered/VBD him/PRP a/DT commission/NN as/IN a/DT captain/NN if/IN he/PRP would/MD ,/, uh/UH ,/, go/VB in/RB and/CC ,/, and/CC ,/, uh/UH ,/, help/VB with/IN the/DT defenses/NNS of/IN the/DT Panama/NNP Canal/NNP ./.","Interestingly enough my father [ was, + who was ] in World War One, and [ as, + {F uh, } as ] a civil engineer [ [ they, + they, ] + they ] offered him a commission as a captain if he would, {F uh, } go in [ and, + and, ] {F uh, } help with the defenses of the Panama Canal. /"
sd,B,"He/PRP had/VBD worked/VBN for/IN United/NNP Fruit/NNP Company/NNP there/RB ,/,","He had worked for United Fruit Company there, /"
b,A,Uh-huh/UH ./.,Uh-huh. /
sd,B,"and/CC they/PRP ,/, uh/UH ,/, they/PRP ,/, in/IN fact/NN ,/, they/PRP had/VBD ,/,","{C and } [ [ they, + {F uh, } they, ] + in fact, they ] had, - /"
sd,B,"this/DT was/VBD in/IN the/DT ,/, the/DT late/JJ twenties/NNS","this was in [ the, + the ] late twenties /"
sd,B,and/CC they/PRP in/IN fact/NN used/VBD some/DT of/IN the/DT equipment/NN that/WDT had/VBD been/VBN left/VBN over/RP,{C and } they in fact used some of the equipment that had been left over /
sd,B,"and/CC ,/, uh/UH ,/, he/PRP turned/VBD them/PRP down/RP ./.","{C and, } {F uh, } he turned them down. /"
sd,B,"It/PRP ,/, it/PRP 's/BES interesting/JJ that/IN ,/, that/IN most/RBS people/NNS do/VBP n't/RB realize/VB how/WRB small/JJ the/DT canal/NN is/NNS ./.","[ It, + it's ] interesting [ that, + that ] most people don't realize how small the canal is. /"
qy,B,Have/VBP you/PRP ever/RB been/VBN there/RB ?/.,Have you ever been there? /
nn,A,"No/UH ,/,","No, /"
sd,A,I/PRP have/VBP n't/RB ./.,I haven't. /
sd,B,"It/PRP 's/BES ,/, it/PRP 's/BES really/RB ,/,","[ It's, + it's ] really, - /"
sd,B,"I/PRP ,/, I/PRP have/VBP n't/RB been/VBN there/RB ,/,","[ I, + I ] haven't been there, /"
sd,B,"I/PRP 've/VBP been/VBN to/IN ,/, been/VBN to/IN Salvador/NNP","I've been to, been to Salvador /"
sd,B,"and/CC ,/, and/CC ,/, uh/UH ,/, in/IN fact/NN ,/, we/PRP went/VBD back/RB to/TO visit/VB some/DT friends/NNS of/IN ,/, of/IN my/PRP$ fathers/NNS ,/, that/WDT we/PRP went/VBD in/IN fifty-seven/CD I/PRP guess/VBP ./.","[ {C and, } + {C and, } ] {F uh, } in fact, we went back to visit some friends [ of, + of ] my fathers, that we went in fifty-seven I guess. /"
sv,B,"And/CC interestingly/RB enough/RB the/DT canal/NN is/VBZ quite/RB small/JJ and/CC ,/, and/CC realistically/RB could/MD be/VB sabotaged/VBN quite/RB ,/, quite/RB easily/RB ./.","{C And } interestingly enough the canal is quite small and, and realistically could be sabotaged [ quite, + quite ] easily. /"
sv,B,"The/DT thing/NN I/PRP find/VBP interesting/JJ ,/, though/RB ,/, is/VBZ that/IN ,/, uh/UH ,/, is/VBZ the/DT whole/JJ colonial/JJ approach/NN","The thing I find interesting, though, [ is that, + {F uh, } is ] the whole colonial approach /"
qh,B,"and/CC ,/, and/CC ,/, and/CC do/VBP we/PRP ,/, do/VBP we/PRP support/VB the/DT Sandinistas/NNPS or/CC ,/, or/CC do/VBP we/PRP support/VB ,/, uh/UH ,/,","[ [ {C and, } + {C and, } ] + {C and } ] [ do we, + do we ] support the Sandinistas [ or, + or ] do we support, {F uh, } - /"
sv,B,"you/PRP know/VBP ,/, when/WRB they/PRP thought/VBD ,/, uh/UH ,/, they/PRP thought/VBD that/IN Nicaragua/NNP ,/, if/IN you/PRP gave/VBD them/PRP a/DT free/JJ election/NN ,/, they/PRP would/MD vote/VB for/IN the/DT ,/,","{D you know, } [ when they thought, + {F uh, } they thought ] that Nicaragua, if you gave them a free election, they would vote for the, - /"
%,B,"Will/MD you/PRP ,/, uh/UH ,/,","Will you, {F uh, } - /"
qy,B,"did/VBD you/PRP ever/RB studied/VBN the/DT ,/, the/DT political/JJ makeup/NN there/RB ,/, in/IN ,/, in/IN ,/, in/IN Nicaragua/NNP ./.","did you ever studied [ the, + the ] political makeup there, [ [ in, + in, ] + in ] Nicaragua. /"
na,A,"I/PRP have/VBP a/DT ,/, a/DT little/JJ bit/NN ,/,","I have [ a, + a ] little bit, /"
sd,A,"I/PRP ca/MD n't/RB say/VB that/IN I/PRP 'm/VBP ,/, I/PRP would/MD be/VB an/DT ,/, an/DT expert/NN on/IN ,/, on/IN the/DT region/NN ,/,","I can't say that [ I'm, + I ] would be [ an, + an ] expert on, on the region, /"
%,A,"but/CC ,/, uh/UH ,/, certainly/RB ,/, uh/UH ,/, I/PRP ,/, it/PRP ,/, it/PRP gets/VBZ ,/, it/PRP ge-/XX ,/, there/EX ,/,","{C but, } {F uh, } certainly, {F uh, } [ I, + ] [ it, + it ] gets, [ it ge-, + ] there, - /"
%,A,"your/PRP$ ,/,","your, - /"
sv,A,"you/PRP 've/VBP got/VBN this/DT ,/, this/DT toss/GW up/^NN betw-/IN ,/,","you've got [ this, + this ] toss up betw-, - /"
sv,A,"or/CC not/RB ,/, not/RB so/RB much/JJ a/DT toss/GW up/^NN but/CC a/DT ,/, a/DT dilemma/NN when/WRB ,/, when/WRB you/PRP want/VBP a/DT country/NN to/TO have/VB its/PRP$ ,/, its/PRP$ ,/, um/UH ,/, own/JJ ,/, uh/UH ,/, dominion/NN ,/, or/CC its/PRP$ free/JJ rein/NN over/IN its/PRP$ ,/, its/PRP$ own/JJ people/NNS ./.","{C or } [ not, + not ] so much a toss up but [ a, + a ] dilemma [ when, + when ] you want a country to have [ its, + its, ] {F um, } own, {F uh, } dominion, or its free rein over [ its, + its ] own people. /"
sv,A,"and/CC now/RB we/PRP 're/VBP ,/, we/PRP 're/VBP in/IN this/DT dilemma/NN over/IN ,/, uh/UH ,/, United/NNP States/NNPS is/VBZ ,/, believes/VBZ in/IN democracy/NN and/CC ,/, and/CC self/NN determination/NN ,/, where/WRB a-/XX ,/,","{C and } {D now } [ we're, + we're ] in this dilemma over, {F uh, } United States [ is, + believes ] in democracy [ and, + and ] self determination, where [ a-, + ] /"
%,A,but/CC that/IN,{C but } that - /
sv,A,"on/IN the/DT other/JJ hand/NN we/PRP believe/VBP in/IN self/NN preservation/NN and/CC ,/, uh/UH ,/, agree/VBP with/IN the/DT ,/, or/CC ,/, not/RB so/RB much/JJ agree/VBP with/IN but/CC are/VBP terribly/RB concerned/VBD about/IN ,/, uh/UH ,/, infl-/XX ,/, Soviet/JJ influence/NN in/IN ,/, in/IN what/WP 's/BES considered/VBN to/TO be/VB the/DT United/NNP States/NNPS sphere/NN of/IN the/DT world/NN which/WDT is/VBZ not/RB only/RB ,/, you/PRP ,/, we/PRP used/VBD to/TO see/VB spheres/NNS","on the other hand we believe in self preservation and, {F uh, } [ agree with the, + {E or, } not so much agree with ] but are terribly concerned about, {F uh, } [ infl-, + Soviet influence ] [ in, + in ] what's considered to be the United States sphere of the world which is not only, [ you, + ] we used to see spheres /"
sv,A,"but/CC now/RB we/PRP 're/VBP in/IN a/DT situation/NN where/WRB the/DT United/NNP States/NNPS is/VBZ ,/, looks/VBZ like/IN we/PRP 're/VBP it/PRP now/RB ./.","{C but } now we're in a situation where the United States [ is, + looks ] like we're it now. /"
sv,B,"Well/UH the/DT interesting/JJ part/NN about/IN it/PRP is/VBZ that/IN ,/, if/IN ,/, realistically/RB it/PRP was/VBD economic/JJ ./.","{D Well } the interesting part about it is that, if, realistically it was economic. /"
qy^d,B,I/PRP do/VBP n't/RB know/VB if/IN you/PRP read/VBP any/DT of/IN the/DT history/NN on/IN where/WRB the/DT Panama/NNP Canal/NNP,I don't know if you read any of the history on where the Panama Canal /
sd,B,"but/CC there/EX was/VBD an/DT option/NN to/TO build/VB it/PRP across/IN Nicaragua/NNP ,/,","{C but } there was an option to build it across Nicaragua, /"
sd,B,"uh/UH ,/, and/CC ,/, uh/UH ,/, there/EX were/VBD ,/, uh/UH ,/, there/EX 's/BES a/DT big/JJ ,/, there/EX 's/BES a/DT big/JJ lake/NN ,/,","{F uh, } {C and, } {F uh, } [ [ there were, + {F uh, } there's a big, ] + there's a big ] lake, /"
b,A,Uh-huh/UH ./.,Uh-huh. /
sd,B,"and/CC ,/, um/UH ,/, from/IN a/DT technical/JJ standpoint/NN it/PRP would/MD n't/RB have/VB been/VBN a/DT lot/NN more/RBR difficult/JJ to/TO have/VB built/VBN it/PRP in/IN Nicaragua/NNP ,/,","{C and, } {F um, } from a technical standpoint it wouldn't have been a lot more difficult to have built it in Nicaragua, /"
sd,B,"but/CC the/DT ,/, the/DT United/NNP States/NNPS ,/, uh/UH ,/, had/VBD some/DT ,/,","{C but } [ the, + the ] United States, {F uh, } had some, - /"
sd,B,and/CC I/PRP 've/VBP forgotten/VBN what/WP the/DT political/JJ influence/NN was/VBD,{C and } I've forgotten what the political influence was /
sd,B,but/CC there/EX were/VBD economic/JJ ties/NNS then/RB ./.,{C but } there were economic ties then. /
sd,B,"The/DT issue/NN of/IN ,/, of/IN","The issue [ of, + of ] - /"
qh,B,"if/IN ,/, if/IN it/PRP 's/BES in/IN the/DT economic/JJ interest/NN of/IN the/DT United/NNP States/NNPS ,/, uh/UH ,/, do/VBP we/PRP go/VB in/RB and/CC ,/, and/CC prevail/VB","[ if, + if ] it's in the economic interest of the United States, {F uh, } do we go in [ and, + and ] prevail /"
qh,B,"and/CC ,/, and/CC ,/, uh/UH ,/, in/IN other/JJ words/NNS do/VBP we/PRP make/VB the/DT world/NN safe/JJ for/IN democracy/NN ,/,","[ {C and, } + {C and, } ] {F uh, } in other words do we make the world safe for democracy, /"
b,A,Right/UH ./.,Right. /
sv,B,"but/CC if/IN there/EX 's/BES no/DT economic/JJ benefit/NN ,/,","{C but } if there's no economic benefit, - /"
qh,B,"and/CC I/PRP think/VBP particularly/RB if/IN you/PRP 're/VBP ,/, if/IN you/PRP 're/VBP looking/VBG at/IN the/DT ,/, at/IN the/DT ,/, at/IN the/DT peasant/NN ,/, uh/UH ,/, whether/IN he/PRP 's/BES in/IN Central/NNP America/NNP ,/, regardless/RB of/IN where/WRB he/PRP is/VBZ ,/, is/VBZ his/PRP$ life/NN ,/, is/VBZ his/PRP$ life/NN better/JJR off/RP under/IN communism/NN or/CC ,/, or/CC uh/UH ,/, or/CC Democratic/JJ government/NN ./.","{C and } I think particularly [ if you're, + if you're ] looking [ [ at the, + at the, ] + at the ] peasant, {F uh, } whether he's in Central America, regardless of where he is, [ is his life, + is his life ] better off under communism [ [ or, + or ] + {F uh, } or ] Democratic government. /"
sd,B,"You/PRP look/VBP at/IN Salvador/NNP where/WRB the/DT ,/,","You look at Salvador where the, -/"
sv,A,"Well/UH he/PRP does/VBZ n't/RB care/VB as/RB long/RB as/IN he/PRP 's/BES feeding/VBG his/PRP$ ,/, uh/UH ,/, his/PRP$ family/NN ./.","{D Well } he doesn't care as long as he's feeding [ his, + {F uh, } his ] family. /"
b,B,"Yeah/UH ,/,","Yeah, /"
qh,B,"and/CC ,/, and/CC the/DT question/NN is/VBZ ,/, does/VBZ the/DT government/NN make/NN a/DT difference/NN ./.","[ {C and, } + {C and } ] the question is, does the government make a difference. /"
sv,B,"If/IN they/PRP 'll/MD mostly/RB leave/VB him/PRP alone/RB ,/, uh/UH ,/,","If they'll mostly leave him alone, {F uh, } - /"
sv,B,"and/CC I/PRP think/VBP that/DT 's/BES the/DT difficulty/NN they/PRP ,/, that/IN ,/, that/IN we/PRP have/VBP that/IN ,/, uh/UH ,/, it/PRP ,/, it/PRP reality/NN does/VBZ n't/RB make/VB ,/, uh/UH ,/, does/VBZ n't/RB make/VB any/DT difference/NN if/IN he/PRP has/VBZ no/DT income/NN ./.","{C and } I think that's the difficulty [ they, + ] [ that, + that ] we have that, {F uh, } [ it, + it ] reality [ doesn't make, + {F uh, } doesn't make ] any difference if he has no income. /"
sv,B,"And/CC apparently/RB even/RB some/DT of/IN our/PRP$ alleged/JJ ,/, uh/UH ,/, Central/NNP American/JJ leaders/NNS that/WDT ,/, uh/UH ,/, are/VBP mostly/RB democratic/JJ have/VBP done/VBN some/DT pretty/RB terrible/JJ things/NNS ,/,","{C And } apparently even some of our alleged, {F uh, } Central American leaders that, {F uh, } are mostly democratic have done some pretty terrible things, /"
%,B,"so/RB it/PRP 's/BES ,/, uh/UH ,/,","{C so } it's, {F uh, } -/"
b,A,"Yeah/UH ,/,","Yeah, /"
%,A,"well/UH ,/, yo-/PRP ,/,","{D well, } yo-, - /"
%,A,"in/IN looking/VBG ,/, bu-/CC ,/,","in looking, bu-, - /"
sd,A,"if/IN you/PRP look/VBP at/IN the/DT region/NN in/IN ,/, in/IN ,/, uh/UH ,/,","if you look at the region [ in, + in, ] {F uh, } - /"
sd,A,"to/IN their/PRP$ detriment/NN they/PRP came/VBD from/IN ,/, uh/UH ,/, this/DT ,/, uh/UH ,/, hundreds/NNS of/IN years/NNS of/IN Spanish/JJ control/NN","to their detriment they came from, {F uh, } this, {F uh, } hundreds of years of Spanish control /"
sd,A,"and/CC the/DT ,/, and/CC the/DT Spaniards/NNPS have/VBP ,/, uh/UH ,/, horrible/JJ history/NN of/IN corrupt/JJ ,/, uh/UH ,/, government/NN ,/, greedy/JJ ,/, uh/UH ,/, rulers/NNS who/WP have/VBP been/VBN ,/, uh/UH ,/, manipulating/VBG ,/, manipulating/VBG their/PRP$ public/NN for/IN their/PRP$ own/JJ ,/, their/PRP$ own/JJ good/NN ./.","[ {C and } the, + {C and } the ] Spaniards have, {F uh, } horrible history of corrupt, {F uh, } government, greedy, {F uh, } rulers who have been, {F uh, } [ manipulating, + manipulating ] their public for [ their own, + their own ] good. /"
sd,A,"I/PRP mean/VBP ,/, if/IN you/PRP go/VBP back/RB to/IN the/DT kings/NNS and/CC ,/, and/CC the/DT ,/, the/DT conquistadors/NNS coming/VBG in/RB and/CC ,/, and/CC the/DT hor/JJ ,/, incredibly/RB horrible/JJ things/NNS they/PRP did/VBD to/IN the/DT ,/, uh/UH ,/, the/DT native/JJ tribes/NNS ,/,","{E I mean, } if you go back to the kings [ and, + and ] [ the, + the ] conquistadors coming in [ and, + and ] the [ hor-, + incredibly horrible ] things they did to [ the, + {F uh, } the ] native tribes, /"
sv,A,"I/PRP mean/VBP they/PRP make/VBP ,/, uh/UH ,/, they/PRP make/VBP the/DT things/NNS that/IN Custer/NNP did/VBD look/VB like/IN ,/, uh/UH ,/, like/IN trivial/NN ./.","{E I mean } [ they make, + {F uh, } they make ] the things that Custer did look {D like, } {F uh, } {D like } trivial. /"
%,A,"And/CC ,/, uh/UH ,/, you/PRP get/VBP ,/,","{C And, } {F uh, } you get, -/"
sd,B,"It/PRP is/VBZ ,/, it/PRP is/VBZ interesting/JJ ,/, that/IN ,/, that/IN ,/, you/PRP know/VBP we/PRP ,/, we/PRP look/VBP at/IN the/DT exploitation/NN","[ It is, + it is ] interesting, [ that, + that, ] {D you know } [ we, + we ] look at the exploitation /"
sv,B,"and/CC ,/, and/CC ,/, and/CC then/RB we/PRP accuse/VBP some/DT other/JJ people/NNS of/IN exploiting/VBG them/PRP","[ [ {C and, } + {C and, } ] + {C and then } ] we accuse some other people of exploiting them /"
sv,B,"and/CC ,/, and/CC Americans/NNPS have/VBP ,/, uh/UH ,/, have/VBP a/DT pretty/RB good/JJ reputation/NN of/IN exploiting/VBG ,/,","[ {C and, } + {C and } ] Americans [ have, + {F uh, } have ] a pretty good reputation of exploiting, /"
sv,B,"you/PRP know/VBP we/PRP basically/RB the/DT Panama/NNP Canal/NNP we/PRP went/VBD in/RB and/CC ,/, and/CC took/VBD it/PRP ./.","{D you know } [ we + basically the Panama Canal we ] went in [ {C and, } + {C and } ] took it. /"
aa,A,"Oh/UH ,/, absolutely/RB","{F Oh, } absolutely /"
sd,A,"and/CC ,/, you/PRP know/VBP we/PRP set/VBD up/RP .../:","{C and, } {D you know } we set up ... -/"
sv,B,"and/CC we/PRP stole/VBD it/PRP fair/JJ and/CC square/JJ ,/,","{C and } we stole it fair and square, /"
%,A,"An/DT ,/,","An, - /"
sv,A,"I/PRP mean/VBP ,/, Ted/NNP ,/, Teddy/NNP Roosevelt/NNP did/VBD n't/RB have/VB the/DT reputation/NN ,/, speak/VB softly/RB and/CC carry/VB a/DT big/JJ stick/NN for/IN ,/, uh/UH ,/, for/IN nothing/NN","{E I mean, } [ Ted, + Teddy ] Roosevelt didn't have the reputation, speak softly and carry a big stick [ for, + {F uh, } for ] nothing /"
%,A,"and/CC ,/, uh/UH ,/,","{C and, } {F uh, } -/"
b,A,Right/UH ./.,Right. /
qh,B,"what/WP 's/BES the/DT ,/, what/WP 's/BES America/NNP 's/POS role/NN there/RB","[ what's the, + what's ] America's role there /"
%,B,"and/CC it/PRP ,/, it/PRP ,/, uh/UH ,/,","{C and } [ it, + it, ] {F uh, } - /"
sv,B,"with/IN ,/, with/IN other/JJ things/NNS going/VBG on/IN ,/, it/PRP ,/, it/PRP seems/VBZ to/TO have/VB lessened/VBN ,/,","[ with, + with ] other things going on, [ it, + it ] seems to have lessened, /"
sv,B,"but/CC you/PRP 've/VBP still/RB got/VBN ,/, uh/UH ,/, Cuba/NNP that/WDT accepts/VBZ ,/, exerts/VBZ some/DT influence/NN ./.","{C but } you've still got, {F uh, } Cuba that [ accepts, + exerts ] some influence. /"
ar,A,"The/DT only/RB ,/, the/DT only/JJ thing/NN I/PRP see/VBP about/IN Cuba/NNP though/RB ,/, is/VBZ ,/, uh/UH ,/, after/IN Fidel/NNP Castro/NNP dies/VBZ ,/, I/PRP do/VBP n't/RB think/VB they/PRP 'll/MD be/VB a/DT communist/JJ power/NN anymore/RB ./.","[ The only, + the only ] thing I see about Cuba though, is, {F uh, } after Fidel Castro dies, I don't think they'll be a communist power anymore. /"
sv,A,"I/PRP ,/, I/PRP ca/MD n't/RB see/VB communism/NN in/IN that/DT country/NN carrying/VBG on/IN past/JJ him/PRP ./.","[ I, + I ] can't see communism in that country carrying on past him. /"
sv,B,"Well/UH ,/, when/WRB you/PRP take/VBP a/DT ,/, a/DT situation/NN where/WRB I/PRP think/VBP in/IN particular/JJ in/IN Salvador/NNP where/WRB there/EX is/VBZ a/DT significant/JJ under/GW class/^NN ,/, excuse/VB me/PRP ,/,","{D Well, } when you take [ a, + a ] situation where I think in particular in Salvador where there is a significant under class <cough>, {E excuse me, } /"
%,B,"and/CC that/IN ,/, uh/UH ,/,","{C and } that, {F uh, } - /"
qh,B,"you/PRP know/VBP ,/, having/VBG a/DT ,/, a/DT lot/NN of/IN difficulty/NN ,/, uh/UH ,/, surviving/VBG ,/, uh/UH ,/, the/DT question/NN is/VBZ would/MD they/PRP ,/, you/PRP know/VBP ,/, would/MD they/PRP be/VB better/JJR off/RP under/IN communism/NN ./.","{D you know, } having [ a, + a ] lot of difficulty, {F uh, } surviving, {F uh, } the question is [ would they, + {D you know, } would they ] be better off under communism. /"
b,A,Yeah/UH ./.,Yeah. /
sv,B,"and/CC I/PRP would/MD n't/RB ,/, do/VB n't/RB know/VB that/IN I/PRP would/MD advocate/VB communism/NN","{C and } I [ wouldn't, + ] don't know that I would advocate communism /"
qh,B,"but/CC ,/, uh/UH ,/, the/DT question/NN is/VBZ can/MD ,/, uh/UH ,/, can/MD you/PRP ,/, can/MD ,/, uh/UH ,/, can/MD a/DT democracy/NN ,/, uh/UH ,/, afford/VB the/DT ,/,","{C but, } {F uh, } the question is [ [ [ can, + {F uh, } can you, ] + can, ] + {F uh, } can ] a democracy, {F uh, } afford the, - /"
sv,B,"it/PRP 's/BES like/IN the/DT street/NN people/NNS that/WDT are/VBP starting/VBG to/TO show/VB up/RP all/DT other/JJ the/DT U/NNP S/NNP ,/, is/VBZ that/DT ,/,","it's like the street people that are starting to show up all other the U S, [ is that, + ]"
b,A,Right/UH ./.,Right. /
+,B,that/DT 's/BES essentially/RB an/DT underclass/NNS,that's essentially an underclass /
sv,B,"and/CC when/WRB you/PRP get/VBP enough/RB of/IN them/PRP ,/, uh/UH ,/, you/PRP know/VBP communism/NN would/MD feed/VB them/PRP all/DT ./.","{C and } when you get enough of them, {F uh, } {D you know } communism would feed them all. /"
%,A,"Ye-/UH ,/,","Ye-, - /"
arp_nd,A,"well/UH ,/, I/PRP ,/, I/PRP do/VBP n't/RB know/VB if/IN maybe/RB communism/NN is/VBZ the/DT right/JJ ,/, the/DT right/JJ word/NN for/IN it/PRP","{D well, } [ I, + I ] don't know if maybe communism is [ the right, + the right ] word for it /"
sd,A,"but/CC what/WP we/PRP would/MD ,/,","{C but } what we would, - /"
sd,A,"there/EX would/MD have/VB to/TO be/VB some/DT kind/NN of/IN ,/,","there would have to be some kind of, - /"
sv,A,"there/EX ,/, there/EX may/MD be/VB a/DT point/NN at/IN which/WDT ,/, at/IN which/WDT ,/, you/PRP 've/VBP ,/, uh/UH ,/, you/PRP might/MD want/VB to/TO consider/VB some/DT kind/NN of/IN socialistic/JJ ,/, uh/UH ,/, organization/NN or/CC socialistic/JJ set/GW up/^NN to/TO ,/, to/TO deal/VB with/IN the/DT problem/NN and/CC then/RB be/VB able/JJ to/TO gradually/RB transform/VB back/RB to/IN a/DT democracy/NN ./.","[ there, + there ] may be a point [ at which, + at which, ] [ you've, + {F uh, } you ] might want to consider some kind of socialistic, {F uh, } organization or socialistic set up [ to, + to ] deal with the problem and then be able to gradually transform back to a democracy. /"
%,B,"Well/UH that/IN ,/,","{D Well } that, - /"
%,B,"yeah/UH ,/,","yeah, /"
sv,B,"if/IN the/DT guys/NNS got/VBD some/DT incentive/NN ,/,","if the guys got some incentive, - /"
sv,B,"if/IN he/PRP 's/HVS got/VBN ,/, uh/UH ,/,","if he's got, {F uh, } - /"
sv,B,"you/PRP know/VBP ,/, if/IN he/PRP ,/, if/IN he/PRP can/MD raise/VB enough/RB ,/, uh/UH ,/, coffee/NN and/CC bananas/NNS to/IN ,/, uh/UH ,/, where/WRB he/PRP 's/HVS got/VBN something/NN to/TO protect/VB ,/,","{D you know, } [ if he, + if he ] can raise enough, {F uh, } coffee and bananas to, {F uh, } where he's got something to protect, /"
%,B,"other/JJ ,/, you/PRP know/VBP ,/,","other, {D you know, } -/"
b,A,"Right/UH ,/,","Right, /"
b,A,right/UH ./.,right. /
sv,B,"whether/IN he/PRP can/MD export/VB or/CC at/IN least/JJS ,/, uh/UH ,/, set/VB up/RP trade/NN and/CC all/DT then/JJ democracy/NN of/IN a/DT considerable/JJ interest/NN ./.","whether he can export or at least, {F uh, } set up trade and all then democracy of a considerable interest. /"
sv,A,"But/CC cocoa/NN leaves/NNS sell/VBP real/RB well/RB right/RB now/RB ,/, it/PRP seems/VBZ ,/,","{C But } cocoa leaves sell real well right now, it seems, /"
%,A,yeah/UH ./.,yeah. /
b,B,"Yeah/UH ,/,","Yeah, /"
sv,B,as/RB well/RB as/IN some/DT other/JJ various/JJ things/NNS that/WDT are/VBP growing/VBG in/IN tropical/JJ environments/NNS ./.,as well as some other various things that are growing in tropical environments. /
aa,A,Absolutely/UH ./.,Absolutely. /
%,A,"I/PRP do/VBP n't/RB ,/,","I don't, - /"
sv,A,"it/PRP 's/BES going/VBG to/TO be/VB hard/JJ to/TO ,/, um/UH ,/,","it's going to be hard to, {F um, } - /"
%,A,"we/PRP ,/,","we, - /"
%,A,"if/IN you/PRP ,/, you/PRP ,/,","if [ you, + you, ] - /"
sv,A,"that/DT ,/, that/DT 's/BES where/WRB your/PRP$ absolutely/RB right/JJ is/VBZ we/PRP 've/VBP got/VBN to/TO do/VB something/NN in/IN that/DT region/NN to/TO encourage/VB ,/, uh/UH ,/, or/CC to/TO make/VB ,/, to/TO make/VB him/PRP growing/VBG bananas/NNS profitable/JJ again/RB ,/, I/PRP mean/VBP ./.","[ that, + that's ] where your absolutely right is we've got to do something in that region to encourage, {F uh, } or [ [ to make, + to make ] him growing bananas profitable again, {E I mean. } /"
aa,B,"Yes/UH ,/,","Yes, /"
qh,B,"but/CC the/DT ,/, but/CC the/DT question/NN is/VBZ ,/, you/PRP know/VBP ,/, if/IN somebody/NN offered/VBD you/PRP ,/, you/PRP know/VBP ,/, a/DT thousand/CD dollars/NNS a/DT day/NN to/TO ,/, to/TO grow/VB something/NN in/IN your/PRP$ backyard/NN ,/, would/MD you/PRP do/VB it/PRP ./.","[ {C but } the, + {C but } the ] question is, {D you know, } if somebody offered {D [ you, + you ] know, } a thousand dollars a day [ to, + to ] grow something in your backyard, would you do it. /"
b,A,Right/UH ./.,Right. /
sv,B,"Well/UH not/RB that/IN we/PRP could/MD be/VB bought/VBN ,/,","{D Well } not that we could be bought, /"
%,B,"but/CC ,/, uh/UH ,/,","{C but, } {F uh, } -/"
sd,A,"I/PRP 've/VBP got/VBD to/TO watch/VB what/WP I/PRP say/VBP here/RB ,/,","I've got to watch what I say here, /"
sd,A,"I/PRP never/RB know/VBP when/WRB the/DT D/NNP I/NNP A/NNP may/MD be/VB ,/, uh/UH ,/, listening/VBG on/IN my/PRP$ phone/NN ./.","I never know when the D I A may be, {F uh, } listening on my phone <laughter>. /"
sd,B,"Well/UH of/IN course/NN ,/, everything/NN we/PRP 're/VBP saying/VBG is/VBZ being/VBG recorded/VBN","{D Well } of course, everything we're saying is being recorded /"
%,B,and/CC .../:,{C and } ... -/
b,A,"Right/UH ,/,","Right, /"
b,B,"Of/IN course/NN ,/,","Of course, /"
b,B,of/IN course/NN ./.,of course. /
b,A,"yeah/UH ,/,","yeah, /"
sv,A,"it/PRP 's/BES tempting/JJ ,/,","it's tempting, /"
sv,A,"it/PRP 's/HVS got/VBN to/TO be/VB ,/, it/PRP 's/HVS got/VBN to/TO be/VB horribly/RB tempting/JJ for/IN those/DT ,/, those/DT peasants/NNS ./.","[ it's got to be, + it's got to be ] horribly tempting for [ those, + those ] peasants. /"
^2,B,"Particularly/RB ,/, if/IN you/PRP 're/VBP hungry/JJ ./.","Particularly, if you're hungry. /"
b,A,"Yeah/UH ,/,","Yeah, /"
b,A,"yeah/UH ,/,","yeah, /"
%,A,"you/PRP ,/,","you, - /"
sv,A,"it/PRP 's/BES not/RB ,/, it/PRP 's/BES not/RB just/RB a/DT matter/NN of/IN ,/, uh/UH ,/, of/IN having/VBG an/DT extra/JJ car/NN or/CC having/VBG a/DT better/JJR car/NN ,/, this/DT is/VBZ a/DT matter/NN for/IN them/PRP of/IN ,/, of/IN feeding/VBG themselves/PRP their/PRP$ wife/NN and/CC their/PRP$ family/NN","[ it's not, + it's not ] just a matter [ of, + {F uh, } of ] having an extra car or having a better car, this is a matter for them [ of, + of ] feeding themselves their wife and their family /"
%,A,"and/CC ,/, and/CC you/PRP ,/,","[ {C and, } + {C and } ] you, - /"
sv,A,there/EX 's/BES a/DT certain/JJ degree/NN of/IN honor/NN in/IN being/VBG able/JJ to/TO feed/VB your/PRP$ family/NN,there's a certain degree of honor in being able to feed your family /
sv,A,and/CC there/EX 's/BES dishonor/NN in/IN not/RB being/VBG able/JJ to/TO do/VB it/PRP,{C and } there's dishonor in not being able to do it /
%,A,and/CC .../:,{C and } ... -/
sv,B,"Uh/UH ,/, starving/VBG to/IN death/NN is/VBZ not/RB a/DT ,/, not/RB a/DT whole/JJ lot/NN of/IN fun/NN either/DT","{F Uh, } starving to death is [ not a, + not a ] whole lot of fun either /"
%,B,"and/CC ,/, that/IN ,/,","{C and, } that, - /"
aa,A,"No/UH ,/,","No, /"
aa,A,no/UH ./.,no. /
b,A,Uh-huh/UH ./.,Uh-huh. /
sv,B,"In/IN reality/NN ,/, I/PRP think/VBP ,/, what/WP they/PRP were/VBD doing/VBG is/VBZ basically/RB going/VBG in/IN and/CC trying/VBG to/TO feed/VB some/DT people/NNS and/CC help/VB them/PRP protect/VB themselves/PRP ,/,","In reality, I think, what they were doing is basically going in and trying to feed some people and help them protect themselves, /"
%,B,"not/RB that/IN they/PRP ,/,","not that they, - /"
sd,B,"I/PRP 'm/VBP ,/, I/PRP 'm/VBP not/RB sure/JJ the/DT Catholic/NNP church/NN is/VBZ ,/, is/VBZ ,/, is/VBZ particularly/RB political/JJ","[ I'm, + I'm ] not sure the Catholic church [ [ is, + is, ] + is ] particularly political /"
%,B,"but/CC ,/, you/PRP know/VBP ,/, if/IN .../:","{C but, } {D you know, } if ... -/"
b,A,Right/UH ./.,Right. /
