act_tag,speaker,pos,text
"fo_o_fw_""_by_bc",A,Okay/UH ./.,Okay. /
qy,B,"Well/UH ,/, have/VBP you/PRP ever/RB ,/, uh/UH ,/, had/VBN a/DT family/NN reunion/NN ?/.","{D Well, } have you ever, {F uh, } had a family reunion? /"
ny,A,"Yes/UH ,/,","Yes, /"
bk,B,Oh/UH ./.,Oh. /
oo_co_cc,A,"and/CC ,/, uh/UH ,/, let/VB me/PRP tell/VB you/PRP","{C and, } {F uh, } let me tell you /"
sd,A,"this/DT is/VBZ a/DT really/RB neat/JJ thing/NN to/TO do/VB too/RB ,/, that/WDT they/PRP did/VBD ,/,","this is a really neat thing to do too, that they did, /"
sd,A,I/PRP did/VBD n't/RB do/VB it/PRP ./.,I didn't do it. /
sd,A,"Some/DT of/IN the/DT other/JJ people/NNS ,/, the/DT older/JJR people/NNS organized/VBD it/PRP ./.","Some of [ the other people, + the older people ] organized it. /"
b,B,Uh-huh/UH ./.,Uh-huh. /
sd,A,"And/CC ,/, what/WP they/PRP did/VBD ,/, they/PRP had/VBD ,/, uh/UH ,/, a/DT book/NN made/VBN up/RP","{C And, } what they did, they had, {F uh, } a book made up /"
sd,A,"and/CC it/PRP was/VBD like/IN ,/,","{C and } it was like,"
b,B,Oh/UH ./.,Oh. /
+,A,when/WRB our/PRP$ ancestors/NNS first/RB came/VBD over/RB ./.,when our ancestors first came over. /
ba,B,No/DT kidding/NN ./.,No kidding. /
sd,A,"And/CC ,/, then/RB what/WP they/PRP did/VBD was/VBD they/PRP asked/VBD every/DT family/NN to/TO write/VB something/NN about/IN their/PRP$ family/NN ./.","{C And, then } what they did was they asked every family to write something about their family."
b,B,Huh/UH ./.,Huh. /
+,A,"And/CC ,/, like/UH ,/, how/WRB many/JJ kids/NNS you/PRP had/VBD ,/, and/CC who/WP you/PRP had/VBD married/VBN ,/,","[ And, + ] like, how many kids you had, and who you had married, /"
sd,A,"and/CC ,/, you/PRP know/VBP ,/, it/PRP went/VBD through/IN like/UH ,/,","{C and, } {D you know, } it went through {D like, } - /"
sd,A,"and/CC it/PRP showed/VBD who/WP my/PRP$ ,/, uh/UH ,/, well/UH ,/, who/WP my/PRP$ husband/NN 's/POS parents/NNS were/VBD ,/, you/PRP know/VBP ./.","{C and } it showed [ who my, + {F uh, } {D well, } who my ] husband's parents were, {D you know. }"
b,B,Uh-huh/UH ./.,Uh-huh <lipsmack>. /
+,A,"And/CC ,/, who/WP he/PRP married/VBD and/CC then/RB how/WRB many/JJ children/NNS we/PRP had/VBD and/CC then/RB like/UH his/PRP$ brothers/NNS and/CC sisters/NNS","And, who he married and then how many children we had and then {D like } his brothers and sisters /"
sd,A,and/CC it/PRP went/VBD through/IN the/DT whole/JJ family/NN and/CC stuff/NN ./.,{C and } it went through the whole family and stuff. /
ba,B,"Oh/UH ,/, that/DT 's/BES so/RB neat/JJ ./.","{F Oh, } that's so neat. /"
sd,A,"And/CC ,/, it/PRP was/VBD so/RB good/JJ ./.","{C And, } it was so good. /"
ba,B,"Oh/UH ,/, great/UH ./.","{F Oh, } great <breathing>. /"
b,A,Yeah/UH ./.,Yeah. /
sd,A,"But/CC it/PRP ,/, it/PRP really/RB did/VBD ,/,","{C But } [ it, + it ] really did, /"
sd,A,"you/PRP know/VBP ,/, and/CC plus/CC it/PRP 's/HVS got/VBN a/DT lot/NN more/JJR people/NNS interested/JJ in/IN it/PRP because/IN ,/,","{D you know, } [ {C and } + {C plus } ] it's got a lot more people interested in it because,"
b,B,Uh-huh/UH ./.,Uh-huh. /
+,A,you/PRP got/VBD to/TO participate/VB sort/RB of/RB ./.,you got to participate sort of. /
b,B,Yeah/UH ./.,Yeah. /
qy^d,B,"So/RB ,/, so/RB did/VBD everybody/NN send/VB in/RB their/PRP$ information/NN and/CC they/PRP made/VBD a/DT book/NN up/RP ,/,","[ {C So, } + {C so } ] did everybody send in their information and they made a book up,"
b,A,Right/UH ./.,Right. /
+,B,"about/IN it/PRP ,/,","about it, /"
b,A,Uh-huh/UH ./.,Uh-huh. /
qy^d,B,and/CC then/RB you/PRP could/MD get/VB it/PRP at/IN the/DT reunion/NN ./.,{C and then } you could get it at the reunion. /
na,A,Right/UH ./.,Right. /
sd,A,"And/CC ,/, everybody/NN got/VBD a/DT book/NN ,/,","{C And, } everybody got a book,"
ba,B,"Oh/UH ,/, nice/JJ ./.","{F Oh, } nice. /"
+,A,that/DT came/VBD to/IN the/DT reunion/NN ./.,that came to the reunion. /
sd,A,"And/CC ,/, it/PRP told/VBD like/UH ,/, uh/UH ,/, you/PRP know/VBP ,/, where/WRB the/DT first/JJ Connallys/NNPS came/VBD over/RB ,/,","{C And, } it told {D like, } {F uh, } {D you know, } where the first Connallys came over, /"
b,B,Uh-huh/UH ./.,Uh-huh. /
b,B,Uh-huh/UH ./.,Uh-huh. /
sd,A,"and/CC ,/, um/UH ,/, it/PRP told/VBD what/WP happened/VBD when/WRB they/PRP got/VBD there/RB and/CC how/WRB many/JJ kids/NNS they/PRP had/VBD","{C and, } {F um, } it told what happened when they got there and how many kids they had /"
sd,A,and/CC it/PRP just/RB kept/VBD coming/VBG on/RP up/IN through/IN the/DT generations/NNS ./.,{C and } it just kept coming on up through the generations. /
ba,B,Wow/UH ./.,Wow. /
sd,A,"So/RB ,/, it/PRP was/VBD really/RB ,/, that/DT was/VBD really/RB neat/JJ ./.","{C So, } [ it was really, + that was really ] neat. /"
ba,B,That/DT is/VBZ neat/JJ ./.,That is neat. /
%,A,"And/CC ,/,","{C And, } -/"
qy,B,"So/UH ,/, do/VBP you/PRP have/VB a/DT big/JJ family/NN ?/.","{C So, } do you have a big family? /"
na,A,"Well/UH ,/, he/PRP does/VBZ ./.","{D Well, } he does <laughter>. /"
bh,B,"Oh/UH ,/, he/PRP does/VBZ ?/.","{F Oh, } he does? /"
b,B,Yeah/UH ./.,<Laughter> Yeah <Sniffing>. /
sd,A,"He/PRP does/VBZ ,/,","<Laughter> He does, /"
sd,A,I/PRP do/VBP n't/RB ./.,I don't. /
sd,A,"But/CC ,/, uh/UH ,/, he/PRP has/VBZ enough/JJ relatives/NNS to/TO make/VB up/RP for/IN me/PRP not/RB having/VBG any/DT ./.","{C But, } {F uh, } he has enough relatives to make up for me not having any <laughter>. /"
sd,B,That/DT 's/BES kind/RB of/RB how/WRB my/PRP$ husband/NN and/CC I/PRP are/VBP ./.,<Laughter> That's kind of how my husband and <noise> I are. /
sd,B,I/PRP have/VBP a/DT kind/RB of/RB a/DT big/JJ family/NN,I have a kind of a big family /
sd,B,"and/CC he/PRP just/RB has/VBZ himself/PRP and/CC his/PRP$ brother/NN and/CC his/PRP$ parents/NNS ,/,","{C and } he just has himself and his brother and his parents, /"
b,A,Uh-huh/UH ./.,Uh-huh. /
sd,B,and/CC that/DT 's/BES it/PRP ./.,{C and } that's it. /
sd,B,"So/RB ,/, he/PRP had/VBD to/TO kind/RB of/RB get/VB used/JJ to/IN us/PRP when/WRB we/PRP first/RB started/VBD going/VBG together/RB ./.","{C So, } he had to kind of get used to us <laughter> when we first started going together. /"
b,A,Yeah/UH ./.,Yeah. /
sd,A,"That/DT 's/BES what/WP ,/, that/DT 's/BES what/WP happened/VBN when/WRB I/PRP ,/, when/WRB I/PRP first/RB ,/, uh/UH ,/, met/VBD my/PRP$ husband/NN ./.","[ That's what, + that's what ] happened [ when I, + when I ] first, {F uh, } met my husband. /"
sd,A,"I/PRP said/VBD ,/, this/DT ca/MD n't/RB be/VB ,/, you/PRP know/VBP ,/,","I said, this can't be, {D you know, } /"
^q,A,"nobody/NN can/MD have/VB this/DT many/JJ relatives/NNS ,/,","nobody can have this many relatives, /"
x,B,./.,<Laughter>.
sd,A,"because/IN a/DT lot/NN of/IN them/PRP lived/VBD in/IN like/UH a/DT group/NN ,/, you/PRP know/VBP ,/, down/IN one/CD highway/NN ./.","{C because } a lot of them lived in {D like } a group, {D you know, } down one highway. /"
b,B,Uh-huh/UH ./.,Uh-huh. /
b,B,Uh-huh/UH ./.,Uh-huh. /
sd,A,"And/CC ,/, there/EX was/VBD a/DT lake/NN ,/,","{C And, } there was a lake, /"
sd,A,and/CC they/PRP all/DT lived/VBD down/IN there/RB by/IN it/PRP ./.,{C and } they all lived down there by it. /
ba,B,"Oh/UH ,/, how/WRB nice/JJ ./.","{F Oh, } how nice. /"
sd,A,"And/CC ,/, so/RB ,/, we/PRP were/VBD going/VBG down/IN ,/,","{C And, so, } we were going down,"
x,B,./.,<Noise>.
+,A,"the/DT highway/NN ,/, you/PRP know/VBP ,/,","the highway, {D you know, } /"
sd,A,"and/CC he/PRP kept/VBD saying/VBG ,/, this/DT is/VBZ where/WRB my/PRP$ uncle/NN lives/VBZ","{C and } he kept saying, this is where my uncle lives /"
sd,A,"and/CC this/DT is/VBZ where/WRB my/PRP$ aunt/NN lives/VBZ and/CC my/PRP$ uncle/NN ,/,","{C and } this is where my aunt lives and my uncle, /"
ba,B,"Oh/UH ,/, my/UH gosh/UH ./.","{F Oh, } my gosh. /"
sd,A,"and/CC I/PRP kept/VBD thinking/VBG ,/, this/DT guy/NN is/VBZ putting/VBG me/PRP on/RP ./.","{C and } I kept thinking, this guy is putting me on. /"
x,B,./.,<Laughter>.
sd,A,"Nobody/NN has/VBZ this/DT many/JJ relatives/NNS ,/, you/PRP know/VBP ./.","Nobody has this many relatives, {D you know } <Laughter>. /"
b,B,Yeah/UH ./.,<Laughter> Yeah. /
sd,A,"So/UH ,/, but/CC ,/,","[ {C So, } + {C but, } ]"
ba,B,How/WRB funny/JJ ./.,How funny. /
+,A,they/PRP really/RB were/VBD all/RB there/RB ./.,they really were all there. /
sd,A,"And/CC ,/, another/DT thing/NN that/WDT 's/BES really/RB good/JJ about/IN ,/, uh/UH ,/, family/NN reunions/NNS ,/,","{C And, } <lipsmack> another thing that's really good about, {F uh, } family reunions,"
b,B,Uh-huh/UH ./.,Uh-huh. /
+,A,"is/VBZ having/VBG everybody/NN just/RB cook/VB whatever/WDT is/VBZ their/PRP$ specialty/NN ,/,","is having everybody just cook whatever is their specialty,"
b,B,Uh-huh/UH ./.,Uh-huh. /
+,A,and/CC bring/VB it/PRP ./.,and bring it.
b,B,Uh-huh/UH ./.,Uh-huh. /
+,A,"At/IN ,/, because/IN nobody/NN it/PRP seemed/VBD like/IN ,/, liked/VBD the/DT same/JJ thing/NN ./.","[ At, + ] because nobody it seemed [ like, + liked ] the same thing. /"
b,B,Oh/UH ./.,Oh. /
sd,A,But/CC you/PRP had/VBD a/DT choice/NN,{C But } you had a choice /
sd,A,"and/CC then/RB you/PRP got/VBD to/TO taste/VB a/DT lot/NN of/IN new/JJ dishes/NNS and/CC stuff/NN too/RB ,/,","{C and then } you got to taste a lot of new dishes and stuff too,"
b,B,Yeah/UH ./.,Yeah. /
+,A,and/CC get/VBP a/DT lot/NN of/IN good/JJ recipes/NNS ./.,and get a lot of good recipes. /
b,B,Yeah/UH ./.,Yeah. /
sd,A,"Where/WRB if/IN you/PRP said/VBD a/DT certain/JJ thing/NN and/CC say/UH ,/, okay/UH ,/, we/PRP 're/VBP all/DT going/VBG to/TO have/VB fried/JJ fish/NN ,/, or/CC ,/, we/PRP 're/VBP all/DT going/VBG ,/,","Where if you said a certain thing and say, okay, we're all going to have fried fish, or, we're all going,"
b,B,Yeah/UH ./.,Yeah. /
+,A,to/TO have/VB fried/JJ chicken/NN ./.,to have fried chicken. /
b,B,Yeah/UH ./.,Yeah. /
sd,A,Everybody/NN might/MD not/RB like/VB that/DT ./.,Everybody might not like that. /
^2,B,Not/RB be/VB able/JJ to/TO do/VB it/PRP ./.,Not be able to do it. - /
qy^d,B,"So/UH ,/, did/VBD people/NNS come/VB like/UH from/IN out/IN of/IN town/NN to/IN the/DT reunion/NN","{C So, } did people come {D like } from out of town to the reunion /"
%,B,"or/CC ,/,","{C or, } -/"
ny,A,"Oh/UH ,/, yeah/UH ./.","{F Oh, } yeah. /"
ny,A,"Yeah/UH ,/,","Yeah, /"
b,B,They/PRP did/VBD ./.,They did. /
sd,A,they/PRP came/VBD from/IN all/DT over/IN ./.,they came from all over. /
qy,B,Did/VBD you/PRP put/VB them/PRP up/RP in/IN other/JJ people/NNS 's/POS houses/NNS,Did you put them up in other people's houses /
qrr,B,"or/CC did/VBD you/PRP have/VB hotel/NN rooms/NNS ,/,","{C or } did you have hotel rooms, /"
qw,B,"or/CC ,/, how/WRB did/VBD you/PRP do/VB it/PRP ?/.","{C or, } how did you do it? /"
sd,A,"Um/UH ,/, they/PRP just/RB stayed/VBD with/IN different/JJ ones/NNS of/IN them/PRP ./.","{F Um, } they just stayed with different ones of them. /"
b^m,B,They/PRP did/VBD ./.,They did. /
b,B,Uh-huh/UH ./.,Uh-huh. /
sd,A,"They/PRP just/RB came/VBD down/RB and/CC like/UH say/UH ,/, okay/UH ,/, this/DT aunt/NN and/CC Uncle/NNP Kip/NNP ,/, uh/UH ,/, all/DT their/PRP$ kids/NNS and/CC their/PRP$ grand/GW kids/^NNS and/CC everything/NN ,/,","They just came down and {D like } say, okay, this aunt and Uncle Kip, {F uh, } all their kids and their grand kids and everything, - /"
sd,A,"and/CC then/RB ,/,","{C and then, }"
b,B,Uh-huh/UH ./.,Uh-huh <Noise>. /
+,A,they/PRP had/VBD it/PRP ./.,they had it. /
sd,A,It/PRP had/VBD gotten/VBN so/RB big/JJ that/IN they/PRP had/VBD it/PRP at/IN the/DT church/NN ./.,It had gotten so big that they had it at the church. /
bh,B,"Oh/UH ,/, really/UH ?/.","{F Oh, } really? /"
sd,A,"And/CC ,/, they/PRP had/VBD a/DT church/NN service/NN ahead/RB of/IN it/PRP ,/,","{C And, } they had a church service ahead of it, /"
sd,A,"you/PRP know/VBP ,/, and/CC then/RB they/PRP had/VBD ,/, uh/UH ,/,","{D you know, } {C and } [ then they had, + {F uh, }"
ba,B,How/WRB nice/JJ ./.,How nice. /
+,A,"uh/UH ,/, then/RB they/PRP ate/VBD out/IN on/IN the/DT ground/NN ./.","{F uh, } then they ate ] out on the ground. /"
qy,B,And/CC they/PRP just/RB brought/VBD food/NN with/IN them/PRP ?/.,{C And } they just brought food with them? /
ny,A,Uh-huh/UH ./.,Uh-huh. /
qy,B,Did/VBD they/PRP just/RB have/VB like/UH over/IN a/DT weekend/NN ?/.,Did they just have {D like } over a weekend? /
qy,B,Is/VBZ that/DT how/WRB they/PRP did/VBD it/PRP ?/.,Is that how they did it? /
ny,A,Yeah/UH ./.,Yeah. /
b,B,Uh-huh/UH ./.,Uh-huh. /
b^m,A,Uh-huh/UH ./.,Uh-huh. /
sd,B,"Well/UH ,/, I/PRP 'm/VBP real/RB curious/JJ because/IN my/PRP$ family/NN ,/,","{D Well, } I'm real curious because my family, /"
sv,B,"it/PRP did/VBD n't/RB sound/VB ,/,","it didn't sound, - /"
sd,B,I/PRP do/VBP n't/RB think/VB my/PRP$ family/NN is/VBZ as/RB big/JJ as/IN your/PRP$ husband/NN 's/POS ./.,I don't think my family is as big as <laughter> your husband's. /
sd,B,"I/PRP do/VBP n't/RB think/VB we/PRP 'd/MD need/VB a/DT whole/JJ church/NN ,/,","I don't think we'd need a whole church, /"
sd,B,"but/CC ,/, um/UH ,/, the/DT problem/NN is/VBZ we/PRP are/VBP all/DT really/RB scattered/JJ ,/,","{C but, } {F um, } <lipsmack> the problem is we are all really scattered,"
x,A,./.,<Noise>.
+,B,around/IN ./.,around. /
sd,B,"There/EX is/VBZ n't/RB any/DT one/CD place/NN where/WRB most/JJS of/IN us/PRP live/VBP ,/,","There isn't any one place where most of us live, /"
sd,B,"so/RB if/IN we/PRP ever/RB had/VBD a/DT reunion/NN ,/, we/PRP 'd/MD kind/RB of/RB all/DT have/VB to/TO stay/VB in/IN a/DT hotel/NN ./.","{C so } if we ever had a reunion, we'd kind of all have to stay in a hotel. /"
sd,B,"I/PRP mean/VBP ,/, you/PRP know/VBP ,/, there/EX would/MD be/VB one/CD person/NN who/WP lived/VBD there/RB that/WDT would/MD have/VB a/DT house/NN ,/,","{E I mean, } {D you know, } there would be one person who lived there that would have a house, /"
sd,B,but/CC they/PRP could/MD n't/RB put/VB everybody/NN up/RP ./.,{C but } they couldn't put everybody up. /
sd,B,"So/RB it/PRP ,/, I/PRP think/VBP it/PRP would/MD get/VB kind/RB of/RB expensive/JJ ./.","{C So } [ it, + I think it ] would get kind of expensive. /"
qy,A,"But/CC ,/, you/PRP know/VBP what/WP you/PRP can/MD do/VB ?/.","{C But, } you know what you can do? /"
qw,B,Huh/UH ?/.,Huh? /
qy^d,A,"A/DT lot/NN of/IN these/DT lakes/NNS and/CC things/NNS ,/, if/IN you/PRP could/MD find/VB a/DT centrally/RB located/JJ ,/, like/UH ,/, say/UH about/RB the/DT same/JJ distance/NN for/IN all/DT of/IN you/PRP all/DT to/TO come/VB ?/.","A lot of these lakes and things, if you could find a <noise> centrally located, {D like, } {D say } about the same distance for all of you all to come? /"
b,B,Uh-huh/UH ./.,Uh-huh. /
sd,A,They/PRP have/VBP these/DT places/NNS where/WRB you/PRP can/MD rent/VB them/PRP,They have these places where you can rent them /
sd,A,"and/CC it/PRP ,/, you/PRP know/VBP ,/, like/IN on/IN a/DT lake/NN ,/,","{C and } it, <noise> {D you know, } {D like } on a lake, /"
b,B,Uh-huh/UH ./.,Uh-huh. /
sd,A,"like/IN ,/, uh/UH ,/, it/PRP 's/BES a/DT big/JJ place/NN ,/,","{D like, } {F uh, } it's a big place, /"
sd,A,"I/PRP mean/VBP ,/, you/PRP know/VBP ,/,","{E I mean, } {D you know, }"
b,B,Uh-huh/UH ./.,Uh-huh. /
+,A,"it/PRP 's/HVS got/VBN little/JJ rooms/NNS that/WDT separate/VBP off/IN of/IN it/PRP and/CC stuff/NN ,/,","it's got little rooms that separate off of it and stuff, /"
b,B,Uh-huh/UH ./.,Uh-huh. /
sd,A,"and/CC ,/, it/PRP 's/BES not/RB very/RB expensive/JJ that/DT way/NN ./.","{C and, } it's not very expensive that way. /"
%,B,"Oh/UH ,/, you/PRP mean/VBP","{F Oh, } you mean - /"
%,B,"so/RB ,/,","{C so, } - /"
sd,B,"oh/UH ,/, I/PRP see/VBP ,/,","{F oh, } I see, - /"
qy,B,so/IN everybody/NN could/MD stay/VB together/RB ?/.,{C so } everybody could stay together? /
x,B,./.,<Sniffing>.
na,A,Right/UH ./.,Right. /
sd,A,"It/PRP 's/BES like/IN a/DT ,/,","[ It's like a, +"
b,B,Yeah/UH ./.,Yeah. /
+,A,"they/PRP have/VBP like/UH a/DT ,/,","they have {D like } [ a, +"
^2,B,a/DT house/NN or/CC something/NN ./.,a house or something. /
+,A,a/DT convention/NN type/NN thing/NN ./.,a ] ] convention type thing. /
b,B,Uh-huh/UH ./.,Uh-huh. /
sd,A,"And/CC ,/, then/RB it/PRP has/VBZ little/JJ rooms/NNS off/IN of/IN it/PRP where/WRB ,/,","{C And, then } it has little rooms off of it where,"
ba,B,Oh/UH !/.,Oh! /
+,A,"you/PRP know/VBP ,/, you/PRP 'd/MD go/VB and/CC sleep/VB at/IN night/NN time/NN ./.","{D you know, } you'd go and sleep at night time. /"
sd,A,"But/CC ,/, then/RB it/PRP has/VBZ like/UH a/DT kitchenette/NN and/CC things/NNS like/IN that/DT","{C But, } then it has {D like } a kitchenette and things like that /"
%,A,"but/CC you/PRP ,/,","{C but } you, -/"
sd,B,"See/UH ,/, that/DT would/MD be/VB great/JJ because/IN then/RB you/PRP could/MD spend/VB so/RB much/RB more/JJR time/NN together/RB ,/,","{D See, } that would be great because then you could spend so much more time together,"
b,A,Right/UH ./.,Right. /
+,B,than/IN if/IN you/PRP all/DT were/VBD in/IN your/PRP$ own/JJ hotels/NNS or/CC something/NN ./.,than if you all were in your own hotels or something. /
%,A,"And/CC another/DT ,/,","{C And } another, -/"
sd,B,"And/CC then/RB ,/, every/DT time/NN you/PRP wanted/VBD to/TO go/VB eat/VB with/IN somebody/NN ,/, you/PRP 'd/MD probably/RB have/VB to/TO go/VB to/IN out/RB ,/, eat/VB or/CC something/NN ./.","{C And then, } every time you wanted to go eat with somebody, you'd probably have to go to out, eat or something. /"
sd,B,It/PRP would/MD run/VB into/IN a/DT lot/NN of/IN money/NN ./.,It would run into a lot of money. /
%,B,"So/RB ,/,","{C So, } -/"
b,A,Yeah/UH ./.,Yeah. /
%,A,"But/CC ,/, they/PRP had/VBD ,/,","{C But, } they had, - /"
%,A,"that/DT was/VBD ,/,","that was, - /"
%,A,"you/PRP know/VBP ,/, that/DT ,/,","{D you know, } that, -/"
ba,B,That/DT sounds/VBZ like/IN fun/NN ./.,That sounds like fun. /
sd,A,"what/WP you/PRP can/MD do/VB is/VBZ ,/, you/PRP can/MD write/VB different/JJ places/NNS ,/, the/DT Chamber/NNP of/IN Commerce/NNP ,/,","what you can do is, you can write different places, the Chamber of Commerce,"
b,B,Uh-huh/UH ./.,Uh-huh. /
+,A,tell/VB them/PRP what/WP you/PRP 're/VBP interested/JJ in/IN ./.,tell them what you're interested in. /
b,B,Uh-huh/UH ./.,Uh-huh. /
sd,A,"Ask/VB them/PRP what/WP they/PRP have/VBP ,/,","Ask them what they have,"
b,B,Uh-huh/UH ./.,Uh-huh. /
+,A,"you/PRP know/VBP ,/, at/IN area/NN lakes/NNS and/CC all/DT ./.","{D you know, } at area lakes and all."
b,B,Yeah/UH ./.,Yeah. /
+,A,If/IN they/PRP have/VBP something/NN like/IN that/DT,If they have something like that /
sd,A,"because/IN now/RB every/DT time/NN we/PRP plan/VBP anything/NN ,/, just/RB about/RB ,/, we/PRP write/VBP to/IN the/DT Chamber/NNP of/IN Commerce/NNP of/IN where/WRB we/PRP 're/VBP going/VBG because/IN ,/,","{C because } now every time we plan anything, just about, we write to the Chamber of Commerce of where we're going because,"
b,B,Uh-huh/UH ./.,Uh-huh. /
+,A,"you/PRP can/MD find/VB out/RP so/RB much/RB easier/RBR ,/,","you can find out so much easier,"
^2,B,"You/PRP get/VBP a/DT ,/,","You get a, -/"
+,A,"that/DT way/NN ,/, than/IN try/VB to/TO locate/VB it/PRP ,/, you/PRP know/VBP ,/,","that way, than try to locate it, {D you know, } /"
b,B,Yeah/UH ./.,Yeah. /
sd,A,"calling/VBG different/JJ places/NNS can/MD r-/RB ,/, really/RB run/VB you/PRP up/RP a/DT bill/NN ./.","calling different places can [ r-, + really ] run you up a bill. /"
b,B,Yeah/UH ./.,Yeah. /
sd,A,"But/CC ,/, if/IN you/PRP can/MD find/VB a/DT centrally/RB located/JJ place/NN where/WRB everybody/NN would/MD have/VB to/TO come/VB about/RB the/DT same/JJ distance/NN ,/,","{C But, } if you can find a centrally located place where everybody would have to come about the same distance, /"
sd,A,"I/PRP mean/VBP ,/, you/PRP ca/MD n't/RB get/VB it/PRP exact/JJ ,/, you/PRP know/VBP ,/, usually/RB ,/,","{E I mean, } you can't get it exact, {D you know, } usually, /"
b,B,"Oh/UH ,/, yeah/UH ./.","{F Oh, } yeah. /"
sd,A,"but/CC ,/, uh/UH ,/, and/CC then/RB everybody/NN goes/VBZ to/IN that/DT place/NN ./.","[ {C but, } + {F uh, } {C and then } ] everybody goes to that place. /"
sd,A,And/CC that/DT is/VBZ not/RB bad/JJ at/IN all/DT ./.,{C And } that is not bad at all. /
b,B,Uh-huh/UH ./.,Uh-huh. /
b,B,Uh-huh/UH ./.,Uh-huh. /
sd,A,"But/CC ,/, they/PRP have/VBP ,/, lot/NN of/IN times/NNS they/PRP 'll/MD have/VB like/UH ,/, uh/UH ,/, little/JJ cabins/NNS ,/,","{C But, } [ they have, + lot of times they'll have ] {D like, } {F uh, } little cabins, /"
b,B,Uh-huh/UH ./.,Uh-huh. /
sd,A,"and/CC three/CD or/CC four/CD or/CC five/CD families/NNS can/MD stay/VB in/IN those/DT cabins/NNS because/IN they/PRP have/VBP ,/, you/PRP know/VBP ,/, just/RB the/DT single/JJ bunk/NN beds/NNS and/CC stuff/NN ./.","{C and } three or four or five families can stay in those cabins because they have, {D you know, } just the single bunk beds and stuff. /"
b,B,Uh-huh/UH ./.,Uh-huh. /
sd,A,"And/CC ,/, they/PRP can/MD all/DT stay/VB in/IN those/DT cabins/NNS ./.","{C And, } they can all stay in those cabins. /"
sd,A,"And/CC then/RB ,/, you/PRP know/VBP ,/, you/PRP can/MD have/VB cookouts/NNS and/CC stuff/NN like/IN that/DT","{C And then, } {D you know, } you can have cookouts and stuff like that /"
sd,A,that/WDT does/VBZ n't/RB cost/VB you/PRP as/RB much/JJ ./.,that doesn't cost you as much. /
ba,B,That/DT would/MD be/VB great/JJ ./.,That would be great. /
x,A,./.,<Lipsmack>.
ba,B,That/DT would/MD be/VB really/RB nice/JJ ./.,That would be really nice <Barking>. /
b,A,Yeah/UH ./.,Yeah. /
sd,A,"But/CC ,/, that/DT 's/BES ,/, uh/UH ,/, you/PRP know/VBP ,/, that/DT 's/BES the/DT best/JJS way/NN I/PRP found/VBD ,/,","{C But, } [ that's, + {F uh, } {D you know, } that's ] the best way I found,"
b,B,Yeah/UH ./.,Yeah. /
+,A,"because/IN whenever/WRB you/PRP have/VBP ,/,","because whenever you have,"
ba,B,That/DT sounds/VBZ good/JJ ./.,That sounds good. /
+,A,"something/NN where/WRB you/PRP go/VBP and/CC ,/,","something where you go and, - /"
sd,A,"now/RB we/PRP had/VBD one/CD ,/,","{D now } we had one, - /"
sd,A,"this/DT was/VBD before/IN I/PRP lost/VBD a/DT lot/NN more/JJR of/IN my/PRP$ family/NN ,/,","this was before I lost a lot more of my family, /"
sd,A,but/CC it/PRP was/VBD n't/RB any/DT of/IN my/PRP$ immediate/JJ family/NN anyway/UH ./.,{C but } it wasn't any of my immediate family {D anyway. }
b,B,Uh-huh/UH ./.,Uh-huh. /
+,A,Because/IN I/PRP did/VBD n't/RB have/VB any/DT of/IN them/PRP left/VBN ./.,Because I didn't have any of them left. /
sd,A,"But/CC ,/, um/UH ,/,","{C But, } {F um } <lipsmack>,"
b,B,Uh-huh/UH ./.,Uh-huh. /
+,A,"they/PRP had/VBD ,/, uh/UH ,/, uh/UH ,/, thing/NN where/WRB you/PRP could/MD ,/, everybody/NN could/MD come/VB and/CC meet/VB and/CC go/VB out/RB to/TO eat/VB ./.","they had, {F uh, } {F uh, } thing where [ you could, + everybody could ] come and meet and go out to eat. /"
b,B,Uh-huh/UH ./.,Uh-huh. /
sd,A,"But/CC ,/, I/PRP did/VBD n't/RB think/VB that/DT was/VBD as/RB good/JJ ./. Because/IN ,/,","{C But, } I didn't think that was as good. Because,"
b,B,Yeah/UH ./.,Yeah. /
+,A,"it/PRP was/VBD like/IN ,/, you/PRP know/VBP ,/, you/PRP could/MD n't/RB really/RB talk/VB and/CC stuff/NN ,/, like/IN you/PRP could/MD when/WRB ,/,","it was like, {D you know, } you couldn't really talk and stuff, like you could when,"
b,B,Yeah/UH ./.,Yeah. /
+,A,"you/PRP were/VBD at/IN the/DT lake/NN ,/,","you were at the lake,"
b,B,"Yeah/UH ,/,","Yeah, /"
b,B,yeah/UH ./.,yeah. /
+,A,"or/CC somewhere/RB ,/, you/PRP know/VBP ,/, where/WRB you/PRP were/VBD out/RB ./.","or somewhere, {D you know, } where you were out. /"
b,B,Right/UH ./.,Right. /
sd,A,This/DT was/VBD like/IN everybody/NN came/VBD into/IN town/NN and/CC went/VBD to/IN this/DT restaurant/NN ./.,This was like everybody came into town and went to this restaurant. /
sd,B,"And/CC you/PRP have/VBP to/TO sit/VB at/IN a/DT table/NN and/CC just/RB ,/,","{C And } you have to sit at a table and just, - /"
%,B,"yeah/UH ,/,","yeah, /"
b,A,Yeah/UH ./.,Yeah. /
%,A,"And/CC ,/, it/PRP just/RB ,/,","{C And, } it just, - /"
sd,A,I/PRP did/VBD n't/RB like/VB that/DT much/RB ./.,I didn't like that much. /
%,B,"Well/UH ,/, um/UH ,/, did/VBD you/PRP ,/,","{D Well, } {F um, } did you, - /"
qy,B,was/VBD it/PRP hard/JJ to/TO decide/VB who/WP to/TO invite/VB and/CC who/WP not/RB to/TO invite/VB ./.,was it hard to decide who to invite and who not to invite. /
qy,B,"I/PRP mean/VBP ,/, did/VBD you/PRP have/VB to/TO draw/VB a/DT line/NN ,/,","{E I mean, } did you have to draw a line, /"
qy,B,or/CC did/VBD the/DT people/NNS that/WDT had/VBD that/DT reunion/NN have/VBP to/TO draw/VB a/DT line/NN ?/.,{C or } did the people that had that reunion have to draw a line? /
nn,A,No/UH ./.,No. /
%,B,"Like/IN ,/, they/PRP just/RB","{D Like, } they just - /"
qy^d,B,"whoever/WP ,/,","whoever <breathing>,"
no,A,"What/WP they/PRP did/VBD was/VBD ,/,","[ What they did was, +"
+,B,wanted/VBD to/TO come/VB ./.,wanted to come. -/
+,A,"Well/UH ,/, see/UH what/WP they/PRP did/VBD was/VBD ,/, okay/UH ,/, they/PRP ,/, uh/UH ,/, they/PRP wrote/VBD to/IN all/PDT the/DT initial/JJ people/NNS ,/, you/PRP know/VBP ,/,","{D Well, } {D see } what they did was, ] {D okay, } [ they, + {F uh, } they ] wrote to all the initial people, {D you know, }"
b,B,Uh-huh/UH ./.,Uh-huh. /
+,A,"the/DT ,/, the/DT oldest/JJS ones/NNS ./.","[ the, + the ] oldest ones. /"
b,B,Right/UH ./.,Right. /
%,A,"Okay/UH ,/,","Okay, /"
sd,A,then/RB those/DT in/IN turn/NN got/VBD a/DT hold/NN of/IN these/DT other/JJ ones/NNS ./.,then those in turn got a hold of these other ones. /
b,B,Uh-huh/UH ./.,Uh-huh. /
sd,A,"And/CC they/PRP had/VBD like/UH ,/,","{C And } they had {D like, } - /"
sd,A,"I/PRP think/VB there/EX was/VBD four/CD or/CC five/CD different/JJ people/NNS ,/,","I think there was four or five different people,"
b,B,Uh-huh/UH ./.,Uh-huh. /
+,A,"that/WDT would/MD call/VB ,/,","that would call,"
b,B,Uh-huh/UH ./.,Uh-huh. /
+,A,"you/PRP know/VBP ,/, some/DT of/IN them/PRP ,/, if/IN they/PRP did/VBD n't/RB have/VB their/PRP$ addresses/NNS and/CC all/DT on/IN them/PRP ,/,","{D you know, } some of them, if they didn't have their addresses and all on them, /"
sd,A,"and/CC ,/, you/PRP know/VBP ,/,","{C and, } {D you know, }"
b,B,Yeah/UH ./.,Yeah. /
+,A,"they/PRP told/VBD them/PRP that/IN what/WP we/PRP had/VBD to/TO do/VB was/VBD when/WRB we/PRP sent/VBD back/RB in/RP our/PRP$ information/NN ,/, we/PRP had/VBD to/TO tell/VB them/PRP how/WRB many/JJ people/NNS were/VBD going/VBG to/TO be/VB coming/VBG ,/, you/PRP know/VBP ./.","they told them that what we had to do was when we sent back in our information, we had to tell them how many people were going to be coming, {D you know. } /"
b,B,Right/UH ./.,Right. /
sd,A,"And/CC then/RB ,/, when/WRB they/PRP ,/, when/WRB they/PRP talked/VBD to/IN us/PRP or/CC when/WRB they/PRP sent/VBD us/PRP the/DT letter/NN ,/, it/PRP ,/, uh/UH ,/, you/PRP know/VBP ,/, to/TO get/VB the/DT information/NN and/CC all/DT ,/,","{C And then, } [ when they, + when they ] talked to us or when they sent us the letter, [ it, + ] {F uh, } <lipsmack> {D you know, } to get the information and all,"
b,B,Uh-huh/UH ./.,Uh-huh. /
+,A,"it/PRP asked/VBD ,/, you/PRP know/VBP ,/, will/MD you/PRP be/VB willing/JJ to/TO bring/VB","it asked, {D you know, } will you be willing to bring /"
sd,A,and/CC you/PRP had/VBD to/TO check/VB off/RP what/WDT all/DT you/PRP would/MD be/VB willing/JJ to/TO bring/VB ./.,{C and } you had to check off what all you would be willing to bring. /
bk,B,"Oh/UH ,/, I/PRP see/VBP ./.","{F Oh, } I see. /"
sd,A,"And/CC ,/, so/RB ,/, really/RB there/RB was/VBD n't/RB any/DT problem/NN with/IN ,/,","{C And, so, } really there wasn't any problem with, - /"
sd,A,"that/DT 's/BES the/DT reason/NN it/PRP ended/VBD up/RP in/IN a/DT church/NN because/IN ,/,","that's the reason it ended up in a church because,"
+,A,"I/PRP mean/VBP ,/, there/EX was/VBD just/RB so/RB many/JJ of/IN them/PRP ./.","{E I mean, } there was just so many of them. /"
b,B,"yeah/UH ,/,","yeah, /"
b,B,yeah/UH ./.,yeah. /
sd,A,"But/CC ,/, it/PRP turned/VBD out/RP so/RB much/RB better/RBR like/IN that/DT ./.","{C But, } it turned out so much better like that."
b,B,Yeah/UH ./.,Yeah. /
+,A,"Because/IN everybody/NN knew/VBD ,/, they/PRP knew/VBD ahead/RB of/IN time/NN how/WRB many/JJ people/NNS to/TO expect/VB ./.","Because [ everybody knew, + they knew ] ahead of time how many people to expect. /"
b,B,Right/UH ./.,Right. /
sd,A,"Now/UH if/IN there/EX was/VBD a/DT sickness/NN or/CC something/NN like/IN that/DT ,/, I/PRP mean/VBP ,/, you/PRP know/VBP ,/, you/PRP 're/VBP not/RB going/VBG to/TO lose/VB --/:","{D Now } if there was a sickness or something like that, {E I mean, } {D you know, } you're not going to lose --"
b,B,Sure/UH ./.,Sure. /
+,A,--/: that/RB many/JJ ./.,-- that many. /
b,B,Sure/UH ./.,Sure. /
sd,B,No/UH that/DT would/MD just/RB be/VB a/DT few/JJ ./.,No that would just be a few. /
b,A,Right/UH ./.,Right. /
qo,B,But/CC how/WRB about/IN like/IN because/IN of/IN divorce/NN and/CC stuff/NN like/IN that/DT ?/.,{C But } how about {D like } because of divorce and stuff like that? /
sd,B,"Like/IN my/PRP$ parents/NNS are/VBP divorced/JJ ,/,","{D Like } my parents are divorced, /"
b,A,"Okay/UH well/UH ,/,","Okay {D well, } /"
sd,B,and/CC they/PRP are/VBP both/DT remarried/JJ,{C and } they are both remarried /
sd,B,"and/CC ,/, you/PRP know/VBP ,/, there/EX ,/, I/PRP mean/VBP ,/, there/EX 's/BES ,/,","{C and, } {D you know, } [ there, + {E I mean, } there's, ] - /"
h,B,I/PRP do/VBP n't/RB know/VB ./.,I don't know. /
%,A,"Well/UH ,/, see/UH ,/, then/RB","{D Well, } {D see, } then - /"
%,A,"okay/UH ,/,","okay, /"
sd,A,"if/IN you/PRP wanted/VBD them/PRP both/DT to/TO come/VB ,/,","if you wanted them both to come,"
b,B,Yeah/UH ./.,Yeah. /
+,A,"then/RB you/PRP would/MD put/VB ,/, you/PRP would/MD have/VB put/VBN that/DT down/RP on/IN the/DT list/NN","then [ you would put, + you would have put ] that down on the list /"
sd,A,"and/CC you/PRP would/MD have/VB sent/VBN ,/, you/PRP would/MD have/VB been/VBN the/DT one/NN that/WDT sent/VBD their/PRP$ invitation/NN to/IN them/PRP ,/,","{C and } [ you would have sent, + you would have been ] the one that sent their invitation to them,"
b,B,Yeah/UH ./.,Yeah. /
+,A,and/CC ask/VB for/IN their/PRP$ information/NN ./.,and ask for their information. /
b,B,Yeah/UH ./.,Yeah. /
%,B,"So/RB then/RB ,/,","{C So } then, -/"
sd,A,To/TO send/VB back/RB to/IN those/DT other/JJ people/NNS ./.,To send back to those other people. /
sd,B,"I/PRP ,/, I/PRP 'm/VBP kind/RB of/RB like/IN ,/, in/IN control/NN over/IN who/WP comes/VBZ ./. Uh/UH ,/, just/RB from/IN my/PRP$ family/NN ./.","[ I, + I'm ] kind of {D like, } in control over who comes. {F Uh, } just from my family. /"
b,A,Right/UH ./.,Right. /
sd,A,"Because/IN once/RB it/PRP went/VBD to/IN the/DT ,/, the/DT oldest/JJS people/NNS and/CC then/RB they/PRP knew/VBD who/WP they/PRP wanted/VBD to/TO invite/VB ,/,","{C Because } once it went to [ the, + the ] oldest people [ and + ] then they knew who they wanted to invite, /"
b,B,Yeah/UH ./.,Yeah. /
sd,A,"then/RB ,/, they/PRP sent/VBD their/PRP$ little/JJ things/NNS to/IN us/PRP ./.","then, they sent their little things to us. /"
b,B,Yeah/UH ./.,Yeah. /
%,A,"Okay/UH ,/,","Okay, /"
sd,A,"it/PRP was/VBD up/IN to/IN me/PRP ,/,","it was up to me,"
b,B,Uh-huh/UH ./.,Uh-huh. /
+,A,"who/WP I/PRP was/VBD going/VBG to/TO ,/, you/PRP know/VBP ,/,","[ who I was going to, + ] {D you know, }"
b,B,Right/UH ./.,Right. /
+,A,"whether/IN I/PRP wanted/VBD my/PRP$ kids/NNS and/CC ,/, you/PRP know/VBP ,/, my/PRP$ ,/, any/DT of/IN my/PRP$ family/NN to/TO come/VB ./.","whether I wanted my kids and, {D you know, } [ my, + any of my ] family to come. /"
b,B,Right/UH ./.,Right. /
b,B,I/PRP see/VBP ./.,I see. /
%,A,"So/UH ,/,","{C So, } -/"
b,B,"I/PRP see/VBP ,/,","I see, /"
sd,B,that/DT 's/BES a/DT pretty/RB good/JJ idea/NN to/TO do/VB it/PRP that/DT way/NN ./.,that's a pretty good idea to do it that way. /
%,A,"And/CC then/RB ,/, you/PRP know/VBP ,/, it/PRP never/RB did/VBD ,/,","{C And then, } {D you know, } it never did, - /"
sd,A,"like/UH if/IN I/PRP did/VBD n't/RB want/VB somebody/NN to/TO come/VB ,/, then/RB I/PRP just/RB would/MD n't/RB send/VB them/PRP one/CD of/IN the/DT questionnaires/NNS ./.","{D like } if I didn't want somebody to come, then I just wouldn't send them one of the questionnaires. /"
b,B,Uh-huh/UH ./.,Uh-huh. /
sd,A,So/RB there/EX really/RB was/VBD n't/RB a/DT problem/NN that/DT way/NN ./.,{C So } there really wasn't a problem that way. /
b,B,"Right/UH ,/,","Right, /"
b,B,"right/UH ,/,","right, /"
b,B,right/UH ./.,right. /
sd,B,"Well/UH ,/, that/DT 's/BES a/DT real/RB good/JJ idea/NN ./.","{D Well, } that's a real good idea. /"
%,A,"Well/UH ,/,","{D Well, } -/"
b,B,Yeah/UH ./.,Yeah. /
sd,A,"but/CC ,/, I/PRP tell/VBP you/PRP what/WP ,/, that/DT 's/BES the/DT neatest/JJS book/NN we/PRP 've/VBP got/VBN ,/,","{C but, } I tell you what, that's the neatest book we've got, /"
ba,B,I/PRP bet/VBP ./.,<Lipsmack> I bet. /
sd,A,"course/NN we/PRP 've/VBP got/VBN ,/, we/PRP 've/VBP still/RB got/VBN it/PRP","course [ we've got, + we've still got ] it /"
sd,A,"and/CC they/PRP charged/VBD us/PRP ,/, I/PRP think/VBP it/PRP was/VBD like/IN ,/, it/PRP was/VBD like/IN five/CD or/CC six/CD dollars/NNS ,/, I/PRP ca/MD n't/RB remember/VB --/:","{C and } they charged us, I think [ it was + like, it was like ] five or six dollars, I can't remember --"
b,B,Uh-huh/UH ./.,Uh-huh. /
+,A,"--/: exactly/UH ,/, you/PRP know/VBP ,/,","-- exactly, {D you know, }"
b,B,Yeah/UH ./.,Yeah. /
+,A,that/IN we/PRP paid/VBD for/IN the/DT book/NN to/TO be/VB printed/VBN ./.,that we paid for the book to be printed. /
b,B,Yeah/UH ./.,Yeah. /
sd,A,"and/CC it/PRP 's/BES not/RB ,/, uh/UH ,/, it/PRP 's/BES not/RB a/DT hard/JJ back/NN book/NN ,/, it/PRP 's/BES just/RB a/DT ,/, oh/UH ,/, like/IN a/DT ,/, you/PRP know/VBP ,/, folder/NN type/NN thing/NN ./.","{C and } [ it's not, + {F uh, } it's not ] a hard back book, it's just [ a, + {F oh, } {D like } a, ] {D you know, } folder type thing. /"
b,B,Uh-huh/UH ./.,Uh-huh. /
sd,A,"But/CC it/PRP has/VBZ the/DT entire/JJ ,/,","{C But } it has the entire, - /"
sd,A,"you/PRP know/VBP ,/, it/PRP has/VBZ everybody/NN that/WDT you/PRP could/MD ever/RB imagine/VB ,/,","{D you know, } it has everybody that you could ever <laughter> imagine,"
ba,B,How/WRB neat/JJ ./.,How neat. /
+,A,and/CC some/DT you/PRP could/MD n't/RB ./.,and some you couldn't <laughter>. /
b,B,"Yeah/UH ,/,","Yeah, /"
sv,B,"I/PRP know/VBP ,/, that/DT 's/BES really/RB neat/JJ ./.","I know, that's really neat. /"
sv,B,That/DT 's/BES really/RB neat/JJ ./.,That's really neat. /
sd,A,"and/CC ,/, it/PRP will/MD be/VB something/NN my/PRP$ kids/NNS will/MD have/VB ,/, you/PRP know/VBP ./.","{C and, } it will be something my kids will have, {D you know. } /"
%,A,"Just/RB like/IN ,/,","Just {D like, } -/"
sd,B,I/PRP was/VBD just/RB thinking/VBG of/IN that/DT ./.,I was just thinking of [ that. +
b,A,yeah/UH ./.,yeah. /
+,B,What/WP you/PRP could/MD tell/VB your/PRP$ kids/NNS ./.,What ] you could tell your kids. /
%,A,"Because/IN if/IN you/PRP stop/VBP and/CC think/VBP ,/,","Because if you stop and think, - /"
h,A,"I/PRP do/VBP n't/RB know/VB if/IN you/PRP 're/VBP like/IN me/PRP ,/,","I don't know if you're like me, /"
sd,A,but/CC I/PRP know/VBP very/RB little/JJ about/IN before/IN my/PRP$ grandparents/NNS ./.,{C but } I know very little about before my grandparents. /
b,B,Uh-huh/UH ./.,Uh-huh. /
b,B,Uh-huh/UH ./.,Uh-huh. /
sd,A,"I/PRP mean/VBP ,/, very/RB ,/, very/RB little/JJ about/IN it/PRP ./.","{E I mean, } [ very, + very ] little about it. /"
%,B,"I/PRP just/RB ,/,","I just, - /"
sd,B,"the/DT thing/NN is/VBZ I/PRP know/VBP a/DT lot/NN of/IN stories/NNS ,/,","the thing is I know a lot of stories, /"
sd,B,but/CC I/PRP ca/MD n't/RB remember/VB who/WP it/PRP was/VBD about/IN ./.,{C but } I can't remember who it was about. /
sd,B,My/PRP$ grandparents/NNS told/VBD us/PRP when/WRB I/PRP was/VBD growing/VBG up/RP and/CC even/RB when/WRB I/PRP was/VBD an/DT adult/NN,My grandparents told us when I was growing up and even when I was an adult /
sd,B,"they/PRP still/RB tell/VBP all/DT kinds/NNS of/IN stories/NNS about/IN their/PRP$ parents/NNS and/CC their/PRP$ cousins/NNS and/CC their/PRP$ best/JJS friends/NNS ,/, cause/IN they/PRP all/DT grew/VBD up/RP in/IN New/NNP York/NNP City/NNP ,/,","they still tell all kinds of stories about their parents and their cousins and their best friends, cause they all grew up in New York City, /"
sd,B,"but/CC I/PRP ca/MD n't/RB ,/, you/PRP know/VBP ,/, I/PRP remember/VBP these/DT stories/NNS","{C but } [ I can't, + {D you know, } I remember ] these stories /"
sd,B,but/CC I/PRP have/VBP no/DT idea/NN who/WP it/PRP was/VBD that/WDT was/VBD in/IN those/DT stories/NNS ./.,{C but } I have no idea who it was that was in those stories. /
b,A,Yeah/UH ./.,Yeah. /
sd,B,"So/RB ,/, I/PRP mean/VBP ,/, I/PRP could/MD n't/RB give/VB an/DT accurate/JJ ,/,","{C So, } {E I mean, } I couldn't give an accurate, - /"
sd,B,"I/PRP could/MD n't/RB tell/VB my/PRP$ kids/NNS what/WP ,/, you/PRP know/VBP ,/, those/DT people/NNS were/VBD like/IN ,/,","I couldn't tell my kids what, {D you know, } those people were like, /"
sd,B,"I/PRP just/RB remember/VBP they/PRP had/VBD some/DT funny/JJ stories/NNS ,/,","I just remember they had some funny stories, /"
sd,B,but/CC I/PRP do/VBP n't/RB know/VB who/WP it/PRP was/VBD ./.,{C but } I don't know who it was. /
sv,A,"Maybe/RB what/WP you/PRP could/MD do/VB if/IN you/PRP could/MD n't/RB get/VB into/IN a/DT full/JJ family/NN reunion/NN ,/,","Maybe what you could do if you couldn't get into a full family reunion,"
b,B,Uh-huh/UH ./.,Uh-huh. /
+,A,"and/CC you/PRP wanted/VBD to/TO go/VB back/RB some/DT ,/,","and you wanted to go back some, - /"
sd,A,"but/CC then/RB usually/RB when/WRB you/PRP find/VBP out/RP some/DT information/NN from/IN like/UH your/PRP$ parents/NNS ,/,","{C but then } usually when you find out some information from {D like } your parents,"
b,B,Yeah/UH ./.,Yeah <Throat_clearing>. /
+,A,"then/RB you/PRP can/MD find/VB out/RP from/IN ,/, you/PRP know/VBP ,/, you/PRP can/MD find/VB somebody/NN else/RB that/WDT can/MD tell/VB you/PRP something/NN else/RB about/IN these/DT ,/,","then [ you can find out from, + {D you know, } you can find somebody ] else that can tell you something else about these, /"
