act_tag,speaker,pos,text
"fo_o_fw_""_by_bc",A,Okay/UH ./.,Okay. /
"fo_o_fw_""_by_bc",B,"Um/UH ,/, yeah/UH ./.","{F Um, } yeah. /"
sd,A,"We/PRP 're/VBP official/NN now/RB ,/,","We're official now, /"
%,A,"yeah/UH ,/,","yeah, /"
b,B,"Yeah/UH ,/,","<Laughter> Yeah, /"
sd,B,"it/PRP 's/BES um/UH ,/, it/PRP 's/BES very/RB hot/JJ ,/,","[ it's + {F um, } it's ] very hot, /"
sd,B,"in/IN fact/NN I/PRP 've/VBP been/VBN cleaning/VBG ,/, because/IN I/PRP live/VBP in/IN an/DT apartment/NN --/:","in fact I've been cleaning, because I live in an apartment -- /"
b,A,"Oh/UH ,/, okay/UH ,/,","{F Oh, } okay, /"
sd,B,--/: so/RB I/PRP ca/MD n't/RB do/VB very/RB much/JJ gardening/NN other/JJ than/IN balcony/NN gardening/NN --/:,-- {C so } I can't do very much gardening other than balcony gardening --
b,A,"Oh/UH ,/, yeah/UH ./.","{F Oh, } yeah. /"
+,B,"--/: um/UH ,/, you/PRP know/VBP ,/,","-- {F um, } {D you know, } /"
sd,B,"I/PRP have/VBP the/DT little/JJ flower/NN boxes/NNS with/IN ,/, um/UH ,/, a/DT v-/XX ,/, a/DT lot/NN of/IN different/JJ flowers/NNS ,/,","I have the little flower boxes with, {F um, } [ a v-, + ] a lot of different flowers, /"
sd,B,"and/CC I/PRP do/VBP enjoy/VB plants/NNS ,/,","{C and } I do enjoy plants, /"
sd,B,"but/CC I/PRP do/VBP n't/RB have/VB a/DT yard/NN or/CC anything/NN that/WDT I/PRP can/MD do/VB gardening/NN ,/, really/UH ./.","{C but } I don't have a yard or anything that I can do gardening, {D really. } /"
%,A,"Oh/UH ,/, you/PRP 're/VBP ,/, you/PRP 're/VBP ,/, you/PRP 're/VBP not/RB the/DT so-called/JJ ex-/XX ,/,","{F Oh, } [ [ you're, + you're, ] + you're ] not the so-called ex-, - /"
sv,A,"you/PRP need/VBP a/DT house/NN ,/, I/PRP guess/VBP ,/, to/TO go/VB through/IN all/DT of/IN that/DT ./.","you need a house, I guess, to go through all of that. /"
sd,A,"I/PRP have/VBP had/VBN a/DT couple/NN of/IN houses/NNS ,/,","I have had a couple of houses, /"
sd,A,"and/CC ,/, uh/UH --/:","{C and, } {F uh } --"
b,B,Uh-huh/UH ./.,Uh-huh. /
+,A,"--/: the/DT only/JJ recommendation/NN I/PRP would/MD have/VB for/IN someone/NN who/WP has/VBZ n't/RB gardened/VBN is/VBZ ,/, uh/UH ,/, one/LS ,/, get/VB a/DT couple/NN of/IN good/JJ books/NNS ,/, of/IN books/NNS ,/, of/IN course/NN ,/,","-- the only recommendation I would have for someone who hasn't gardened is, {F uh, } one, get a couple of good books, of books, of course, /"
sd,A,and/CC usually/RB they/PRP have/VBP talk/NN shows/NNS ./.,{C and } usually they have talk shows. /
b,B,Uh-huh/UH ./.,Uh-huh. /
sd,A,Here/RB in/IN Dallas/NNP --/:,Here in Dallas --
b,B,Uh-huh/UH ./.,Uh-huh. /
+,A,"--/: they/PRP have/VBP two/CD great/JJ ,/, uh/UH ,/, talk/NN shows/NNS that/WDT go/VBP through/IN everything/NN that/WDT will/MD grow/VB here/RB ,/, which/WDT is/VBZ the/DT opposite/JJ probably/RB of/IN what/WP would/MD grow/VB up/RB where/WRB you/PRP are/VBP --/:","-- they have two great, {F uh, } talk shows that go through everything that will grow here, which is the opposite probably of what would grow up where you are -- /"
b,B,"Right/UH ,/,","Right, /"
b,B,right/UH ./.,right. /
sv,A,--/: and/CC so/RB ./. Uh/UH --/:,-- {C and so. } {F Uh } --
+,A,"--/: in/IN fact/NN ,/, you/PRP ,/, you/PRP could/MD easily/RB do/VB that/DT now/RB ,/, listen/VB to/TO ,/, turn/VB on/IN a/DT talk/NN show/NN up/IN there/RB --/:","-- in fact, [ you, + you ] could easily do that now, [ listen to, + ] turn on a talk show up there --"
+,A,"--/: and/CC see/VB if/IN there/EX ,/, there/EX 's/HVS got/VBN to/TO be/VB some/DT gardening/NN folks/NNS --/:","-- and see if [ there, + there's ] got to be some gardening folks --"
b,B,"Yes/UH ,/,","Yes, /"
%,B,"but/CC ,/,","{C but, } -/"
+,A,"--/: on/IN the/DT radio/NN that/WDT says/VBZ when/WRB to/TO put/VB your/PRP$ grass/NN in/IN ,/, and/CC ,/, and/CC what/WDT kind/NN of/IN grass/NN to/TO grow/VB up/IN in/IN Virginia/NNP and/CC everything/NN ,/,","-- on the radio that says when to put your grass in, [ and, + and ] what kind of grass to grow up in Virginia and everything, /"
%,A,"so/RB I/PRP ,/, uh/UH ,/,","{C so } I, {F uh, } - /"
sv,A,"for/IN someone/NN who/WP does/VBZ n't/RB garden/VB ,/, I/PRP 'd/MD say/VB ,/, that/IN ,/, that/DT 's/BES my/PRP$ biggest/JJS recommendation/NN is/VBZ to/TO ,/,","for someone who doesn't garden, I'd say, [ that, + that's ] my biggest recommendation is to, -/"
b,B,"Uh-huh/UH ,/,","Uh-huh, /"
qy,B,so/RB you/PRP enjoy/VBP gardening/NN ?/.,{C so } you enjoy gardening? /
ny,A,"Oh/UH ,/, yeah/UH ,/,","{F Oh, } yeah, /"
ny,A,yeah/UH ./.,yeah. /
sd,A,"I/PRP like/VBP it/PRP a/DT lot/NN ,/, uh/UH --/:","I like it a lot, {F uh } --"
b,B,Uh-huh/UH ./.,Uh-huh. /
+,A,"--/: uh/UH ,/,","-- {F uh, } /"
sd,A,it/PRP 's/BES a/DT lot/NN of/IN work/NN ./.,it's a lot of work. /
sd,A,"I/PRP 'm/VBP an/DT engineer/NN ,/,","I'm an engineer, /"
sd,A,"I/PRP 'm/VBP ,/, I/PRP 'm/VBP with/IN T/NNP I/NNP ./.","[ I'm, + I'm ] with T I. /"
%,A,"You/PRP ,/,","You, - /"
qy,A,are/VBP you/PRP with/IN T/NNP I/NNP up/IN there/RB,are you with T I up there /
%,A,"or/CC ,/,","{C or, } -/"
nn,B,"No/UH ,/,","No, /"
nn,B,"no/UH ,/,","no, /"
sd,B,I/PRP 'm/VBP with/IN a/DT defense/NN contractor/NN ./.,I'm with a defense contractor. /
bk,A,Okay/UH ./.,Okay. /
t1,A,"Uh/UH ,/, where/WRB was/VBD ,/, oh/UH ,/,","{F Uh, } where was, {F oh, } - /"
%,A,"yeah/UH ,/,","yeah, /"
nn,A,"no/UH ,/,","no, /"
sd,A,"I/PRP ,/, I/PRP like/VBP it/PRP ,/,","[ I, + I ] like it, /"
sd,A,"I/PRP ,/, uh/UH ,/, I/PRP always/RB know/VBP that/IN why/WRB I/PRP 'm/VBP not/RB a/DT farmer/NN when/WRB I/PRP garden/VBP though/RB ,/,","[ I, + {F uh, } I ] always know that why I'm not a farmer when I garden though, /"
x,B,,<Laughter>.
sv,A,"I/PRP mean/VBP ,/, it/PRP is/VBZ dog/NN work/NN ,/,","{E I mean, } it is dog work, /"
sd,A,and/CC it/PRP is/VBZ tough/JJ --/:,{C and } it is tough -- /
b,B,"Uh-huh/UH ,/,","Uh-huh, /"
b,B,uh-huh/UH ./.,uh-huh. /
sd,A,"--/: I/PRP have/VBP a/DT lot/NN of/IN trees/NNS ,/, down/IN here/RB ,/, uh/UH ,/,","-- I have a lot of trees, down here, {F uh, } /"
sd,A,"the/DT part/NN I/PRP do/VBP n't/RB like/VB ,/, I/PRP guess/VBP ,/, would/MD be/VB from/IN December/NNP through/IN February/NNP where/WRB you/PRP have/VBP to/TO rake/VB leaves/NNS --/:","the part I don't like, I guess, would be from December through February where you have to rake leaves --"
b,B,Uh-huh/UH ./.,Uh-huh. /
+,A,"--/: forever/RB it/PRP seems/VBZ like/IN ,/,","-- forever it seems like, /"
sd,A,"and/CC the/DT wind/NN blows/VBZ all/PDT the/DT leaves/NNS on/IN from/IN your/PRP$ neighbor/NN after/IN you/PRP rake/VBP yours/PRP ,/,","{C and } the wind blows all the leaves on from your neighbor after you rake yours, /"
sv,A,so/RB --/:,{C so } --
b,B,Uh-huh/UH ./.,Uh-huh. /
+,A,"--/: other/JJ than/IN that/DT ,/, you/PRP know/VBP ,/, those/DT three/CD months/NNS ,/, when/WRB it/PRP 's/BES pure/JJ dog/NN work/NN --/:","-- other than [ that, + ] {D you know, } those three months, when it's pure dog work --"
b,B,Uh-huh/UH ./.,Uh-huh. /
+,A,"--/: uh/UH ,/, the/DT rest/NN of/IN it/PRP 's/BES very/RB enjoyable/JJ just/RB going/VBG through/IN the/DT experiences/NNS of/IN ,/, of/IN putting/VBG little/JJ plants/NNS in/IN or/CC whatever/WDT --/:","-- {F uh, } the rest of it's very enjoyable just going through the experiences [ of, + of ] putting little plants in or whatever -- /"
b,B,Uh-huh/UH ./.,Uh-huh. /
sd,A,"--/: I/PRP ,/, I/PRP have/VBP n't/RB had/VBN to/TO plant/VB any/DT trees/NNS because/IN I/PRP 've/VBP got/VBN so/RB many/JJ ,/,","-- [ I, + I ] haven't had to plant any trees because I've got so many, /"
sd,A,"but/CC ,/, uh/UH --/:","[ {C but, } + {F uh } --"
b,B,Uh-huh/UH ./.,Uh-huh. /
+,A,"--/: uh/UH ,/, but/CC I/PRP do/VBP listen/VB to/IN that/DT talk/NN show/NN ./.","-- {F uh, } {C but } ] I do listen to that talk show. /"
sd,A,"There/EX ,/, there/EX is/VBZ some/DT great/JJ people/NNS from/IN Texas/NNP A/NNP and/CC M/NNP ,/,","[ There, + there ] is some great people from Texas A and M, /"
h,A,"I/PRP do/VBP n't/RB know/VB ,/,","I don't know, /"
qy^d,A,"maybe/RB you/PRP 've/VBP heard/VBN of/IN A/NNP and/CC M/NNP down/IN here/RB ,/,","maybe you've heard of A and M down here, /"
sd,A,"but/CC there/EX 's/BES some/DT great/JJ ,/, uh/UH ,/, folks/NNS ,/, uh/UH --/:","{C but } there's some great, {F uh, } folks, {F uh } --"
b,B,Uh-huh/UH ./.,Uh-huh. /
+,A,"--/: that/WDT have/VBP been/VBN well/RB trained/JJ ,/, and/CC ,/, again/RB ,/, uh/UH ,/, to/TO ,/, to/TO ,/, uh/UH ,/, recommend/VB gardening/NN for/IN this/DT area/NN ./.","-- that have been well trained, and, again, {F uh, } [ to, + to, ] {F uh, } recommend gardening for this area. /"
b,B,"Um/UH ./. Yeah/UH ,/,","{F Um. } Yeah, /"
sv,B,"I/PRP 'm/VBP sure/JJ it/PRP is/VBZ ,/, you/PRP know/VBP ,/, different/JJ in/IN the/DT different/JJ areas/NNS ./.","I'm sure it is, {D you know, } different in the different areas. /"
sd,B,"Um/UH ,/, I/PRP 'm/VBP originally/RB from/IN Pennsylvania/NNP ,/,","{F Um, } I'm originally from Pennsylvania, /"
sd,B,"and/CC I/PRP do/VBP go/VB home/RB on/IN weekends/NNS during/IN the/DT Summer/NN and/CC ,/, uh/UH ,/, and/CC ,/, uh/UH ,/, mow/VB my/PRP$ mother/NN 's/POS grass/NN and/CC different/JJ things/NNS like/IN that/DT ./.","{C and } I do go home on weekends during the Summer [ and, + {F uh, } and, ] {F uh, } mow my mother's grass and different things like that. /"
b,A,"Yeah/UH ,/,","Yeah, /"
sv,A,you/PRP probably/RB have/VBP rye/NN grass/NN up/IN there/RB ./.,you probably have rye grass up there. /
sd,A,We/PRP grow/VBP bermuda/NNP and/CC Saint/NNP Augustine/NNP here/RB ./.,We grow bermuda and Saint Augustine here. /
sd,B,"Oh/UH ,/, I/PRP would/MD have/VB no/DT idea/NN ./.","{F Oh, } I would have no idea <laughter>. /"
b,A,"Right/UH ,/,","Right, /"
%,A,"yeah/UH ,/,","yeah, /"
sv,A,"see/UH ,/, you/PRP would/MD have/VB to/TO learn/VB that/DT ,/, though/RB ,/,","{D see, } you would have to learn that, though, /"
%,A,see/UH ./.,{D see } <laughter>. -/
sd,B,No/DT idea/NN whatsoever/RB ./.,No idea whatsoever. /
x,A,,<Laughter>.
sd,B,"Like/IN I/PRP said/VBD ,/, I/PRP 'm/VBP just/RB a/DT balcony/NN kind/NN of/IN gardener/NN with/IN my/PRP$ little/JJ flowers/NNS and/CC my/PRP$ flower/NN boxes/NNS and/CC my/PRP$ herbs/NNS on/IN --/:","Like I said, I'm just a balcony kind of gardener with my little flowers and my flower boxes and my herbs on --"
b,A,Um/UH ./.,{F Um. } /
+,B,"--/: my/PRP$ window/NN sill/NN ,/,","-- my window sill, /"
%,B,"and/CC ,/,","{C and, } -/"
qy,A,"Do/VBP you/PRP have/VB much/JJ luck/NN in/IN the/DT Winter/NN ,/,","Do you have much luck in the Winter, /"
qrr,A,"or/CC they/PRP 're/VBP ,/, they/PRP 're/VBP freeze/VB it/PRP ,/, freeze/VB out/RP because/IN the/DT roots/NNS are/VBP all/DT ,/, in/IN the/DT Winter/NN ,/, uh/UH ,/,","{C or } [ they're, + they're ] [ freeze it, + freeze out ] because the roots are all, in the Winter, {F uh, } - /"
qy,A,or/CC do/VBP you/PRP have/VB to/TO start/VB all/RB over/IN every/DT year/NN ?/.,{C or } do you have to start all over every year? /
ny,B,"Yeah/UH ,/,","Yeah, /"
sd,B,I/PRP have/VBP to/TO start/VB all/RB over/IN every/DT year/NN --/:,I have to start all over every year -- /
b,A,"Right/UH ,/,","Right, /"
%,A,"yeah/UH ,/,","yeah, /"
sd,B,"--/: well/UH ,/, except/IN ,/, I/PRP do/VBP have/VB some/DT ,/, um/UH ,/, some/DT day/NN lilies/NNS that/WDT --/:","-- {D well, } except, I do have some, {F um, } some day lilies that --"
b,A,Uh-huh/UH ./.,Uh-huh. /
+,B,"--/: um/UH ,/, you/PRP know/VBP ,/, I/PRP do/VBP n't/RB do/VB anything/NN with/IN","-- {F um, } {D you know, } I don't do anything with /"
sd,B,"and/CC they/PRP seem/VBP to/TO come/VB back/RB year/NN after/IN year/NN ,/,","{C and } they seem to come back year after year, /"
sd,B,and/CC I/PRP leave/VBP them/PRP on/IN my/PRP$ balcony/NN even/RB in/IN --/:,{C and } I leave them on my balcony even in --
^2,A,"In/IN the/DT same/JJ pot/NN ,/,","In the same pot, /"
ba,A,that/DT 's/BES amazing/JJ ./.,that's amazing. /
+,B,"--/: in/IN the/DT snow/NN and/CC the/DT Winter/NN ,/, you/PRP know/VBP --/:","-- in the snow and the Winter, {D you know } --"
b,A,Uh-huh/UH ./.,Uh-huh. /
+,B,"--/: in/IN the/DT ice/NN ,/, everything/NN ,/, because/IN here/RB ,/, you/PRP know/VBP ,/, not/RB as/RB severe/JJ as/IN the/DT snow/NN is/VBZ in/IN Pennsylvania/NNP ,/,","-- in the ice, everything, because here, {D you know, } not as severe as the snow is in Pennsylvania, /"
sd,B,but/CC here/RB we/PRP still/RB do/VBP get/VB some/DT snow/NN and/CC ice/NN and/CC --/:,{C but } here we still do get some snow and ice and --
b,A,"Yeah/UH ,/,","Yeah, /"
+,B,--/: things/NNS like/IN that/DT ./.,-- things like that. /
sd,A,"I/PRP grow/VBP a/DT few/JJ things/NNS in/IN pots/NNS ,/,","I grow a few things in pots, /"
sd,A,but/CC we/PRP have/VBP to/TO bring/VB them/PRP in/IN here/RB --/:,{C but } we have to bring them in here --
b,B,Uh-huh/UH ./.,Uh-huh. /
+,A,"--/: in/IN the/DT Winter/NNP because/IN usually/RB ,/, uh/UH ,/, if/IN it/PRP 's/BES not/RB below/IN the/DT ground/NN so/RB you/PRP can/MD insulate/VB the/DT roots/NNS from/IN freezing/VBG --/:","-- in the Winter because usually, {F uh, } if it's not below the ground so you can insulate the roots from freezing --"
b,B,Uh-huh/UH ./.,Uh-huh. /
+,A,"--/: you/PRP know/VBP ,/, the/DT pots/NNS will/MD ,/, will/MD die/VB ,/,","-- {D you know, } the pots [ will, + will ] die, /"
sd,A,everything/NN in/IN a/DT pot/NN will/MD die/VB --/:,everything in a pot will die -- /
b,B,Uh-huh/UH ./.,Uh-huh. /
sd,A,"--/: so/RB ,/, you/PRP can/MD bring/VB them/PRP ,/,","-- {C so, } you can bring them, /"
sd,A,"well/UH ,/, we/PRP do/VBP bring/VB stuff/NN in/IN the/DT garage/NN and/CC everything/NN --/:","{D well, } we do bring stuff in the garage and everything -- /"
b,B,Uh-huh/UH ./.,Uh-huh. /
sd,A,"--/: but/CC ,/, uh/UH ,/, it/PRP 's/BES quite/RB time/NN consuming/VBG ,/, by/IN the/DT way/NN ./.","-- {C but, } {F uh, } it's quite time consuming, by the way. /"
sd,A,"I/PRP do/VBP n't/RB know/VB how/WRB close/RB you/PRP are/VBP to/IN getting/VBG a/DT house/NN or/CC anything/NN ,/,","I don't know how close you are to getting a house or anything, /"
%,A,"but/CC it/PRP 's/BES quite/RB ,/, uh/UH ./.","{C but } it's quite, {F uh. } - /"
sv,A,"But/CC I/PRP would/MD definitely/RB do/VB it/PRP ,/,","{C But } I would definitely do it, - /"
sv,A,"I/PRP 'm/VBP all/RB for/IN doing/VBG everything/NN ,/,","I'm all for doing everything, - /"
%,A,"whether/IN ,/,","whether, - /"
ad,A,"whatever/WDT subject/NN you/PRP pick/VBP ,/, do/VBP it/PRP the/DT knowledgeable/JJ way/NN --/:","whatever subject you pick, do it the knowledgeable way -- /"
b,B,Uh-huh/UH ./.,Uh-huh. /
ad,A,"--/: do/VBP n't/RB go/VB out/IN there/RB and/CC start/VB digging/VBG holes/NNS ,/, uh/UH ,/,","-- don't go out there and start digging holes, {F uh, } /"
aa,B,"Right/UH ,/,","Right, /"
aa,B,"right/NN ,/,","right, /"
aa,B,I/PRP agree/VBP with/IN that/DT ./.,I agree with that. /
ad,A,Get/VB some/DT books/NNS of/IN whether/IN it/PRP be/VBP Pennsylvania/NNP or/CC Virginia/NNP --/:,Get some books of whether it be Pennsylvania or Virginia --
b,B,Uh-huh/UH ./.,Uh-huh. /
+,A,"--/: as/RB ,/, as/RB well/RB as/IN ,/,","-- [ as, + as ] well as, - /"
sv,A,"not/RB your/PRP$ neighbors/NNS ,/, of/IN course/NN ,/, they/PRP usually/RB know/VBP nothing/NN","not your neighbors, of course, they usually know nothing /"
x,B,,<Laughter>.
sd,A,then/RB there/EX 's/BES always/RB a/DT gardening/NN part/NN of/IN the/DT newspaper/NN --/:,then there's always a gardening part of the newspaper --
b,B,"Uh-huh/UH ,/,","Uh-huh, /"
%,B,"yeah/UH ,/,","yeah, /"
+,A,"--/: or/CC communications/NNS ,/, as/RB well/RB as/IN ,/, I/PRP bet/VBP there/EX 's/BES a/DT talk/NN show/NN up/IN there/RB right/RB now/RB that/WDT you/PRP ,/, if/IN you/PRP turn/VBP the/DT dial/NN around/RB --/:","-- or communications, as well as, I bet there's a talk show up there right now that [ you, + ] if you turn the dial around --"
b,B,Uh-huh/UH ./.,Uh-huh. /
+,A,"--/: you/PRP 'll/MD ,/,","-- you'll, - /"
sd,A,"on/IN Saturday/NNP ,/,","on Saturday, -/"
x,B,,<Cough>.
sd,A,"this/DT is/VBZ Saturday/NNP ,/,","this is Saturday, - /"
%,A,that/IN,that - /
sd,A,"you/PRP 'll/MD find/VB someone/NN ,/, probably/RB in/IN the/DT morning/NN ,/, I/PRP do/VBP n't/RB know/VB --/:","you'll find someone, probably in the morning, I don't know --"
b,B,Uh-huh/UH ./.,Uh-huh. /
+,A,"--/: discussing/VBG ,/, you/PRP know/VBP ,/, what/WP we/PRP do/VBP up/IN in/IN Virginia/NNP to/TO get/VB something/NN growing/VBG --/:","-- discussing, {D you know, } what we do up in Virginia to get something growing -- /"
b,B,Yeah/UH ./.,Yeah. /
sv,A,"--/: you/PRP probably/RB do/VBP n't/RB have/VB to/TO do/VB much/JJ over/IN there/RB ,/,","-- you probably don't have to do much over there, /"
sv,A,the/DT soil/NN 's/BES probably/RB so/RB good/JJ --/:,the soil's probably so good -- /
b,B,Uh-huh/UH ./.,Uh-huh. /
sv,A,--/: our/PRP$ soil/NN 's/POS not/RB very/RB good/JJ down/IN here/RB ./.,-- our soil's not very good down here. /
%,A,We/PRP 're/VBP --/:,We're -- -/
b,B,Uh-huh/UH ./.,Uh-huh. /
sv,A,"--/: I/PRP guess/VBP in/IN the/DT ice/NN age/NN ,/, it/PRP ,/, it/PRP ,/, it/PRP 's/HVS pushed/VBN a/DT lot/NN of/IN ,/, uh/UH ,/, limestone/NN and/CC everything/NN ,/,","-- I guess in the ice age, [ [ it, + it, ] + it's ] pushed a lot of, {F uh, } limestone and everything,"
x,B,,<Cough>.
+,A,"to/IN some/DT parts/NNS of/IN Dallas/NNP you/PRP just/RB can/MD dig/VB a/DT foot/NN down/RB and/CC you/PRP hit/VBD solid/JJ limestone/NN ,/, you/PRP know/VBP --/:","to some parts of Dallas you just can dig a foot down and you hit solid limestone, {D you know } -- /"
ba,B,"Wow/UH ,/, uh-huh/UH ./.","Wow, uh-huh. /"
sv,A,"--/: so/RB ,/, uh/UH ,/, I/PRP think/VBP all/PDT the/DT trees/NNS that/WDT are/VBP here/RB now/RB were/VBD planted/VBN kind/RB of/RB like/IN the/DT Johnny/NNP Appleseed/NNP type/NN trees/NNS ,/, where/WRB people/NNS have/VBP come/VBN from/IN ,/,","-- {C so, } {F uh, } I think all the trees that are here now were planted kind of like the Johnny Appleseed type trees, where people have come from, - /"
sv,A,"I/PRP 'm/VBP sure/JJ the/DT Indians/NNPS were/VBD here/RB there/EX was/VBD nothing/NN growing/VBG in/IN this/DT part/NN of/IN Dallas/NNP ,/,","I'm sure the Indians were here there was nothing growing in this part of Dallas, /"
sd,A,it/PRP 's/BES so/RB scrubby/JJ --/:,it's so scrubby --
b,B,Uh-huh/UH ./.,Uh-huh. /
+,A,"--/: uh/UH ,/,","-- {F uh, } /"
sv,A,"and/CC I/PRP think/VBP that/IN we/PRP even/RB got/VBD our/PRP$ famous/JJ hundred/CD year/NN old/JJ pecan/NN trees/NNS from/IN Alabama/NNP and/CC all/DT that/DT ,/, too/RB --/:","{C and } I think that we even got our famous hundred year old pecan trees from Alabama and all that, too -- /"
b,B,Uh-huh/UH ./.,Uh-huh. /
sd,A,"--/: we/PRP ,/, we/PRP call/VBP them/PRP native/JJ pecan/NN trees/NNS","-- [ we, + we ] call them native pecan trees /"
sd,A,"but/CC ,/, they/PRP grow/VBP wild/JJ here/RB ,/,","{C but, } they grow wild here, /"
sd,A,they/PRP 're/VBP eating/VBG pecans/NNS though/RB ./.,they're eating pecans though <noise>. /
sv,A,"Pecans/NNS are/VBP probably/RB not/RB taken/VBN from/IN Virginia/NNP ,/,","Pecans are probably not taken from Virginia, /"
sv,A,they/PRP 're/VBP probably/RB only/RB in/IN the/DT South/NNP --/:,they're probably only in the South --
b,B,"Uh-huh/UH ,/,","Uh-huh, /"
b,B,right/UH,right /
%,B,"I/PRP 'm/VBP ,/,","I'm, -/"
+,A,"--/: for/IN pecan/NN pie/NN and/CC all/DT that/DT ,/,","-- for pecan pie and all that, /"
sd,A,"it/PRP 's/BES what/WP they/PRP call/VBP pecan/NN ,/, pecan/NN pie/NN up/IN there/RB in/IN the/DT East/NNP ./.","it's what they call [ pecan, + pecan ] pie up there in the East. /"
b,B,Uh-huh/UH ./.,Uh-huh. /
sd,A,"MUMBLEx/XX from/IN Pennsylvania/NNP and/CC New/NNP Jersey/NNP ,/,","(( )) from Pennsylvania and New Jersey, - /"
sd,A,I/PRP 'm/VBP from/IN New/NNP Jersey/NNP originally/RB ./.,I'm from New Jersey originally. /
b,B,"Uh-huh/UH ,/,","Uh-huh, /"
sv,B,"oh/UH ,/, you/PRP do/VBP n't/RB sound/VB like/IN it/PRP ./.","{F oh, } you don't sound like it <laughter>. /"
b,A,"Yeah/UH ,/,","Yeah, /"
sd,A,"I/PRP 've/VBP worked/VBN on/IN that/DT with/IN a/DT little/JJ chewing/NN gum/NN ,/, which/WDT I/PRP should/MD n't/RB do/VB ,/, uh/UH ,/,","I've worked on that <laughter> with a little chewing gum, which I shouldn't do, {F uh, } /"
b,B,Uh-huh/UH,Uh-huh /
x,B,./.,<laughter>.
ad,A,"Go/VB ahead/RB ,/,","Go ahead, /"
qw,A,"you/PRP ,/, how/WRB many/JJ times/NNS have/VBP you/PRP called/VBN by/IN the/DT way/NN ,/,","[ you, + ] how many times have you called by the way, /"
qw,A,or/CC how/WRB many/JJ times/NNS have/VBP you/PRP been/VBN called/VBN ?/.,{C or } how many times have you been called? /
sd,B,"Um/UH ,/, I/PRP 've/VBP been/VBN called/VBN a/DT lot/NN ,/,","{F Um, } I've been called a lot, /"
sd,B,"at/IN the/DT times/NNS ,/, though/RB ,/, it/PRP 's/HVS been/VBN not/RB very/RB appropriate/JJ ,/,","at the times, though, it's been not very appropriate, /"
sd,B,"I/PRP guess/VBP ,/, that/IN I/PRP have/VBP n't/RB been/VBN able/JJ to/TO actually/UH participate/VB ./.","I guess, that I haven't been able to actually participate. /"
sd,B,"I/PRP 've/VBP participated/VBN probably/RB in/IN about/RB maybe/RB ,/, I/PRP do/VBP n't/RB know/VB ,/, seven/CD calls/NNS --/:","I've participated probably in about maybe, I don't know, seven calls -- /"
b,A,Uh-huh/UH ./.,Uh-huh. /
sd,B,"--/: and/CC you/PRP know/VBP ,/, I/PRP 've/VBP called/VBN a/DT couple/NN of/IN times/NNS ,/,","-- {C and } {D you know, } I've called a couple of times, /"
sv,B,"but/CC most/RBS of/IN the/DT time/NN I/PRP notice/VBP that/IN ,/, um/UH ,/, you/PRP know/VBP ,/, it/PRP takes/VBZ forever/RB to/TO get/VB a/DT call/NN through/RB ./.","{C but } most of the time I notice that, {F um, } {D you know, } it takes forever to get a call through. /"
b,A,"Oh/UH ,/, yeah/UH ,/,","{F Oh, } yeah, /"
%,A,"today/NN ,/,","today, - /"
sd,A,"that/DT 's/BES what/WP I/PRP 'm/VBP saying/VBG ,/,","that's what I'm saying, /"
sd,A,"today/NN ,/, I/PRP was/VBD ,/, I/PRP got/VBD to/TO laugh/VB ,/, because/IN I/PRP tried/VBD it/PRP this/DT morning/NN ,/,","today, [ I was, + I got ] to laugh, because I tried it this morning, /"
sd,A,"and/CC I/PRP thought/VBD everybody/NN was/VBD gardening/VBG ,/,","{C and } I thought everybody was gardening, /"
%,A,"I/PRP thought/VBD ,/,","I thought, - /"
nn,A,"Well/UH ,/, no/UH --/:","{D Well, } no -- /"
b,B,Yeah/UH ./.,Yeah. /
nn,A,--/: no/UH ./.,-- no. /
sv,A,"This/DT is/VBZ a/DT great/JJ subject/NN because/IN they/PRP 're/VBP out/IN there/RB gardening/VBG ,/, you/PRP know/VBP ,/,","This is a great subject because they're out there gardening, {D you know, } /"
b,B,"Uh-huh/UH ,/,","Uh-huh, /"
b,B,uh-huh/UH ./.,uh-huh. /
sd,A,I/PRP did/VBD n't/RB tell/VB you/PRP what/WP our/PRP$ weather/NN is/VBZ like/IN ./.,I didn't tell you what our weather is like. /
sd,A,It/PRP is/VBZ beautiful/JJ here/RB --/:,It is beautiful here --
b,B,Uh-huh/UH ./.,Uh-huh. /
+,A,"--/: today/NN ,/,","-- today, /"
b,B,"Yeah/UH ,/,","Yeah, /"
sd,B,"it/PRP 's/BES like/IN eighty-five/CD degrees/NNS here/RB ,/,","it's like eighty-five degrees here, /"
sd,A,It/PRP 's/BES not/RB quite/RB that/RB hot/JJ ./.,It's not quite that hot. /
%,A,"Yeah/UH ,/,","Yeah, /"
sd,A,we/PRP 've/VBP had/VBN a/DT real/RB nice/JJ mild/JJ Spring/NNP ./.,we've had a real nice mild Spring. /
qy^d,A,"You/PRP might/MD have/VB seen/VBN ,/, if/IN you/PRP 've/VBP seen/VBN the/DT news/NN today/NN about/IN all/PDT the/DT tornados/NNS here/RB that/WDT were/VBD --/:","You might have seen, if you've seen the news today about all the tornados here that were --"
nn,B,"No/UH ,/,","No, /"
sd,B,I/PRP have/VBP n't/RB,I haven't /
+,A,--/: north/RB of/IN us/PRP ./.,-- north of us. /
qy^d,A,"Uh/UH ,/, I/PRP do/VBP n't/RB know/VB if/IN you/PRP get/VBP C/NNP N/NNP N/NNP ./.","{F Uh, } I don't know if you get C N N. /"
sd,A,I/PRP do/VBP n't/RB get/VB C/NNP N/NNP N/NNP,I don't get C N N /
sd,A,but/CC it/PRP 's/BES here/RB at/IN work/NN --/:,{C but } it's here at work -- /
b,B,Uh-huh/UH ./.,Uh-huh. /
sd,A,"--/: in/IN fact/NN ,/, I/PRP 'm/VBP at/IN work/NN today/NN ,/, believe/VBP it/PRP or/CC not/RB ./.","-- in fact, I'm at work today, believe it or not. /"
b,B,"Oh/UH ,/, uh-huh/UH ./.","{F Oh, } uh-huh. /"
sd,A,"But/CC ,/, uh/UH ,/, they/PRP have/VBP T/NN V/NN -s/NNS in/IN the/DT break/NN areas/NNS --/:","{C But, } {F uh, } they have T V -s in the break areas -- /"
b,B,Uh-huh/UH ./.,Uh-huh. /
sd,A,"--/: and/CC there/EX was/VBD some/DT heavy/JJ tornados/NNS ,/, uh/UH ,/, I/PRP guess/VBP in/IN Kansas/NNP ,/,","-- {C and } there was some heavy tornados, {F uh, } I guess in Kansas, /"
sd,A,quite/RB a/DT few/JJ people/NNS were/VBD killed/VBN ./.,quite a few people were killed. /
sv,A,You/PRP 'll/MD see/VB that/DT on/IN the/DT evening/NN news/NN ./.,You'll see that on the evening news. /
ba,B,"Oh/UH ,/, my/UH ,/, uh-huh/UH ./.","{F Oh, } {D my, } uh-huh. /"
b,A,"Uh/UH ,/,","{F Uh, } /"
oo_co_cc,B,I/PRP 'll/MD have/VB to/TO make/VB sure/JJ I/PRP catch/VBP that/DT ./.,I'll have to make sure I catch that. /
sv,A,"Tornados/NNS ,/, uh/UH ,/, which/WDT is/VBZ not/RB the/DT right/JJ subject/NN ,/,","Tornados, {F uh, } which is not the right subject, /"
x,B,,<Laughter>.
sd,A,"but/CC ,/, uh/UH ,/, they/PRP blow/VBP through/IN here/RB all/DT in/NN the/DT Spring/NN ./.","{C but, } {F uh, } they blow through here all in the Spring. /"
sd,A,"I/PRP guess/VBP it/PRP 's/BES related/VBN somewhat/RB to/IN the/DT weather/NN ,/, you/PRP know/VBP --/:","I guess it's related somewhat to the weather, {D you know } --"
b,B,Uh-huh/UH ./.,Uh-huh. /
+,A,"--/: and/CC ,/, and/CC the/DT plants/NNS and/CC all/DT that/DT ,/, that/IN ,/, uh/UH --/:","-- [ and, + and ] the plants and all [ that, + that, ] {F uh } -- /"
b,B,Uh-huh/UH ./.,Uh-huh. /
sd,A,"--/: sometimes/RB they/PRP do/VBP essentially/RB nothing/NN ,/,","-- sometimes they do essentially nothing, /"
sd,A,"and/CC the/DT weather/NN men/NNS yesterday/NN were/VBD all/DT alert/JJ ,/,","{C and } the weather men yesterday were all alert, /"
sd,A,"say/UH ,/, hey/UH ,/, there/EX 's/BES something/NN really/RB terrible/JJ going/VBG to/TO happen/VB ,/,","{D say, } {D hey, } there's something really terrible going to happen, /"
sd,A,"and/CC they/PRP ,/, they/PRP sure/RB were/VBD right/JJ ,/,","{C and } [ they, + they ] sure were right, /"
sd,A,"but/CC it/PRP was/VBD n't/RB in/IN Texas/NNP ,/,","{C but } it wasn't in Texas, /"
sd,A,it/PRP was/VBD --/:,it was --
b,B,Uh-huh/UH ./.,Uh-huh. /
+,A,--/: north/RB of/IN us/PRP ./.,-- north of us. /
%,A,"Yeah/UH ,/,","Yeah, /"
ad,A,"look/VB at/IN the/DT news/NN tonight/RB ,/,","look at the news tonight, /"
sd,A,"they/PRP 'll/MD ,/, they/PRP 'll/MD --/:","[ [ they'll, + they'll ] -- +"
oo_co_cc,B,"I/PRP 'll/MD have/VB to/TO make/VB sure/JJ I/PRP catch/VBP that/DT ,/,","I'll have to make sure I catch that, /"
+,A,"--/: they/PRP claim/VBP thirty/CD odd/JJ people/NNS were/VBD killed/VBN up/IN in/IN Kansas/NNP City/NNP ,/, Kansas/NNP ,/,","-- they ] claim thirty odd people were killed up in Kansas City, Kansas, /"
b,B,"Uh/UH ,/, Uh-huh/UH ./.","{F Uh, } Uh-huh. /"
ad,A,"Anyway/UH ,/, back/RB on/IN planting/NN ./.","{D Anyway, } back on planting. /"
sd,A,"Uh/UH ,/, MUMBLEx/XX ./. It/PRP is/VBZ very/RB interesting/JJ ,/, uh/UH ,/, subject/NN ,/,","{F Uh, } (( )) . It is very interesting, {F uh, } subject, /"
sd,A,"uh/UH ,/, when/WRB you/PRP ,/, when/WRB did/VBD you/PRP get/VBP a/DT house/NN ,/, uh/UH ,/,","{F uh, } [ when you, + when ] did you get a house, {F uh, } /"
sv,A,"your/PRP$ ,/, your/PRP$ trees/NNS grow/VBP up/RP so/RB well/RB up/IN there/RB ,/,","[ your, + your ] trees grow up so well up there, /"
sd,A,but/CC I/PRP 'm/VBP sure/JJ you/PRP have/VBP plenty/JJ of/IN trees/NNS ./.,{C but } I'm sure you have plenty of trees. /
b,B,Uh-huh/UH ./.,Uh-huh. /
sv,A,"That/DT ,/, that/DT is/VBZ a/DT key/JJ thing/NN for/IN shade/NN --/:","[ That, + that ] is a key thing for shade --"
b,B,Uh-huh/UH ./.,Uh-huh. /
+,A,"--/: and/CC keeping/VBG your/PRP$ bills/NNS down/RP ,/, uh/UH ,/,","-- and keeping your bills down, {F uh, } /"
sv,A,"I/PRP guess/VBP you/PRP have/VBP mostly/JJ pine/NN trees/NNS ,/,","I guess you have mostly pine trees, /"
qw,A,but/CC where/WRB in/IN Virginia/NNP are/VBP you/PRP all/DT ?/.,{C but } where in Virginia are you all? /
sd,B,"Um/UH ,/, right/RB now/RB ,/, the/DT District/NNP ,/,","{F Um, } right now, the District, /"
sd,B,Washington/NNP --/:,Washington -- /
b,A,Uh-huh/UH ./.,Uh-huh. /
sd,B,"--/: um/UH ,/, in/IN Fairfax/NNP ,/, Virginia/NNP ./.","-- {F um, } in Fairfax, Virginia. /"
sd,B,"It/PRP 's/BES fifteen/CD miles/NNS west/RB of/IN Washington/NNP ,/, D/NNP C/NNP ./.","It's fifteen miles west of Washington, D C. /"
qy,A,"Oh/UH ,/, do/VBP you/PRP have/VB the/DT cherry/NN blossoms/NNS there/RB ,/, in/IN there/RB or/CC not/RB ?/.","{F Oh, } do you have the cherry blossoms [ there, + in there ] or not? /"
ny,B,"Yeah/UH ,/,","Yeah, /"
sd,B,"there/EX 's/BES ,/, there/EX 's/BES a/DT few/NN ,/,","[ there's, + there's ] a few, /"
sd,B,"not/RB ,/, you/PRP know/VBP ,/, nearly/RB as/RB many/JJ as/IN what/WP 's/BES actually/UH in/IN the/DT District/NNP ./.","not, {D you know, } nearly as many as what's actually in the District. /"
sd,B,"But/CC ,/, um/UH ,/, they/PRP 're/VBP definitely/RB enjoyable/JJ ./.","{C But, } {F um, } they're definitely enjoyable. /"
b,A,Yeah/UH ./.,Yeah. /
sd,B,Right/UH now/RB I/PRP know/VBP the/DT azaleas/NNS and/CC everything/NN are/VBP out/RB are/VBP beautiful/JJ ./.,Right now I know the azaleas and everything are out are beautiful. /
b,A,"Oh/UH ,/, yeah/UH ./.","{F Oh, } yeah. /"
b,A,"Yeah/UH ,/,","Yeah, /"
sd,A,"azaleas/NNS grow/VBP all/RB over/IN ,/,","azaleas grow all over, /"
sd,A,"we/PRP grow/VBP those/DT here/RB ,/, too/RB ,/,","we grow those here, too, /"
sd,A,"although/IN again/RB ,/, we/PRP have/VBP to/TO prepare/VB the/DT soil/NN ./.","although again, we have to prepare the soil. /"
b,B,Uh-huh/UH ./.,Uh-huh. /
sv,A,"You/PRP probably/RB have/VBP nice/JJ big/JJ pine/NN ,/,","You probably have nice big pine, /"
sv,A,"you/PRP probably/RB have/VBP all/DT kinds/NNS of/IN trees/NNS ,/, the/DT oaks/NNS and/CC everything/NN ,/,","you probably have all kinds of trees, the oaks and everything, /"
sd,A,that/DT 's/BES one/CD thing/NN I/PRP noticed/VBD there/RB ./.,that's one thing I noticed there. /
b,B,"Yeah/UH ,/,","Yeah, /"
sd,B,"there/EX ,/, there/EX ,/, there/EX is/VBZ a/DT vast/JJ variety/NN here/RB of/IN ,/, you/PRP know/VBP ,/, trees/NNS ,/,","[ [ there, + there, ] + there ] is a vast variety here of, {D you know, } trees, /"
sd,B,"like/IN ,/, if/IN I/PRP look/VBP out/IN my/PRP$ window/NN right/RB now/RB ,/, I/PRP can/MD see/VB ,/, you/PRP know/VBP ,/, couple/NN of/IN pine/NN trees/NNS ,/, some/DT oak/NN trees/NNS --/:","{D like, } if I look out my window right now, I can see, {D you know, } couple of pine trees, some oak trees -- /"
b,A,Uh-huh/UH ./.,Uh-huh. /
b,B,--/: yeah/UH ./.,-- yeah. /
qy,A,Have/VBP you/PRP ever/RB been/VBN down/IN here/RB ?/.,Have you ever been down here? /
nn,B,"Um/UH ,/, no/UH ,/,","{F Um, } no, /"
sd,B,actually/UH I/PRP have/VBP n't/RB ./.,{D actually } I haven't. /
bk,A,"Okay/UH ,/,","Okay, /"
sd,A,it/PRP 's/BES interesting/JJ country/NN ./.,it's interesting country. /
sd,A,"It/PRP is/VBZ wide/JJ open/NN ,/, uh/UH ,/, and/CC flat/JJ --/:","It is wide open, {F uh, } and flat -- /"
b,B,Uh-huh/UH ./.,Uh-huh. /
sv,A,"--/: uh/UH ,/, and/CC again/RB as/IN I/PRP said/VBD ,/, I/PRP think/VBP the/DT ,/, when/WRB the/DT Indians/NNPS were/VBD here/RB there/EX ,/, there/EX were/VBD n't/RB any/DT trees/NNS ,/,","-- {F uh, } {C and } again as I said, I think [ the, + ] when the Indians were here there, there weren't any trees, /"
sv,A,"but/CC the/DT ,/, the/DT civilization/NN has/VBZ brought/VBN all/DT kinds/NNS of/IN experiments/NNS with/IN all/DT kinds/NNS of/IN trees/NNS ,/,","{C but } [ the, + the ] civilization has brought all kinds of experiments with all kinds of trees, /"
sd,A,and/CC a/DT lot/NN of/IN them/PRP have/VBP done/VBN well/RB --/:,{C and } a lot of them have done well -- /
b,B,Uh-huh/UH ./.,Uh-huh. /
sd,A,"--/: uh/UH ,/, they/PRP do/VBP have/VB some/DT pine/NN forest/NN areas/NNS in/IN wes-/XX ,/, in/IN wes/JJ ,/, in/IN east/JJ Texas/NNP --/:","-- {F uh, } they do have some pine forest areas [ [ in wes-, + in wes-, ] + in east ] Texas --"
b,B,Uh-huh/UH ./.,Uh-huh. /
+,A,"--/: where/WRB you/PRP have/VBP native/JJ pine/NN trees/NNS ,/,","-- where you have native pine trees, /"
sv,A,"but/CC here/RB in/IN Dallas/NNP it/PRP 's/BES ,/, I/PRP think/VBP they/PRP all/DT were/VBD planted/VBN by/IN the/DT classical/JJ Johnny/NNP Appleseed/NNP ,/, and/CC Johnny/NNP Pecanseed/NNP ,/, whatever/WDT you/PRP would/MD call/VB it/PRP ,/, you/PRP know/VBP ,/,","{C but } here in Dallas [ it's, + ] I think they all were planted by the classical Johnny Appleseed, and Johnny Pecanseed, whatever you would call it, {D you know, } /"
sd,A,there/EX 's/BES a/DT tremendous/JJ amount/NN of/IN pecan/NN trees/NNS --/:,there's a tremendous amount of pecan trees --
b,B,Uh-huh/UH ./.,Uh-huh. /
+,A,"--/: that/WDT we/PRP use/VBP for/IN ,/, you/PRP know/VBP ,/, uh/UH ,/, for/IN eating/VBG --/:","-- that we use [ for, + {D you know, } {F uh, } for ] eating -- /"
b,B,Uh-huh/UH ./.,Uh-huh. /
sv,A,"--/: I/PRP think/VBP they/PRP thought/VBD that/DT was/VBD going/VBG to/TO be/VB a/DT great/JJ boom/NN crop/NN ,/, uh/UH ,/, hundred/CD and/CC fifty/CD years/NNS ago/RB ,/, because/IN they/PRP are/VBP all/RB over/IN the/DT place/NN --/:","-- I think they thought that was going to be a great boom crop, {F uh, } hundred and fifty years ago, because they are all over the place --"
b,B,Uh-huh/UH ./.,Uh-huh. /
+,A,--/: in/IN the/DT South/NNP ./.,-- in the South. /
qo,A,What/WP else/RB ?/.,What else? /
sd,B,"Um/UH ,/, well/UH ,/, I/PRP guess/VBP that/IN I/PRP really/RB do/VBP n't/RB know/VB that/RB much/JJ ./.","{F Um, } {D well, } <laughter> I guess that I really don't know that much. /"
sd,A,I/PRP do/VBP n't/RB have/VB any/DT say/NN ./.,I don't have any say. /
%,A,"I/PRP ,/, I/PRP ,/,","[ I, + I, ] - /"
sd,A,the/DT subjects/NNS are/VBP usually/RB pretty/RB interesting/JJ ./.,the subjects are usually pretty interesting. /
sd,A,"I/PRP ,/, I/PRP 'm/VBP ,/, I/PRP 'm/VBP ,/, of/IN course/NN ,/, I/PRP 'm/VBP a/DT T/NNP I/NNP -er/NNP ,/,","[ [ [ I, + I'm, ] + I'm, ] + of course, I'm ] a T I -er, /"
sd,A,so/RB I/PRP 'm/VBP hoping/VBG this/DT works/VBZ ./.,{C so } I'm hoping this works. /
sd,A,"T/NNP I/NNP is/VBZ very/RB good/JJ ,/, uh/UH ,/, has/VBZ done/VBN a/DT lot/NN of/IN experiments/NNS in/IN the/DT speech/NN ,/, uh/UH --/:","T I is very good, {F uh, } has done a lot of experiments in the [ speech, + {F uh } --"
b,B,Uh-huh/UH ./.,Uh-huh. /
+,A,"--/: speech/NN ,/, uh/UH ,/, synthesis/NN ,/, synthesis/NN ,/,","-- speech, ] {F uh, } [ synthesis, + synthesis, ] /"
sd,A,ca/MD n't/RB say/VB it/PRP ./.,can't say it. /
b,B,Uh-huh/UH ./.,Uh-huh. /
sd,A,"And/CC they/PRP 've/VBP come/VB out/RP with/IN some/DT new/JJ products/NNS ,/,","{C And } they've come out with some new products, /"
sd,A,"in/IN fact/NN this/DT week/NN ,/, they/PRP came/VBD out/RP with/IN some/DT new/JJ math/NN ,/, uh/UH ,/,","in fact this week, they came out with some new math, {F uh, } /"
sv,A,"you/PRP might/MD see/VB them/PRP in/IN your/PRP$ advertisements/NNS ,/, uh/UH ,/,","you might see them in your advertisements, {F uh, } /"
sd,A,"new/JJ math/NN ,/, uh/UH ,/,","new math, {F uh, } /"
sd,A,"Speak/NNP and/CC Math/NNP ,/, uh/UH ,/, devices/NNS ./.","Speak and Math, {F uh, } devices. /"
sd,A,"They/PRP ,/, they/PRP have/VBP had/VBN Speak/NNP and/CC Spell/NNP and/CC all/DT that/DT for/IN years/NNS --/:","[ They, + they ] have had Speak and Spell and all that for years -- /"
b,B,Right/UH ./.,Right. /
sd,A,--/: but/CC they/PRP 've/VBP come/VB out/RP with/IN some/DT different/JJ ones/NNS --/:,-- {C but } they've come out with some different ones --
b,B,Uh-huh/UH ./.,Uh-huh. /
+,A,"--/: this/DT past/JJ week/NN ,/,","-- this past week, /"
sd,A,"and/CC ,/, uh/UH ,/, my/PRP$ wife/NN and/CC everyone/NN ,/,","{C and, } {F uh, } my wife and everyone, - /"
sd,A,"what/WP ,/, what/WP are/VBP they/PRP going/VBG to/TO accomplish/VB out/RP of/IN all/PDT this/DT ,/,","[ what, + what ] are they going to accomplish out of all this, /"
sv,A,"and/CC I/PRP said/VBD ,/, Well/UH ,/, you/PRP 're/VBP not/RB going/VBG to/TO have/VB to/TO type/VB on/IN the/DT computer/NN one/CD day/NN ,/,","{C and } I said, {D Well, } you're not going to have to type on the computer one day, /"
sv,A,you/PRP 're/VBP just/RB going/VBG to/TO have/VB to/TO talk/VB to/IN it/PRP --/:,you're just going to have to talk to it --
b,B,"Right/UH ,/,","Right, /"
b,B,uh-huh/UH ./.,uh-huh. /
+,A,"--/: you/PRP know/VBP ,/,","-- {D you know, } /"
%,A,"so/RB ,/, you/PRP ,/, you/PRP ,/,","{C so, } [ you, + you, ] - /"
sv,A,"it/PRP 's/BES going/VBG to/TO be/VB much/RB faster/JJR ,/, of/IN course/NN ,/, you/PRP know/VBP ,/,","it's going to be much faster, of course, {D you know, } /"
sv,A,"the/DT classical/JJ thing/NN for/IN the/DT handicapped/JJ ,/, too/RB ,/, person/NN who/WP ca/MD n't/RB type/VB very/RB fast/RB","the classical thing for the handicapped, too, person who can't type very fast /"
%,A,or/CC --/:,{C or } -- -/
b,B,Uh-huh/UH ./.,Uh-huh. /
sd,A,--/: like/IN I/PRP can/MD of/IN course/NN --/:,-- like I can of course -- -/
b,B,Uh-huh/UH ./.,Uh-huh. /
sd,A,--/: not/RB that/IN I/PRP can/MD type/VB very/RB fast/RB either/DT,-- not that I can type very fast either /
%,A,"but/CC ,/, uh/UH ,/,","{C but, } {F uh, } -/"
b,B,"Uh-huh/UH ,/,","Uh-huh, /"
qw,B,"but/CC then/RB what/WP about/IN people/NNS that/IN ,/, um/UH ,/,","{C but } then what about people that, {F um, } - /"
sd,B,"I/PRP ,/, I/PRP ,/, I/PRP personally/RB work/VBP with/IN someone/NN that/WDT ,/, that/WDT is/VBZ deaf/JJ ,/, and/CC can/MD not/RB speak/VB ./.","[ [ I, + I, ] + I ] personally work with someone [ that, + that ] is deaf, and cannot speak. /"
sd,B,"She/PRP can/MD speak/VB ,/,","She can speak, /"
sd,B,but/CC she/PRP ca/MD n't/RB speak/VB very/RB clearly/RB --/:,{C but } she can't speak very clearly -- /
b,A,Yeah/UH ./.,Yeah. /
sd,B,"--/: and/CC she/PRP in/IN fact/NN is/VBZ a/DT data/NNS entry/NN person/NN ,/,","-- {C and } she in fact is a data entry person, /"
sd,B,"I/PRP mean/VBP she/PRP types/NNS away/RB all/DT day/NN ,/,","{E I mean } she types away all day, /"
