act_tag,speaker,pos,text
qw,B,Where/WRB are/VBP you/PRP from/IN Tina/NNP ?/.,Where are you from Tina? /
sd,A,"Um/UH ,/, I/PRP 'm/VBP from/IN Maryland/NNP","{F Um, } I'm from Maryland /"
sd,A,"and/CC ,/, um/UH ,/, I/PRP have/VBP one/CD son/NN who/WP 's/BES almost/RB sixteen/CD months/NNS old/JJ ./.","{C and, } {F um, } I have one son who's almost sixteen months old. /"
qy,A,"Are/VBP ,/, are/VBP you/PRP married/JJ ,/, or/CC .../:","[ Are, + are ] you married, or ... -/"
ny,B,"Yeah/UH ,/,","Yeah, /"
ny,B,uh-huh/UH ./.,uh-huh. /
bk,A,You/PRP are/VBP ./.,You are. /
sd,B,"I/PRP have/VBP ,/, I/PRP have/VBP two/CD children/NNS ,/,","[ I have, + I have ] two children, /"
sd,B,I/PRP have/VBP a/DT seven/CD year/NN old/JJ and/CC a/DT three/CD year/NN old/JJ ./.,I have a seven year old and a three year old. /
b,A,Oh/UH ./.,Oh. /
sd,B,"And/CC ,/, uh/UH ,/, so/RB I/PRP try/VBP to/TO spend/VB as/RB much/JJ time/NN as/IN possible/JJ with/IN them/PRP ./.","[ {C And, } + {F uh, } {C so } ] I try to spend as much time as possible with them. /"
ba,A,That/DT 's/BES good/JJ ./.,That's good. /
qw,A,"Uh/UH ,/, what/WDT kind/NN of/IN things/NNS do/VBP you/PRP do/VB ?/.","{F Uh, } what kind of things do you do? /"
sd,B,"Well/UH ,/, um/UH ,/, w-/PRP ,/, we/PRP do/VBP a/DT lot/NN of/IN things/NNS with/IN them/PRP ,/, you/PRP know/VBP ,/,","{D Well, } {F um, } [ w-, + we ] do a lot of things with them, {D you know, } /"
sd,B,"Ta-/NNP ,/, Taylor/NNP my/PRP$ youngest/JJS is/VBZ ,/,","[ Ta-, + Taylor ] my youngest is, - /"
sd,B,or/CC my/PRP$ oldest/JJS is/VBZ in/IN school/NN,{C or } my oldest is in school /
sd,B,and/CC so/RB she/PRP has/VBZ a/DT lot/NN of/IN school/NN programs/NNS and/CC things/NNS like/IN that/DT ./.,{C and so } she has a lot of school programs and things like that. /
b,A,Oh/UH ./.,Oh. /
qy,B,"Ho-/XX ,/, was/VBD it/PRP a/DT big/JJ change/NN in/IN your/PRP$ life/NN ,/, to/TO ,/, uh/UH --/:","[ Ho-, + was ] it a big change in your life, to, {F uh } --"
ny,A,Oh/UH yeah/UH ./.,{F Oh } yeah <laughter>. /
+,B,--/: have/VB a/DT child/NN ./.,-- have a child. /
ny,A,"Um/UH ,/, yeah/UH ,/,","{F Um, } yeah, /"
sv,A,"it/PRP 's/BES really/RB nice/JJ ,/, uh/UH ,/,","it's really nice, {F uh, } /"
sd,A,"my/PRP$ husband/NN ,/, uh/UH ,/, is/VBZ working/VBG mo/JJS ,/, you/PRP know/VBP ,/, most/JJS of/IN the/DT time/NN ./.","my husband, {F uh, } is working [ mo-, + {D you know, } most ] of the time. /"
sd,A,"He/PRP 's/BES working/VBG long/JJ hours/NNS ,/,","He's working long hours, /"
sd,A,"but/CC ,/, uh/UH ,/,","{C but, } {F uh, }"
b,B,Uh-huh/UH ./.,Uh-huh. /
+,A,I/PRP 'm/VBP staying/VBG home/RB ./.,I'm staying home. /
b,B,Uh-huh/UH ./.,Uh-huh. /
sd,A,"Uh/UH ,/, I/PRP 'm/VBP just/RB working/VBG a/DT couple/NN days/NNS a/DT month/NN ,/,","{F Uh, } I'm just working a couple days a month, /"
%,A,"and/CC ,/, um/UH .../:","{C and, } {F um } ... -/"
b,B,"Oh/UH ,/, uh-huh/UH ./.","{F Oh, } uh-huh. /"
qw,B,"What/WP do/VBP you/PRP do/VB during/IN those/DT ,/, those/DT days/NNS ?/.","What do you do during [ those, + those ] days? /"
sd,A,"Um/UH ,/, we/PRP spend/VBP a/DT lot/NN of/IN time/NN at/IN the/DT playground/NN","{F Um, } we spend a lot of time at the playground /"
sd,A,"and/CC we/PRP go/VBP to/IN the/DT zoo/NN ,/,","{C and } we go to the zoo, /"
sd,A,and/CC we/PRP go/VBP,{C and } we go /
%,A,"and/CC we/PRP wa-/XX ,/, .../:","{C and } we wa-, ... -/"
sd,B,"Well/UH you/PRP said/VBD ,/, you/PRP said/VBD you/PRP worked/VBD a/DT couple/NN days/NNS a/DT month/NN ,/, though/RB ,/,","{D Well } [ you said, + you said ] you worked a couple days a month, though, /"
aa,A,"Yeah/UH ,/,","Yeah, /"
aa,A,yeah/UH ./.,yeah. /
qw,B,"what/WP do/VBP ,/, what/WP do/VBP you/PRP do/VB ?/.","[ what do, + what do ] you do? /"
sd,A,I/PRP 'm/VBP a/DT nurse/NN ./.,I'm a nurse. /
bh,B,"Oh/UH ,/, are/VBP you/PRP ?/.","{F Oh, } are you? /"
ny,A,"So/RB ,/, yeah/UH ,/,","{D So, } yeah, /"
sd,A,"so/RB it/PRP 's/BES ,/, it/PRP 's/BES ,/, it/PRP 's/BES real/RB easy/JJ to/TO work/VB out/RP my/PRP$ schedule/NN ,/,","{D so } [ [ it's, + it's, ] + it's ] real easy to work out my schedule,"
b,B,Uh-huh/UH ./.,Uh-huh. /
+,A,"you/PRP know/VBP ,/, to/TO ,/, uh/UH ,/, get/VB in/IN ,/, to/TO ,/, to/TO still/RB stay/VB in/IN with/IN that/DT ,/,","{D you know, } [ [ to, {F uh, } get in, + to, ] + to still stay in ] with that,"
b,B,Yeah/UH ./.,Yeah. /
+,A,"an/^CC ,/, and/CC to/TO have/VB enough/JJ time/NN to/TO spend/VB with/IN Matthew/NNP ./.","[ an, + and ] to have enough time to spend with Matthew. /"
b,B,Yeah/UH ./.,Yeah. /
sd,A,"He/PRP ,/, he/PRP 's/BES ,/, uh/UH ,/, just/RB now/RB really/RB starting/VBG to/TO ,/, to/TO get/VB interested/JJ in/IN a/DT lot/NN of/IN things/NNS ,/,","[ He, + he's, ] {F uh, } just now really starting [ to, + to ] get interested in a lot of things, <laughter> /"
%,A,"so/RB ,/, um/UH ,/,","{D so, } {F um, } -/"
b,B,"Yeah/UH ,/,","Yeah, /"
sd,B,"I/PRP understand/VBP that/DT ,/,","I understand that, /"
%,B,yeah/UH ./.,yeah. /
sv,B,They/PRP really/RB grow/VBP up/RP quick/RB ./. Especially/RB at/IN that/DT early/JJ age/NN ./.,They really grow up quick. Especially at that early age. /
b,A,Yeah/UH ./.,Yeah <laughter>. /
sd,B,"But/CC my/PRP$ ,/, my/PRP$ wife/NN was/VBD ,/, uh/UH ,/,","{C But } [ my, + my ] wife was, {F uh, } - /"
sd,B,"she/PRP worked/VBD part-time/JJ when/WRB my/PRP$ oldest/JJS was/VBD ,/, was/VBD little/JJ","she worked part-time when my oldest [ was, + was ] little /"
sd,B,"and/CC now/RB she/PRP 's/BES staying/VBG home/RB all/PDT the/DT time/NN ,/,","{C and } now she's staying home all the time, /"
sv,B,"but/CC ,/, uh/UH ,/, that/DT worked/VBD out/RP really/RB well/RB because/IN it/PRP 's/BES a/DT big/JJ transition/NN I/PRP think/VBP to/TO have/VB children/NNS ./.","{C but, } {F uh, } that worked out really well because it's a big transition I think to have children. /"
b,A,"Oh/UH ,/, yeah/UH ./.","{F Oh, } yeah. /"
sv,B,"You/PRP know/VBP ,/, to/TO go/VB from/IN ,/, you/PRP know/VBP ,/, nothing/NN ,/, you/PRP know/VBP ,/,","{D You know, } to go from, {D you know, } nothing, {D you know, } /"
sv,B,"if/IN you/PRP want/VBP to/TO do/VB something/NN every/DT night/NN that/DT 's/BES fine/JJ ,/,","if you want to do something every night that's fine, /"
sv,B,"but/CC when/WRB you/PRP have/VBP children/NNS it/PRP does/VBZ n't/RB work/VB that/DT way/NN anymore/RB ,/,","{C but } when you have children it doesn't work that way anymore, /"
%,B,so/RB ./.,{D so. } -/
aa,A,"That/DT 's/BES right/JJ ,/,","That's right, /"
sv,A,"and/CC I/PRP think/VBP a/DT lot/NN of/IN people/NNS are/VBP ,/, um/UH ,/, are/VBP turning/VBG to/IN ,/, well/UH ,/, I/PRP think/VBP ,/, I/PRP think/VBP a/DT lot/NN of/IN people/NNS are/VBP realizing/VBG that/DT","{C and } [ I think a lot of people [ are, + {F um, } are ] turning to, + {D well, } [ I think, + I think ] a lot of people are realizing ] that /"
sv,A,"but/CC still/RB there/EX are/VBP so/RB many/JJ people/NNS that/WDT are/VBP ,/, you/PRP know/VBP ,/, have/VBP their/PRP$ careers/NNS first/RB","{C but } still there are so many people that [ are, + {D you know, } have ] their careers first /"
sv,A,"and/CC ,/, --/:","{C and, } --"
b,B,"Yeah/UH ,/,","Yeah, /"
b,B,yeah/UH ./.,yeah. /
+,A,"--/: it/PRP 's/BES ,/, uh/UH ,/, I/PRP think/VBP it/PRP 's/BES really/RB hurting/VBG ,/, uh/UH ,/, the/DT kids/NNS ,/, you/PRP know/VBP ,/,","-- [ it's, + {F uh, } I think it's ] really hurting, {F uh, } the kids, {D you know, } /"
%,A,but/CC ./.,{C but. } -/
aa,B,"Yeah/UH ,/,","Yeah, /"
aa,B,"I/PRP agree/VBP with/IN you/PRP ,/,","I agree with you, /"
sv,B,"I/PRP ,/, I/PRP ,/, I/PRP think/VBP that/IN my/PRP$ wife/NN leaned/VBD that/DT way/NN","[ [ I, + I, ] + I ] think that my wife leaned that way /"
sd,B,and/CC I/PRP 'm/VBP really/RB glad/JJ she/PRP did/VBD,{C and } I'm really glad she did /
sd,B,"and/CC ,/, you/PRP know/VBP ,/, I/PRP 'm/VBP glad/JJ she/PRP 's/BES staying/VBG home/RB ,/,","{C and, } {D you know, } I'm glad she's staying home, /"
sd,B,"but/CC ,/, you/PRP know/VBP ,/, I/PRP know/VBP there/EX are/VBP some/DT days/NNS when/WRB she/PRP wi-/XX ,/,","{C but, } {D you know, } I know there are some days when [ she wi-, +"
aa,A,"I/PRP know/VBP ,/, ./.","I know, <laughter>. /"
+,B,--/: she/PRP wishes/VBZ she/PRP was/VBD back/RB at/IN work/NN ./.,-- she wishes ] she was back at work. /
sd,A,"That/DT 's/BES why/WRB I/PRP like/VBP to/TO to/TO ,/, to/TO work/VB a/DT couple/NN days/NNS ,/,","That's why I like [ [ to + <laughter> to, ] + to ] work a couple days, /"
sv,A,"I/PRP think/VBP it/PRP 's/BES ,/, uh/UH ,/,","I think [ it's, + {F uh, }"
b,B,Yeah/UH ./.,Yeah. /
+,A,it/PRP gives/VBZ me/PRP a/DT break/NN ./.,it ] gives me a break. /
b,B,"Yeah/UH ,/,","Yeah, /"
sd,B,"well/UH t-/XX ,/, see/UH that/DT 's/BES ,/, that/DT 's/BES why/WRB I/PRP 'm/VBP glad/JJ my/PRP$ wife/NN did/VBD too/RB ,/,","well [ [ t-, + {D see } that's, ] + that's ] why I'm glad my wife did too, /"
sd,B,"'cause/IN she/PRP worked/VBD either/RB two/CD to/IN thre-/CD ,/, three/CD days/NNS a/DT week/NN","{C 'cause } she worked either two to [ thre-, + three ] days a week /"
sd,B,and/CC that/DT got/VBD her/PRP out/IN of/IN the/DT house/NN,{C and } that got her out of the house /
sd,B,"and/CC yet/RB she/PRP 'd/MD get/VB to/TO spend/VB ,/, you/PRP know/VBP ,/, three/CD or/CC four/CD days/NNS with/IN .../:","{C and } yet she'd get to spend, {D you know, } three or four days with ... -/"
bf,A,"Most/JJS of/IN the/DT time/NN at/IN home/NN ,/,","Most of the time at home, /"
b,A,yeah/UH ./.,yeah. /
aa,B,"Yeah/UH ,/,","Yeah, /"
aa,B,"yeah/UH ,/,","yeah, /"
%,B,and/CC so/RB ./.,{C and so. } -/
sd,A,"Uh/UH ,/, we/PRP had/VBD started/VBN out/RP like/IN that/DT","{F Uh, } we had started out like that /"
sv,A,"and/CC ,/, um/UH ,/, I/PRP think/VBP that/DT was/VBD really/RB ideal/JJ ,/, uh/UH ./.","{C and, } {F um, } I think that was really ideal, {F uh. } /"
aa,B,"Yeah/UH ,/,","Yeah, /"
sd,B,"I/PRP do/VBP to/^RB ,/,","I do to, /"
sd,B,"I/PRP agree/VBP ,/,","I agree, /"
sv,B,"but/CC then/RB when/WRB you/PRP start/VBP having/VBG two/CD of/IN them/PRP ,/, it/PRP 's/BES ,/, you/PRP know/VBP ,/, a/DT little/JJ bit/NN tougher/JJR ,/,","{C but } then when you start having two of them, it's, {D you know, } a little bit tougher,"
%,A,"It/PRP 's/BES ,/,","It's, - /"
b,A,yeah/UH ./.,yeah. /
+,B,"because/IN you/PRP 've/VBP got/VBN to/TO make/VB a/DT little/RB more/JJR money/NN ,/, to/TO make/VB that/DT payoff/VB and/CC stuff/NN ./.","because you've got to make a little more money, to make that payoff and stuff. /"
b,A,"Yeah/UH ,/,","Yeah, /"
b,A,"yeah/UH ,/,","yeah, /"
sv,A,"it/PRP 's/BES difficult/JJ ,/,","it's difficult, /"
%,A,but/CC ./.,{C but. } -/
qy,B,"Are/VBP ,/, are/VBP you/PRP from/IN the/DT Maryland/NNP area/NN ?/.","[ Are, + are ] you from the Maryland area? /"
ny,A,"Uh-huh/UH ,/,","Uh-huh, /"
sd,A,"I/PRP 'm/VBP ,/, I/PRP 've/VBP ,/, I/PRP 've/VBP lived/VBN here/RB forever/RB ,/,","[ [ I'm, + I've, ] + I've ] lived here forever, /"
%,A,so/RB ./.,{D so. } -/
bh,B,Really/UH ./.,Really. /
ny,A,"Yeah/UH ,/,","Yeah, /"
sd,A,"I/PRP me-/XX ,/, I/PRP live/VBP in/IN Germantown/NNP ,/,","{E I me-, } I live in Germantown, /"
%,A,"and/CC ,/, uh/UH ./.","{C and, } {F uh. } - /"
qw,A,"Are/VBP you/PRP ,/, where/WRB are/VBP you/PRP from/IN ?/.","[ Are you, + where are you ] from? /"
sd,B,"Um/UH ,/, uh/UH ,/, I/PRP 'm/VBP in/IN Dallas/NNP ,/, Texas/NNP ./.","{F Um, } {F uh, } I'm in Dallas, Texas. /"
b^m,A,"In/IN Dallas/NNP ,/,","In Dallas, /"
b,A,oh/UH ./.,oh. /
b,B,"Yeah/UH ,/,","Yeah, /"
sd,B,"so/RB ,/, uh/UH ,/, I/PRP 'm/VBP ,/, I/PRP 've/VBP lived/VBN here/RB like/IN eight/CD years/NNS or/CC so/RB ,/,","{D so, } {F uh, } [ I'm, + I've ] lived here like eight years or so, /"
sd,B,my/PRP$ wife/NN 's/BES from/IN Fort/NNP Worth/NNP ./.,my wife's from Fort Worth. /
b,A,"Oh/UH ,/, yea-/UH ./.","{F Oh, } yea-,. /"
%,B,"But/CC ,/,","{C But, } - /"
b,B,"yeah/UH ,/,","yeah, /"
sd,B,I/PRP work/VBP for/IN Texas/NNP Instruments/NNPS ./.,I work for Texas Instruments. /
b,A,"Okay/UH ,/,","Okay, /"
b,A,"oh/UH ,/,","oh, /"
sd,A,so/RB that/DT explains/VBZ ./.,{C so } that explains. -/
b,B,"Yeah/UH ,/,","Yeah, /"
qy,B,that/DT explains/VBZ it/PRP does/VBZ n't/RB it/PRP ./.,that explains it doesn't it. /
h,A,"./. Well/UH ,/, um/UH ,/, I/PRP do/VBP n't/RB know/VB ,/,","<Laughter>. {D Well, } {F um, } I don't know, /"
sd,A,"I/PRP ,/, uh/UH ,/, we/PRP ,/, we/PRP do/VBP a/DT lot/NN of/IN things/NNS on/IN the/DT weekends/NNS together/RB ,/, the/DT family/NN ,/,","[ [ I, + {F uh, } we, ] + we ] do a lot of things on the weekends together, the family, /"
b,B,"Yeah/UH ,/,","Yeah, /"
b,B,yeah/UH ./.,yeah. /
sd,A,"but/CC ,/, uh/UH ,/, as/RB far/RB as/IN during/IN the/DT week/NN ,/, it/PRP 's/BES ,/, it/PRP 's/BES usually/RB ,/, uh/UH ,/, you/PRP know/VBP ,/, just/RB my/PRP$ son/NN and/CC I/PRP ,/,","{C but, } {F uh, } as far as during the week, [ it's, + it's ] usually, {F uh, } {D you know, } just my son and I, /"
%,A,and/CC we/PRP 're/VBP .../:,{C and } we're ... -/
b,B,"Yeah/UH ,/,","Yeah, /"
qw,B,what/WP 's/BES your/PRP$ husband/NN do/VB ?/.,what's your husband do? /
sd,A,"Uh/UH ,/, he/PRP ,/, he/PRP works/VBZ for/IN Coca/NNP Cola/NNP ./.","{F Uh, } [ he, + he ] works for Coca Cola. /"
bk,B,Uh-huh/UH ./.,Uh-huh. /
sd,A,"So/RB he/PRP ,/, uh/UH ,/, he/PRP manages/VBZ a/DT plant/NN out/IN here/RB ,/,","{D So } [ he, + {F uh, } he ] manages a plant out here, /"
b,B,Oh/UH ./.,Oh. /
sd,A,"an/^CC ,/, and/CC it/PRP takes/VBZ a/DT lot/NN of/IN time/NN ./.","[ {C an, } + {C and } ] it takes a lot of time. /"
b,B,"Oh/UH ,/, yeah/UH ,/,","{F Oh, } yeah, /"
ba,B,I/PRP 'm/VBP sure/JJ it/PRP does/VBZ ./.,I'm sure it does. /
%,A,"But/CC ,/, um/UH ,/, it/PRP ,/, you/PRP know/VBP ,/,","{C But, } {F um, } it, {D you know, } - /"
sd,A,"we/PRP take/VBP walks/NNS ,/,","we take walks,"
b,B,Uh-huh/UH ./.,Uh-huh. /
+,A,"and/CC go/VBP to/IN the/DT library/NN ,/,","and <laughter> go to the library,"
b,B,Yeah/UH ./.,Yeah. /
+,A,"and/CC try/VBP to/TO fill/VB our/PRP$ day/NN with/IN things/NNS like/IN that/DT ,/,","and try to fill our day with things like that, /"
%,A,"but/CC ,/, um/UH ./.","{C but, } {F um. } -/"
b,B,"Yeah/UH ,/,","Yeah, /"
%,B,"what/WP ,/, uh/UH ,/,","what, {F uh, } - /"
sd,B,"my/PRP$ wife/NN did/VBD some/DT teaching/NN at/IN like/IN ,/, uh/UH ,/, like/IN a/DT private/JJ tutoring/NN place/NN ./.","my wife did some teaching at [ {D like, } + {F uh, } {D like } ] a private tutoring place."
b,A,Oh/UH ./.,Oh. /
+,B,A/DT Sylvan/NNP Learning/NNP Center/NNP this/DT year/NN,A Sylvan Learning Center this year /
sd,B,"and/CC so/RB that/DT ,/, that/DT got/VBD me/PRP to/TO sp/VB ,/, to/TO be/VB able/JJ to/TO spend/VB more/JJR time/NN with/IN the/DT kids/NNS at/IN night/NN and/CC stuff/NN ,/,","{C and so } [ that, + that ] got me [ to sp-, + to be able to spend ] more time with the kids at night and stuff,"
b,A,Oh/UH ./.,Oh. /
+,B,"you/PRP know/VBP ,/, 'cause/IN normally/RB if/IN ,/, if/IN they/PRP need/VBP something/NN they/PRP just/RB go/VBP to/IN mom/NNP ./.","{D you know, } 'cause normally [ if, + if ] they need something they just go to mom."
b,A,Yeah/UH ./.,Yeah <laughter>. /
+,B,"No/DT matter/NN what/WP it/PRP is/VBZ ,/,","<phone_ringing> No matter what it is, /"
sd,B,"I/PRP mean/VBP ,/, I/PRP cou/MD ,/, I/PRP 'm/VBP perfectly/RB capable/JJ of/IN doing/VBG it/PRP for/IN them/PRP ,/,","{E I mean, } [ I cou-, + I'm ] perfectly capable of doing it for them, /"
sd,B,"but/CC ,/,","{C but, }"
b,A,Right/UH ./.,Right. /
+,B,"it/PRP 's/BES so/RB much/RB easier/JJR to/TO go/VB to/IN mom/NNP ,/,","it's so much easier to go to mom, /"
sv,B,I/PRP guess/VBP they/PRP get/VBP used/JJ to/IN it/PRP ./.,I guess they get used to it. /
x,A,./.,<Laughter>.
%,B,"So/RB ,/,","{D So, } - /"
sd,B,"but/CC ,/, you/PRP know/VBP ,/, we/PRP 'd/MD go/VB to/IN the/DT library/NN and/CC do/VB things/NNS like/IN that/DT ,/,","{C but, } {D you know, } we'd go to the library and do things like that, /"
%,B,"yeah/UH ,/,","yeah, /"
%,B,but/CC ./.,{C but } </phone_ringing>. -/
ba,A,"That/DT 's/BES good/JJ ,/,","That's good, /"
ba,A,that/DT 's/BES good/JJ ./.,that's good. /
sd,A,"I/PRP know/VBP my/PRP$ husband/NN was/VBD real/RB ,/, uh/UH ,/,","I know my husband was real, {F uh, } - /"
sd,A,"in/IN the/DT beginning/NN when/WRB he/PRP ,/, uh/UH ,/, he/PRP was/VBD transferred/VBN to/IN a/DT ,/, a/DT larger/JJR plant/NN","in the beginning when [ he, + {F uh, } he ] was transferred to [ a, + a ] larger plant - /"
sd,A,"and/CC he/PRP ,/, uh/UH ,/, he/PRP works/VBZ about/RB an/DT hour/NN and/CC a/DT half/NN away/RB from/IN here/RB ,/, from/IN our/PRP$ home/NN ,/,","{C and } [ he, + {F uh, } he ] works about an hour and a half away [ from here, + from our home, ] /"
b,B,Uh-huh/UH ./.,Uh-huh. /
sd,A,"and/CC ,/, uh/UH ,/, so/RB it/PRP takes/VBZ him/PRP a/DT little/JJ bit/NN of/IN time/NN ./.","[ {C and, } + {F uh, } {C so } ] it takes him a little bit of time. /"
b,B,"Oh/UH ,/, yeah/UH ./.","{F Oh, } yeah. /"
sd,A,"And/CC I/PRP 'm/VBP not/RB able/JJ to/TO work/VB during/IN the/DT week/NN ,/, uh/UH ,/, because/IN of/IN that/DT ./.","{C And } I'm not able to work during the week, {F uh, } because of that. /"
sd,A,"He/PRP was/VBD ,/, I/PRP was/VBD working/VBG in/IN the/DT evening/NN ,/,","[ He was, + I was ] working in the evening, /"
b,B,Uh-huh/UH ./.,Uh-huh. /
sd,A,and/CC he/PRP was/VBD coming/VBG home/RB,{C and } he was coming home /
sd,A,"and/CC I/PRP ,/, I/PRP could/MD go/VB to/IN work/NN ,/,","{C and } [ I, + I ] could go to work, /"
sd,A,"but/CC ,/, uh/UH ,/,","{C but, } {F uh, }"
b,B,Yeah/UH ./.,Yeah. /
+,A,"their/PRP$ relationship/NN ,/, uh/UH ,/, when/WRB I/PRP was/VBD able/JJ to/TO work/VB in/IN the/DT evenings/NNS ,/, uh/UH ,/, really/RB grew/VBD ./.","their relationship, {F uh, } when I was able to work in the evenings, {F uh, } really grew. /"
b,B,Uh-huh/UH ./.,Uh-huh. /
%,A,"He/PRP ,/, you/PRP know/VBP ,/,","He, {D you know, } - /"
sd,A,"just/RB the/DT time/NN that/WDT they/PRP were/VBD spending/VBG together/RB ,/,","just the time that they were spending together, -/"
b,B,Yeah/UH ./.,Yeah. /
sv,A,"I/PRP think/VBP it/PRP ,/, it/PRP really/RB ,/, it/PRP really/RB helped/VBD to/TO have/VB that/DT time/NN together/RB ./.","I think [ [ it, + it really, ] + it really ] helped to have that time together. /"
aa,B,"Uh-huh/UH ,/,","Uh-huh, /"
sv,B,it/PRP really/RB does/VBZ,it really does /
sv,B,"because/IN I/PRP think/VBP yu-/XX ,/, you/PRP know/VBP ,/, you/PRP grow/VBP closer/JJR ./.","{C because } I think [ yu-, + {D you know, } you ] grow closer. /"
qy,B,"Was/VBD your/PRP$ ,/, uh/UH ,/, was/VBD your/PRP$ husband/NN ,/, I/PRP mean/VBP naturally/RB a/DT child/NN ,/,","[ Was your, + {F uh, } was your ] husband, {E I mean } naturally a child, /"
qy,B,"I/PRP mean/VBP ha/VBD ,/, had/VBD he/PRP been/VBN around/IN children/NNS ,/,","{E I mean } [ ha-, + had ] he been around children, /"
%,B,or/CC .../:,{C or } ... -/
ny,A,"Uh/UH ,/, oh/UH yeah/UH ,/,","{F Uh, } {F oh } yeah, /"
sd,A,"he/PRP has/VBZ ,/, uh/UH ,/, he/PRP has/VBZ seven/CD other/JJ brothers/NNS and/CC sisters/NNS ,/,","[ he has, + {F uh, } he has ] seven other brothers and sisters, /"
b,B,Oh/UH ./.,Oh. /
sd,A,"and/CC they/PRP have/VBP ,/, we/PRP have/VBP thirteen/CD grand/JJ ,/,","{C and } [ they have, + we have ] thirteen grand, - /"
sd,A,well/UH his/PRP$ parents/NNS have/VBP thirteen/CD grandchildren/NNS ./.,{D well } his parents have thirteen grandchildren. /
b,B,Uh-huh/UH ./.,Uh-huh. /
sd,A,"So/RB it/PRP 's/BES ,/, uh/UH ,/, you/PRP know/VBP ,/, there/EX 's/BES a/DT lot/NN of/IN kids/NNS in/IN the/DT family/NN","{C So } [ it's, + {F uh, } {D you know, } there's ] a lot of kids in the family /"
sd,A,"and/CC ,/, and/CC he/PRP really/RB enjoys/VBZ it/PRP ./.","[ {C and, } + {C and } ] he really enjoys it. /"
b,B,"Yeah/UH ,/,","Yeah, /"
b,B,yeah/UH ./.,yeah. /
sd,A,"But/CC ,/, uh/UH ,/, right/RB now/RB it/PRP 's/BES kind/RB of/RB a/DT difficult/JJ time/NN ,/,","{C But, } {F uh, } right now it's kind of a difficult time, /"
%,A,but/CC .../:,{C but } ... -/
b,B,Yeah/UH ./.,Yeah. /
sv,A,"And/CC ,/, and/CC the/DT cost/NN of/IN living/NN here/RB is/VBZ just/RB so/RB tremendously/RB ,/, you/PRP know/VBP ,/, outrageous/JJ ./.","[ {C And, } + {C and } ] the cost of living here is just so tremendously, {D you know, } outrageous <laughter>. /"
b,B,"Yeah/UH ,/,","Yeah, /"
b,B,yeah/UH ./.,yeah. /
sv,A,"Um/UH ,/, it/PRP 's/BES difficult/JJ ,/, uh/UH ,/, to/TO do/VB it/PRP any/DT other/JJ way/NN ./.","{F Um, } it's difficult, {F uh, } to do it any other way. /"
b,B,"Yeah/UH ,/,","Yeah, /"
sd,B,I/PRP understand/VBP ./.,I understand. /
b,A,Yeah/UH ./.,Yeah. /
%,B,"I/PRP 'm/VBP ,/, I/PRP ,/, you/PRP know/VBP","[ I'm, + I, ] {D you know } - /"
sv,B,"it/PRP 's/BES ,/, it/PRP 's/BES hard/JJ because/IN ,/, you/PRP know/VBP ,/,","[ it's, + it's ] hard because, {D you know, } - /"
bf,B,"then/RB you/PRP 're/VBP not/RB getting/VBG to/TO spend/VB as/RB much/JJ time/NN with/IN ,/, at/IN home/NN ,/,","then you're not getting to spend as much time [ with, + at ] home, /"
bf,B,I/PRP mean/VBP your/PRP$ husband/NN is/VBZ not/RB getting/VBG to/TO spend/VB as/RB much/JJ time/NN at/IN home/NN as/IN he/PRP 'd/MD want/VB to/TO ./.,{E I mean } your husband is not getting to spend as much time at home as he'd want to. /
aa,A,That/DT 's/BES right/JJ ./.,That's right. /
b,B,"So/RB ,/, yeah/UH ,/,","{D So, } yeah, /"
sv,B,"that/DT that/DT 's/BES a/DT tough/JJ situation/NN ,/,","[ that + that's ] a tough situation, /"
%,B,"but/CC then/RB ,/, then/RB again/RB ,/, you/PRP know/VBP ,/, some/DT ,/,","{C but } [ then, + then ] again, {D you know, } some, - /"
sv,B,"you/PRP got/VBD to/TO do/VB what/WP you/PRP got/VBD to/TO do/VB ,/,","you got to do what you got to do,"
b,A,Yeah/UH ./.,Yeah. /
+,B,"you/PRP know/VBP to/TO get/VB along/RB ,/, too/RB ,/,","{D you know } to get along, too, /"
%,B,so/RB ./.,{D so. } -/
b,A,"Yeah/UH ,/,","Yeah, /"
b,A,"yeah/UH ,/,","yeah, /"
sv,A,"at/IN least/JJS ,/, I/PRP ,/, I/PRP just/RB consider/VBP myself/PRP blessed/JJ that/IN I/PRP can/MD stay/VB home/RB ./.","at least, [ I, + I ] just consider myself blessed that I can stay home <laughter>. /"
%,A,"It/PRP ,/, uh/UH ,/,","It, {F uh, } -/"
b,B,"Uh-huh/UH ,/,","Uh-huh, /"
sd,B,"we-/UH ,/, well/UH like/IN I/PRP said/VBD my/PRP$ wife/NN normally/RB feels/VBZ that/DT way/NN ,/,","[ {D we-, } + {D well } ] like I said my wife normally feels that way, /"
sd,B,"there/EX are/VBP days/NNS when/WRB ,/, uh/UH ,/, I/PRP come/VBP home/RB and/CC she/PRP says/VBZ here/RB take/VB these/DT kids/NNS ,/,","there are days when, {F uh, } I come home and she says here take these kids, /"
^q,B,I/PRP 'm/VBP getting/VBG out/RB ./.,I'm getting out. /
ba,A,I/PRP know/VBP ./.,I know <laughter>. /
sd,B,"So/RB she/PRP 's/HVS ,/, she/PRP 's/HVS had/VBN about/RB enough/RB during/IN those/DT days/NNS ,/,","{C So } [ she's, + she's ] had about enough during those days, /"
sv,B,but/CC ./.,[ {C but. } +
ba,A,I/PRP know/VBP ./.,I know. /
+,B,"But/CC ,/, for/IN the/DT most/JJS part/NN ,/, I/PRP ,/, you/PRP know/VBP ,/, I/PRP 've/VBP really/RB feel/VB like/IN that/DT 's/HVS led/VBN ,/,","{C But, } ] for the most part, [ I, + {D you know, } I've ] really feel like that's led, - /"
%,B,"the/DT way/NN that/WDT ,/, you/PRP know/VBP ,/, we-/XX ,/, jus-/XX ,/,","the way that, {D you know, } we-, jus-, - /"
sv,B,"like/IN what/WP you/PRP said/VBD with/IN the/DT cost/NN of/IN living/NN and/CC everything/NN ,/, I/PRP think/VBP a/DT lot/NN of/IN people/NNS ca/MD n't/RB afford/VB to/TO get/VB by/RB on/IN just/RB one/CD salary/NN an/^CC --/:","like what you said with the cost of living and everything, I think a lot of people can't afford to get by on just one salary [ an -- +"
b,A,Yeah/UH ./.,Yeah. /
+,B,--/: and/CC wo/MD n't/RB ./.,-- and ] won't. /
b,A,Yeah/UH ./.,Yeah. /
sv,B,"And/CC so/RB I/PRP think/VBP that/DT 's/HVS le-/XX ,/, tended/VBN to/TO lead/VB to/IN a/DT decline/NN in/IN ,/, in/IN families/NNS and/CC family/NN values/NNS especially/RB ./.","{C And so } I think that's [ le-, + tended to lead ] to a decline [ in, + in ] families and family values especially. /"
aa,A,"Oh/UH yeah/UH ,/,","{F Oh } yeah, /"
sv,A,it/PRP has/VBZ ./.,it has. /
sv,B,"And/CC I/PRP really/RB think/VBP that/IN that/DT 's/BES one/CD of/IN the/DT problems/NNS the/DT nation/NN 's/BES facing/VBG that/DT ,/, you/PRP know/VBP ,/, we/PRP need/VBP to/TO do/VB something/NN about/IN ,/,","{C And } I really think that that's one of the problems the nation's facing that, {D you know, } we need to do something about, /"
sd,B,but/CC I/PRP do/VBP n't/RB know/VB what/WP ./.,{C but } I don't know what. /
aa,A,"I/PRP believe/VBP that/DT too/RB ,/,","I believe that too, /"
sv,A,"and/CC I/PRP think/VBP ,/, uh/UH ,/, the/DT kids/NNS are/VBP where/WRB they/PRP need/VBP to/TO ,/, you/PRP know/VBP ,/,","{C and } I think, {F uh, } the kids are where they need to, {D you know, } -/"
b,B,Yeah/UH ./.,Yeah. /
sv,A,"they/PRP need/VBP to/TO really/RB focus/VB on/IN the/DT children/NNS in/IN the/DT wor-/XX ,/, in/IN this/DT country/NN ./.","they need to really focus on the children [ in the wor-, + in this country. ] /"
b,B,Yeah/UH ./.,Yeah. /
qy,B,"Would/MD ,/, would/MD you/PRP have/VB said/VBN that/IN a/DT couple/NN of/IN years/NNS ago/RB ,/, do/VBP you/PRP think/VB ?/.","[ Would, + would ] you have said that a couple of years ago, do you think? /"
nn,A,"No/UH ,/,","No, /"
sd,A,"I/PRP did/VBD n't/RB ,/, I/PRP did/VBD n't/RB even/RB really/RB think/VB about/IN it/PRP that/RB much/RB ,/, I/PRP mean/VBP ,/, you/PRP know/VBP ,/,","[ I didn't, + I didn't ] even really think about it that much, {E I mean, } {D you know, } /"
b,B,Uh-huh/UH ./.,Uh-huh. /
sd,A,"I/PRP ,/, I/PRP was/VBD aware/JJ ,/, vaguely/RB aware/JJ of/IN it/PRP ,/,","[ I, + I ] was [ aware, + vaguely aware ] of it, /"
sd,A,"but/CC ,/, um/UH ,/, I/PRP did/VBD n't/RB it/PRP was/VBD n't/RB really/RB that/RB important/JJ to/IN me/PRP ,/,","{C but, } {F um, } [ I didn't + it wasn't ] really that important to me, /"
%,A,"and/CC ,/, uh/UH ,/, .../:","{C and, } {F uh, } ... -/"
b,B,"Uh-huh/UH ,/,","Uh-huh, /"
sv,B,it/PRP 's/BES amazing/JJ how/WRB your/PRP$ whole/JJ focus/NN on/IN life/NN changes/NNS after/IN you/PRP 've/VBP had/VBN a/DT child/NN ./.,it's amazing how your whole focus on life changes after you've had a child. /
aa,A,"Oh/UH ,/, it/PRP ,/, it/PRP really/RB does/VBZ ,/,","{F Oh, } [ it, + it ] really does, /"
%,A,"I/PRP ,/,","I, - /"
%,A,"just/RB the/DT whole/JJ ,/, uh/UH ,/, you/PRP know/VBP ,/,","just the whole, {F uh, } {D you know, } - /"
bf,A,"seeing/VBG how/WRB you/PRP really/RB are/VBP cre-/XX ,/, are/VBP ,/, are/VBP forming/VBG this/DT ,/,","seeing how you really [ are cre-, + [ are, + are ] forming ] [ this, +"
aa,B,Uh-huh/UH ./.,Uh-huh. /
+,A,"you/PRP know/VBP ,/, the/DT mind/NN ./.","{D you know, } the ] mind <laughter>. /"
sd,B,"Well/UH ,/, you/PRP know/VBP ,/, in/IN the/DT next/JJ year/NN or/CC so/RB ,/, you/PRP 'll/MD see/VB so/RB many/JJ instances/NNS where/WRB ,/, you/PRP know/VBP ,/, he/PRP 'll/MD mimic/VB something/NN that/WDT you/PRP 've/VBP done/VBN ,/,","{D Well, } {D you know, } in the next year or so, you'll see so many instances where, {D you know, } he'll mimic something that you've done, /"
sv,B,"and/CC you/PRP see/VBP ,/, you/PRP know/VBP ,/, everything/NN I/PRP 'm/VBP doing/VBG ,/, he/PRP 's/BES learning/VBG from/IN ./.","{C and } {D you see, } {D you know, } everything I'm doing, he's learning from. /"
aa,A,That/DT 's/BES right/JJ ./.,That's right. /
sd,B,"And/CC ,/, and/CC ,/, you/PRP think/VBP ,/, if/IN I/PRP was/VBD n't/RB here/RB he/PRP 'd/MD be/VB learning/VBG that/DT from/IN a/DT baby-sitter/NN or/CC from/IN a/DT day/NN care/NN ./.","[ {C And, } + {C and, } ] you think, if I wasn't here he'd be learning that from a baby-sitter or from a day care. /"
b,A,Yeah/UH ./.,Yeah. /
sv,B,"You/PRP know/VBP ,/, th-/DT ,/, that/DT 's/BES how/WRB they/PRP 're/VBP developing/VBG their/PRP$ patterns/NNS ./.","{D You know, } [ th-, + that's ] how they're developing their patterns. /"
sv,B,"And/CC I/PRP think/VBP a/DT lot/NN of/IN people/NNS either/RB ,/, do/VBP n't/RB care/VB ,/, or/CC do/VBP n't/RB realize/VB it/PRP ,/, you/PRP know/VBP ./.","{C And } I think a lot of people either, don't care, or don't realize it, {D you know. } /"
%,B,"That/DT 's/BES ,/,","That's, -/"
^2,A,"Or/CC ,/, or/CC they/PRP just/RB put/VBP it/PRP in/IN the/DT back/NN of/IN their/PRP$ mind/NN and/CC let/VBP it/PRP slide/VB ./.","[ {C Or, } + {C or } ] they just put it in the back of their mind and let it slide. /"
aa,B,Yeah/UH ./.,Yeah. /
sd,A,"I/PRP ,/, I/PRP 've/VBP seen/VBN a/DT lot/NN of/IN people/NNS just/RB say/VBP well/UH ,/, you/PRP know/VBP ,/, he/PRP 'll/MD learn/VB everything/NN when/WRB he/PRP gets/VBZ into/IN ,/,","[ I, + I've ] seen a lot of people just say {D well, } {D you know, } he'll learn everything when he gets into,"
b,B,Yeah/UH,Yeah /
^2,B,eventually/RB ./.,eventually. /
+,A,"uh/UH ,/, you/PRP know/VBP ,/,","{F uh, } {D you know, } -/"
aa,B,"Yeah/UH ,/,","Yeah, /"
sv,B,it/PRP 's/BES true/JJ ./.,it's true. /
%,A,"but/IN it/PRP ,/, um/UH ,/,","{C but } it, {F um, } - /"
sd,A,"I/PRP ,/, I/PRP know/VBP ,/,","[ I, + I ] know, /"
sd,A,"even/RB just/RB this/DT first/JJ year/NN ,/, that/WDT I/PRP 've/VBP been/VBN with/IN ,/, uh/UH ,/, my/PRP$ son/NN ,/, h-/RB ,/, here/RB ,/, um/UH ,/, he/PRP 's/BES ,/,","even just this first year, that I've been with, {F uh, } my son, [ h-, + here, ] {F um, } he's, - /"
sd,A,"I/PRP can/MD just/RB see/VB how/WRB much/JJ ,/,","I can just see how much,"
b,B,"Uh-huh/UH ,/,","Uh-huh, /"
+,A,"of/IN ,/, of/IN a/DT difference/NN it/PRP makes/VBZ staying/VBG home/NN with/IN him/PRP ,/,","[ of, + of ] a difference it makes staying home with him,"
b,B,Yeah/UH ./.,Yeah. /
+,A,"instead/IN of/IN ,/, uh/UH ,/, MUMBLEx/XX ,/,","instead of, {F uh, } (( )), -/"
b,B,"Yeah/UH ,/,","Yeah, /"
sv,B,"plus/CC ,/, plus/CC I/PRP think/VBP it/PRP becomes/VBZ part/NN of/IN y-/PRP ,/, part/NN of/IN you/PRP too/RB ,/,","[ plus, + plus ] I think it becomes [ part of y-, + part of you ] too, /"
sd,B,"I/PRP mean/VBP ,/, you/PRP get/VBP to/TO stay/VB home/RB ,/,","{E I mean, } you get to stay home, /"
sv,B,"I/PRP mean/VBP it/PRP 's/BES not/RB just/RB for/IN him/PRP ,/,","{E I mean } it's not just for him, /"
sv,B,"but/CC it/PRP 's/BES also/RB for/IN you/PRP ,/, because/IN you/PRP 're/VBP both/DT kind/RB of/RB bonding/VBG together/RB there/RB too/RB ,/, I/PRP think/VBP ,/,","{C but } it's also for you, because you're both kind of bonding together there too, I think, /"
%,B,so/RB ./.,{D so. } -/
aa,A,"Yeah/UH ,/,","Yeah, /"
sv,A,that/DT 's/BES true/JJ ./.,that's true. /
fc,B,Well/UH it/PRP 's/HVS been/VBN nice/JJ talking/VBG to/IN you/PRP ./.,{D Well } it's been nice talking to you. /
fc,A,"Well/UH it/PRP 's/BES nice/JJ talking/VBG to/IN you/PRP ,/, too/RB ./.","{D Well } it's nice talking to you, too. /"
fc,B,Okay/UH,Okay /
fc,B,good/JJ luck/NN ./.,good luck. /
fc,A,Okay/UH ./.,Okay. /
fc,B,"Okay/UH ,/,","Okay, /"
fc,B,good-bye/UH ./.,good-bye. /
